{"camera_movement_sequences": [[56470, 56490], [61760, 61845], [61930, 62025], [64735, 64785], [73010, 73030], [80470, 80515], [102750, 102785]], "foi_count_frames": 13885, "foi_count_seconds": 231.41666666666666, "foi_pct": 0.12842093580340544, "foi_sequences": [[12860, 13420], [13760, 14190], [43905, 44490], [51390, 51490], [54890, 56495], [61460, 62030], [64580, 64790], [72730, 73255], [80145, 80600], [85165, 86170], [87000, 87380], [93590, 94380], [96765, 97420], [98815, 99380], [99645, 104515], [107540, 108120]], "representative_frames": [5, 12860, 13420, 13760, 14190, 43905, 44490, 51390, 51490, 54890, 54985, 55015, 55045, 55345, 55410, 55450, 55630, 55820, 56215, 56250, 56275, 56290, 56340, 56390, 56495, 61460, 61690, 61765, 61790, 61810, 61825, 61840, 61860, 61875, 61965, 61980, 62030, 64580, 64715, 64730, 64745, 64755, 64790, 72730, 72815, 73020, 73070, 73090, 73255, 80145, 80440, 80525, 80545, 80600, 85165, 85255, 85340, 86170, 87000, 87380, 93590, 93655, 93695, 93720, 93990, 94380, 96765, 97420, 98815, 99235, 99300, 99380, 99645, 99920, 100185, 100220, 100270, 100555, 100630, 100690, 100940, 101145, 101305, 101550, 101590, 101855, 101915, 101985, 102135, 102420, 102520, 102550, 102625, 102680, 102730, 102770, 102800, 102960, 103015, 103220, 103365, 103425, 103495, 103570, 103600, 103625, 103675, 103720, 104515, 107540, 107650, 107675, 107695, 107725, 107865, 107890, 107910, 107960, 108120], "representative_frames_count": 119, "static_frames": [5, 54985, 55015, 55045, 55345, 55410, 55450, 55630, 55820, 56215, 56250, 56275, 56290, 56340, 56390, 61690, 61765, 61790, 61810, 61825, 61840, 61860, 61875, 61965, 61980, 64715, 64730, 64745, 64755, 72815, 73020, 73070, 73090, 80440, 80525, 80545, 85255, 85340, 93655, 93695, 93720, 93990, 99235, 99300, 99920, 100185, 100220, 100270, 100555, 100630, 100690, 100940, 101145, 101305, 101550, 101590, 101855, 101915, 101985, 102135, 102420, 102520, 102550, 102625, 102680, 102730, 102770, 102800, 102960, 103015, 103220, 103365, 103425, 103495, 103570, 103600, 103625, 103675, 103720, 107650, 107675, 107695, 107725, 107865, 107890, 107910, 107960], "static_frames_count": 87}