{"camera_movement_sequences": [], "foi_count_frames": 935, "foi_count_seconds": 15.583333333333334, "foi_pct": 0.004613160582393022, "foi_sequences": [[8165, 8525], [59400, 59735], [124030, 124270]], "representative_frames": [5, 8165, 8525, 59400, 59735, 124030, 124270], "representative_frames_count": 7, "static_frames": [5], "static_frames_count": 1}