{"camera_movement_sequences": [[39230, 39240], [40920, 40945], [41280, 41290], [48335, 48340], [50720, 50730], [51615, 51620], [51805, 51815], [52115, 52145], [52735, 52745], [52780, 52800], [52865, 52875], [53365, 53375], [53510, 53540]], "foi_count_frames": 29765, "foi_count_seconds": 992.16667, "foi_pct": 0.55057, "foi_sequences": [[5, 65], [3650, 3890], [3975, 4240], [7500, 7675], [7725, 8035], [8460, 9005], [10075, 10295], [10400, 10595], [10985, 11275], [11570, 11870], [14755, 15360], [15815, 16185], [16375, 16695], [20085, 20255], [20740, 20960], [21080, 21280], [21440, 21815], [22425, 23185], [23815, 23925], [24110, 24305], [24345, 24440], [24930, 25365], [25415, 25535], [26420, 26625], [27915, 29075], [29480, 31040], [32690, 42710], [43005, 43010], [43100, 47065], [47100, 53040], [53210, 53255], [53300, 53590]], "representative_frames": [5, 65, 3650, 3890, 3975, 4240, 7500, 7675, 7725, 8035, 8460, 9005, 10075, 10295, 10400, 10430, 10435, 10445, 10475, 10575, 10595, 10985, 11275, 11570, 11870, 14755, 15360, 15815, 16185, 16375, 16695, 20085, 20255, 20740, 20960, 21080, 21280, 21440, 21815, 22425, 23185, 23815, 23925, 24110, 24305, 24345, 24440, 24930, 25365, 25415, 25535, 26420, 26625, 27915, 29075, 29480, 31040, 32690, 33600, 33615, 33765, 33785, 33795, 33805, 33820, 33950, 34005, 34025, 34050, 34075, 34110, 34135, 34155, 34175, 34195, 34230, 34265, 34310, 34355, 34385, 34475, 34510, 34595, 34660, 34890, 34975, 35035, 35865, 36105, 38220, 38235, 38280, 38350, 38510, 38545, 38575, 38585, 38740, 38865, 38915, 39020, 39825, 42710, 43005, 43010, 43100, 47065, 47100, 47795, 48785, 52015, 52025, 52260, 52755, 53040, 53210, 53255, 53300, 53590], "representative_frames_count": 119, "static_frames": [5, 10430, 10435, 10445, 10475, 10575, 33600, 33615, 33765, 33785, 33795, 33805, 33820, 33950, 34005, 34025, 34050, 34075, 34110, 34135, 34155, 34175, 34195, 34230, 34265, 34310, 34355, 34385, 34475, 34510, 34595, 34660, 34890, 34975, 35035, 35865, 36105, 38220, 38235, 38280, 38350, 38510, 38545, 38575, 38585, 38740, 38865, 38915, 39020, 39825, 47795, 48785, 52015, 52025, 52260, 52755], "static_frames_count": 56}