{"camera_movement_sequences": [[3565, 3575], [7760, 7765], [22360, 22415], [23055, 23085], [23300, 23305], [23360, 23420], [23470, 23480], [23810, 23825], [25370, 25380], [34740, 34745], [46475, 46485], [50860, 50900], [52135, 52140]], "foi_count_frames": 23885, "foi_count_seconds": 796.16667, "foi_pct": 0.44182, "foi_sequences": [[1035, 1230], [1355, 1675], [2230, 2265], [2405, 2600], [3360, 3630], [5605, 6645], [6720, 6730], [6775, 6785], [6930, 6990], [7150, 7475], [7545, 7795], [9245, 9265], [10145, 10360], [11715, 12040], [12235, 13515], [13775, 13845], [14030, 14455], [15850, 16935], [17540, 18015], [18055, 18520], [19400, 19690], [19965, 20015], [20460, 20975], [22275, 26365], [26925, 26975], [27230, 27305], [27720, 28110], [28470, 28760], [28965, 29315], [29570, 29835], [29885, 31095], [32030, 32270], [32595, 32915], [33665, 34000], [34055, 34280], [34365, 34800], [34855, 35050], [35365, 35680], [38145, 39725], [39845, 39860], [40290, 40380], [40635, 42100], [42335, 42645], [42710, 42815], [42930, 43150], [43765, 43945], [44265, 44280], [44375, 44765], [45390, 45975], [46015, 46570], [48665, 48715], [48805, 48815], [48945, 49120], [50805, 51115], [51410, 51650], [51990, 52255], [52605, 53220]], "representative_frames": [5, 1035, 1230, 1355, 1675, 2230, 2265, 2405, 2600, 3360, 3630, 5605, 5860, 6280, 6645, 6720, 6730, 6775, 6785, 6930, 6990, 7150, 7475, 7545, 7770, 7795, 9245, 9265, 10145, 10360, 11715, 12040, 12235, 13515, 13775, 13845, 14030, 14395, 14420, 14455, 15850, 16030, 16050, 16060, 16075, 16105, 16220, 16265, 16320, 16360, 16370, 16385, 16405, 16435, 16495, 16700, 16730, 16740, 16755, 16765, 16775, 16880, 16895, 16915, 16935, 17540, 17765, 17865, 17885, 17970, 18015, 18055, 18125, 18140, 18165, 18520, 19400, 19690, 19965, 20015, 20460, 20975, 22275, 22335, 22340, 22345, 22350, 22375, 22635, 22655, 22760, 22790, 22820, 22830, 22870, 22955, 23050, 23065, 23110, 23170, 23325, 23375, 23395, 23405, 23430, 23475, 23495, 23520, 23565, 23775, 23785, 23795, 23820, 23995, 24095, 24140, 24290, 24315, 24375, 24420, 24480, 24510, 24600, 24605, 24615, 24625, 24795, 24830, 24855, 24930, 24955, 24980, 25010, 25060, 25115, 25150, 25170, 25185, 25200, 25255, 25355, 25375, 25550, 26365, 26925, 26975, 27230, 27255, 27260, 27265, 27275, 27305, 27720, 27875, 27885, 27905, 27955, 27975, 27990, 28005, 28110, 28470, 28515, 28645, 28710, 28760, 28965, 29155, 29245, 29275, 29290, 29315, 29570, 29835, 29885, 29930, 29940, 29955, 29985, 30010, 30030, 30205, 30225, 30240, 30595, 30625, 30635, 30745, 30780, 30805, 30845, 31095, 32030, 32050, 32270, 32595, 32915, 33665, 34000, 34055, 34280, 34365, 34770, 34775, 34800, 34855, 34900, 35050, 35365, 35680, 38145, 38195, 39090, 39725, 39845, 39860, 40290, 40380, 40635, 40820, 40830, 40890, 40925, 40940, 40965, 41170, 41330, 41350, 41375, 41720, 42100, 42335, 42645, 42710, 42815, 42930, 43150, 43765, 43945, 44265, 44280, 44375, 44765, 45390, 45975, 46015, 46490, 46500, 46515, 46525, 46545, 46570, 48665, 48715, 48805, 48815, 48945, 49120, 50805, 50840, 50865, 51115, 51410, 51650, 51990, 52255, 52605, 52715, 52735, 52760, 53220], "representative_frames_count": 271, "static_frames": [5, 5860, 6280, 7770, 14395, 14420, 16030, 16050, 16060, 16075, 16105, 16220, 16265, 16320, 16360, 16370, 16385, 16405, 16435, 16495, 16700, 16730, 16740, 16755, 16765, 16775, 16880, 16895, 16915, 17765, 17865, 17885, 17970, 18125, 18140, 18165, 22335, 22340, 22345, 22350, 22375, 22635, 22655, 22760, 22790, 22820, 22830, 22870, 22955, 23050, 23065, 23110, 23170, 23325, 23375, 23395, 23405, 23430, 23475, 23495, 23520, 23565, 23775, 23785, 23795, 23820, 23995, 24095, 24140, 24290, 24315, 24375, 24420, 24480, 24510, 24600, 24605, 24615, 24625, 24795, 24830, 24855, 24930, 24955, 24980, 25010, 25060, 25115, 25150, 25170, 25185, 25200, 25255, 25355, 25375, 25550, 27255, 27260, 27265, 27275, 27875, 27885, 27905, 27955, 27975, 27990, 28005, 28515, 28645, 28710, 29155, 29245, 29275, 29290, 29930, 29940, 29955, 29985, 30010, 30030, 30205, 30225, 30240, 30595, 30625, 30635, 30745, 30780, 30805, 30845, 32050, 34770, 34775, 34900, 38195, 39090, 40820, 40830, 40890, 40925, 40940, 40965, 41170, 41330, 41350, 41375, 41720, 46490, 46500, 46515, 46525, 46545, 50840, 50865, 52715, 52735, 52760], "static_frames_count": 157}