{"camera_movement_sequences": [], "foi_count_frames": 490, "foi_count_seconds": 16.33333, "foi_pct": 0.00484, "foi_sequences": [[4080, 4265], [29700, 29875], [62015, 62145]], "representative_frames": [5, 4080, 4265, 29700, 29875, 62015, 62145], "representative_frames_count": 7, "static_frames": [5], "static_frames_count": 1}