{"camera_movement_sequences": [[41480, 41490], [79835, 79905], [79975, 80000], [99190, 99250], [100735, 100755]], "foi_count_frames": 22730, "foi_count_seconds": 378.8333333333333, "foi_pct": 0.2102274303789273, "foi_sequences": [[16785, 20250], [33070, 34090], [34930, 35375], [35530, 36020], [38720, 39090], [39250, 39320], [39440, 41100], [41170, 41940], [42310, 42610], [42730, 43580], [44350, 44730], [44840, 45090], [45370, 45990], [46135, 46400], [49570, 49795], [53830, 54475], [67540, 68300], [72090, 72630], [72790, 72970], [73050, 73245], [73355, 73985], [79040, 79235], [79370, 80005], [81330, 81915], [91395, 92345], [95805, 95885], [95995, 96135], [96330, 96630], [96825, 99870], [100720, 100940], [101645, 102955], [103615, 104335], [105080, 105500]], "representative_frames": [5, 16785, 17960, 18070, 18665, 18915, 18965, 20250, 33070, 34090, 34930, 35050, 35145, 35285, 35320, 35375, 35530, 36020, 38720, 38880, 39090, 39250, 39320, 39440, 41100, 41170, 41300, 41375, 41405, 41455, 41575, 41620, 41670, 41710, 41940, 42310, 42610, 42730, 43090, 43580, 44350, 44430, 44445, 44580, 44730, 44840, 45090, 45370, 45990, 46135, 46340, 46400, 49570, 49795, 53830, 54475, 67540, 67590, 67620, 67655, 67860, 67930, 68300, 72090, 72630, 72790, 72970, 73050, 73185, 73245, 73355, 73405, 73930, 73960, 73985, 79040, 79235, 79370, 80005, 81330, 81840, 81870, 81915, 91395, 92345, 95805, 95885, 95995, 96135, 96330, 96630, 96825, 99230, 99245, 99870, 100720, 100820, 100940, 101645, 101765, 101810, 101845, 101965, 102115, 102440, 102955, 103615, 103705, 103720, 103755, 104335, 105080, 105120, 105130, 105160, 105500], "representative_frames_count": 116, "static_frames": [5, 17960, 18070, 18665, 18915, 18965, 35050, 35145, 35285, 35320, 38880, 41300, 41375, 41405, 41455, 41575, 41620, 41670, 41710, 43090, 44430, 44445, 44580, 46340, 67590, 67620, 67655, 67860, 67930, 73185, 73405, 73930, 73960, 81840, 81870, 99230, 99245, 100820, 101765, 101810, 101845, 101965, 102115, 102440, 103705, 103720, 103755, 105120, 105130, 105160], "static_frames_count": 50}