{"camera_movement_sequences": [[2035, 2080], [4825, 4855], [5220, 5235], [7390, 7395], [36095, 36120]], "foi_count_frames": 9110, "foi_count_seconds": 303.66667, "foi_pct": 0.16851, "foi_sequences": [[1335, 1495], [1545, 1695], [1845, 2110], [4805, 4910], [5035, 5390], [6555, 6890], [7350, 7715], [16470, 16730], [20145, 20390], [20510, 21055], [21120, 21440], [21595, 21710], [21860, 21950], [22430, 22640], [24360, 24635], [24710, 25155], [25265, 25800], [25860, 25875], [26090, 26195], [26230, 26240], [27965, 28075], [28875, 29000], [29250, 29275], [29320, 29360], [29500, 29550], [29750, 29960], [30090, 30425], [30635, 30665], [31035, 31315], [31355, 31425], [31460, 31470], [31505, 31535], [31615, 32295], [33850, 34880], [36085, 36265], [43235, 44235]], "representative_frames": [5, 1335, 1495, 1545, 1695, 1845, 2110, 4805, 4910, 5035, 5390, 6555, 6890, 7350, 7715, 16470, 16730, 20145, 20330, 20340, 20390, 20510, 20605, 20610, 20620, 20630, 20645, 20805, 21055, 21120, 21440, 21595, 21710, 21860, 21950, 22430, 22640, 24360, 24635, 24710, 25155, 25265, 25755, 25770, 25800, 25860, 25875, 26090, 26195, 26230, 26240, 27965, 28075, 28875, 29000, 29250, 29275, 29320, 29360, 29500, 29550, 29750, 29960, 30090, 30425, 30635, 30665, 31035, 31315, 31355, 31425, 31460, 31470, 31505, 31535, 31615, 31825, 32295, 33850, 33875, 33890, 34115, 34155, 34880, 36085, 36265, 43235, 43335, 43365, 44235], "representative_frames_count": 90, "static_frames": [5, 20330, 20340, 20605, 20610, 20620, 20630, 20645, 20805, 25755, 25770, 31825, 33875, 33890, 34115, 34155, 43335, 43365], "static_frames_count": 18}