{"camera_movement_sequences": [], "foi_count_frames": 22025, "foi_count_seconds": 734.16667, "foi_pct": 0.40763, "foi_sequences": [[495, 660], [770, 980], [3145, 3385], [3785, 4395], [5180, 5315], [5570, 6855], [9045, 9575], [9675, 9980], [10045, 10085], [10215, 10245], [14930, 14990], [15210, 15235], [15275, 16940], [17090, 17360], [17415, 20370], [20405, 21480], [21535, 21605], [21645, 21655], [21695, 21770], [21835, 22875], [22910, 22920], [22955, 23370], [23660, 24515], [26130, 26135], [26290, 26295], [26955, 26960], [27140, 27145], [29665, 29930], [30000, 31210], [31250, 31625], [31665, 31910], [31950, 32405], [32445, 32535], [32570, 33640], [33675, 34765], [34835, 34925], [35205, 36410], [36500, 36570], [36685, 37030], [37075, 38630], [38665, 38675], [40375, 40540], [40805, 41620], [47355, 48230]], "representative_frames": [5, 495, 660, 770, 980, 3145, 3385, 3785, 4395, 5180, 5315, 5570, 5600, 5610, 5655, 5765, 6855, 9045, 9575, 9675, 9980, 10045, 10085, 10215, 10245, 14930, 14990, 15210, 15235, 15275, 16045, 16050, 16940, 17090, 17360, 17415, 20370, 20405, 21480, 21535, 21605, 21645, 21655, 21695, 21770, 21835, 22875, 22910, 22920, 22955, 23370, 23660, 24515, 26130, 26135, 26290, 26295, 26955, 26960, 27140, 27145, 29665, 29930, 30000, 31210, 31250, 31625, 31665, 31860, 31910, 31950, 32405, 32445, 32535, 32570, 33640, 33675, 34765, 34835, 34925, 35205, 35400, 35450, 35470, 36410, 36500, 36570, 36685, 36980, 37030, 37075, 38630, 38665, 38675, 40375, 40540, 40805, 41200, 41210, 41225, 41375, 41620, 47355, 48230], "representative_frames_count": 104, "static_frames": [5, 5600, 5610, 5655, 5765, 16045, 16050, 31860, 35400, 35450, 35470, 36980, 41200, 41210, 41225, 41375], "static_frames_count": 16}