{"camera_movement_sequences": [[16255, 16270], [37855, 37880], [55820, 55855]], "foi_count_frames": 21475, "foi_count_seconds": 357.9166666666667, "foi_pct": 0.19862006455730155, "foi_sequences": [[70, 1050], [9250, 9330], [9405, 9450], [9570, 9980], [10080, 10185], [10270, 12645], [12980, 14790], [14960, 15130], [15330, 15475], [15660, 15900], [16030, 16275], [19915, 20090], [24440, 24980], [25290, 25410], [31485, 31870], [37485, 37545], [37630, 39620], [40535, 41325], [41925, 42790], [43235, 43930], [44290, 44310], [44455, 44660], [44770, 45450], [45535, 45550], [45765, 45850], [46030, 46150], [46375, 46905], [55185, 56455], [62055, 64580], [66420, 66810], [78610, 79110], [86350, 88100], [88725, 89070], [102910, 103440], [104535, 104820]], "representative_frames": [5, 70, 580, 630, 690, 1050, 9250, 9330, 9405, 9450, 9570, 9980, 10080, 10185, 10270, 10340, 10390, 10450, 10980, 11475, 12645, 12980, 13115, 13550, 13645, 14010, 14265, 14320, 14420, 14515, 14790, 14960, 15130, 15330, 15475, 15660, 15735, 15900, 16030, 16275, 19915, 20020, 20090, 24440, 24740, 24980, 25290, 25410, 31485, 31535, 31870, 37485, 37545, 37630, 37695, 37845, 37870, 38265, 38560, 38635, 38685, 38770, 38870, 38890, 38920, 38940, 38975, 39005, 39100, 39130, 39240, 39620, 40535, 40805, 40880, 41120, 41185, 41325, 41925, 42340, 42385, 42420, 42445, 42475, 42500, 42675, 42790, 43235, 43930, 44290, 44310, 44455, 44660, 44770, 45175, 45210, 45280, 45370, 45450, 45535, 45550, 45765, 45850, 46030, 46150, 46375, 46905, 55185, 55610, 55665, 55695, 55810, 55870, 56455, 62055, 62090, 62680, 62725, 62840, 63135, 63150, 63230, 63245, 63300, 63330, 63360, 63390, 63835, 63930, 64020, 64580, 66420, 66810, 78610, 78840, 79110, 86350, 88100, 88725, 89070, 102910, 103440, 104535, 104820], "representative_frames_count": 144, "static_frames": [5, 580, 630, 690, 10340, 10390, 10450, 10980, 11475, 13115, 13550, 13645, 14010, 14265, 14320, 14420, 14515, 15735, 20020, 24740, 31535, 37695, 37845, 37870, 38265, 38560, 38635, 38685, 38770, 38870, 38890, 38920, 38940, 38975, 39005, 39100, 39130, 39240, 40805, 40880, 41120, 41185, 42340, 42385, 42420, 42445, 42475, 42500, 42675, 45175, 45210, 45280, 45370, 55610, 55665, 55695, 55810, 55870, 62090, 62680, 62725, 62840, 63135, 63150, 63230, 63245, 63300, 63330, 63360, 63390, 63835, 63930, 64020, 78840], "static_frames_count": 74}