{"camera_movement_sequences": [[5750, 5755], [6865, 6870], [7110, 7120], [8120, 8140], [19430, 19505]], "foi_count_frames": 11345, "foi_count_seconds": 378.16667, "foi_pct": 0.20985, "foi_sequences": [[35, 530], [4625, 5095], [5140, 6325], [6495, 7410], [7480, 7570], [7670, 7745], [7830, 7960], [8015, 8145], [9960, 10050], [12225, 12500], [12645, 12710], [15745, 15935], [18745, 18780], [18815, 19820], [20270, 20665], [20960, 21395], [21620, 22055], [22105, 22165], [22220, 22335], [22380, 22800], [22875, 22930], [22965, 22970], [23010, 23075], [23190, 23455], [27555, 28230], [31030, 32300], [33210, 33415], [39305, 39560], [43175, 44060], [44160, 44175], [44215, 44245], [44365, 44555], [51450, 51725], [52270, 52415]], "representative_frames": [5, 35, 530, 4625, 5095, 5140, 5745, 6325, 6495, 6580, 6800, 7005, 7095, 7135, 7160, 7210, 7260, 7285, 7410, 7480, 7570, 7670, 7745, 7830, 7850, 7960, 8015, 8145, 9960, 10050, 12225, 12500, 12645, 12710, 15745, 15795, 15935, 18745, 18780, 18815, 18865, 18885, 18905, 19295, 19345, 19390, 19435, 19445, 19480, 19495, 19550, 19575, 19620, 19820, 20270, 20410, 20445, 20565, 20590, 20615, 20665, 20960, 21140, 21180, 21205, 21225, 21240, 21270, 21310, 21330, 21395, 21620, 21685, 22055, 22105, 22165, 22220, 22335, 22380, 22635, 22800, 22875, 22930, 22965, 22970, 23010, 23075, 23190, 23310, 23335, 23455, 27555, 27780, 27800, 27860, 27945, 27970, 28160, 28230, 31030, 31310, 31325, 31335, 31435, 31470, 31620, 31635, 31655, 31675, 31750, 31895, 31975, 32025, 32300, 33210, 33415, 39305, 39435, 39560, 43175, 44060, 44160, 44175, 44215, 44245, 44365, 44555, 51450, 51725, 52270, 52415], "representative_frames_count": 131, "static_frames": [5, 5745, 6580, 6800, 7005, 7095, 7135, 7160, 7210, 7260, 7285, 7850, 15795, 18865, 18885, 18905, 19295, 19345, 19390, 19435, 19445, 19480, 19495, 19550, 19575, 19620, 20410, 20445, 20565, 20590, 20615, 21140, 21180, 21205, 21225, 21240, 21270, 21310, 21330, 21685, 22635, 23310, 23335, 27780, 27800, 27860, 27945, 27970, 28160, 31310, 31325, 31335, 31435, 31470, 31620, 31635, 31655, 31675, 31750, 31895, 31975, 32025, 39435], "static_frames_count": 63}