{"camera_movement_sequences": [[3285, 3295], [3355, 3370]], "foi_count_frames": 1645, "foi_count_seconds": 54.833333333333336, "foi_pct": 0.030459014572185087, "foi_sequences": [[510, 615], [3290, 3375], [9265, 9425], [19535, 19725], [25950, 26255], [26490, 26500], [26570, 26915], [30185, 30335], [30475, 30490], [30880, 31160]], "representative_frames": [5, 510, 615, 3290, 3375, 9265, 9425, 19535, 19725, 25950, 26255, 26490, 26500, 26570, 26915, 30185, 30335, 30475, 30490, 30880, 31090, 31160], "representative_frames_count": 22, "static_frames": [5, 31090], "static_frames_count": 2}