{"camera_movement_sequences": [[28875, 28915]], "foi_count_frames": 5930, "foi_count_seconds": 197.66667, "foi_pct": 0.05274, "foi_sequences": [[10065, 10255], [16800, 16890], [17015, 17105], [18755, 18830], [20190, 20430], [28040, 29950], [29985, 30200], [30515, 30680], [45485, 45570], [54260, 54450], [54515, 55225], [58805, 58905], [62495, 63300], [66475, 66640], [67390, 67550], [68035, 68580], [86230, 86425]], "representative_frames": [5, 10065, 10255, 16800, 16890, 17015, 17105, 18755, 18830, 20190, 20430, 28040, 29950, 29985, 30200, 30515, 30680, 45485, 45570, 54260, 54450, 54515, 55225, 58805, 58905, 62495, 63300, 66475, 66640, 67390, 67550, 68035, 68580, 86230, 86425], "representative_frames_count": 35, "static_frames": [5], "static_frames_count": 1}