{"camera_movement_sequences": [[3355, 3370]], "foi_count_frames": 1630, "foi_count_seconds": 54.33333, "foi_pct": 0.03018, "foi_sequences": [[510, 615], [3290, 3375], [9265, 9420], [19535, 19710], [25950, 26255], [26490, 26500], [26570, 26915], [30185, 30335], [30470, 30490], [30880, 31160]], "representative_frames": [5, 510, 615, 3290, 3375, 9265, 9420, 19535, 19710, 25950, 26255, 26490, 26500, 26570, 26915, 30185, 30335, 30470, 30490, 30880, 31090, 31160], "representative_frames_count": 22, "static_frames": [5, 31090], "static_frames_count": 2}