{"camera_movement_sequences": [], "foi_count_frames": 2440, "foi_count_seconds": 81.33333333333333, "foi_pct": 0.04520360146726444, "foi_sequences": [[11725, 11900], [12260, 12410], [20215, 20335], [25505, 25615], [26355, 26440], [28080, 28270], [28825, 28935], [31225, 31235], [31685, 31715], [31800, 31805], [31840, 32105], [36345, 36530], [39410, 39500], [45800, 46065], [46250, 46475], [48955, 49070], [52840, 53000], [53605, 53755]], "representative_frames": [5, 11725, 11900, 12260, 12410, 20215, 20335, 25505, 25615, 26355, 26440, 28080, 28270, 28825, 28935, 31225, 31235, 31685, 31715, 31800, 31805, 31840, 32105, 36345, 36530, 39410, 39500, 45800, 46065, 46250, 46475, 48955, 49070, 52840, 53000, 53605, 53755], "representative_frames_count": 37, "static_frames": [5], "static_frames_count": 1}