{"camera_movement_sequences": [], "foi_count_frames": 1235, "foi_count_seconds": 41.16667, "foi_pct": 0.02287, "foi_sequences": [[4980, 5155], [13040, 13045], [19655, 19845], [30475, 30535], [30575, 30590], [35840, 36090], [36785, 37000], [37170, 37190], [52605, 52725], [53355, 53540]], "representative_frames": [5, 4980, 5155, 13040, 13045, 19655, 19845, 30475, 30535, 30575, 30590, 35840, 36090, 36785, 37000, 37170, 37190, 52605, 52725, 53355, 53540], "representative_frames_count": 21, "static_frames": [5], "static_frames_count": 1}