{"camera_movement_sequences": [[24615, 24620], [24655, 24660]], "foi_count_frames": 560, "foi_count_seconds": 18.66667, "foi_pct": 0.01037, "foi_sequences": [[2615, 2645], [8665, 8965], [11615, 11665], [12140, 12175], [12525, 12670]], "representative_frames": [5, 2615, 2645, 8665, 8965, 11615, 11665, 12140, 12175, 12525, 12670], "representative_frames_count": 11, "static_frames": [5], "static_frames_count": 1}