{"camera_movement_sequences": [[24615, 24620], [24655, 24660]], "foi_count_frames": 535, "foi_count_seconds": 17.833333333333332, "foi_pct": 0.009906123280315515, "foi_sequences": [[2615, 2645], [8665, 8960], [11615, 11650], [12140, 12175], [12530, 12670]], "representative_frames": [5, 2615, 2645, 8665, 8960, 11615, 11650, 12140, 12175, 12530, 12670], "representative_frames_count": 11, "static_frames": [5], "static_frames_count": 1}