{"camera_movement_sequences": [], "foi_count_frames": 5780, "foi_count_seconds": 192.66666666666666, "foi_pct": 0.10702316366396948, "foi_sequences": [[1065, 1275], [2460, 2465], [9385, 9495], [10620, 10670], [15050, 15330], [15490, 16970], [17735, 17900], [18895, 18930], [22020, 22050], [23740, 24255], [27605, 27750], [28210, 28390], [28650, 28785], [29555, 29705], [31750, 31905], [34260, 34410], [37370, 37650], [37770, 37840], [37920, 38605], [38805, 39340], [39615, 39690], [40900, 41140], [41385, 41485]], "representative_frames": [5, 1065, 1275, 2460, 2465, 9385, 9495, 10620, 10670, 15050, 15330, 15490, 16970, 17735, 17900, 18895, 18930, 22020, 22050, 23740, 24255, 27605, 27750, 28210, 28390, 28650, 28785, 29555, 29705, 31750, 31905, 34260, 34410, 37370, 37650, 37770, 37840, 37920, 38605, 38805, 39340, 39615, 39690, 40900, 41140, 41385, 41485], "representative_frames_count": 47, "static_frames": [5], "static_frames_count": 1}