{"camera_movement_sequences": [], "foi_count_frames": 8645, "foi_count_seconds": 288.16667, "foi_pct": 0.16016, "foi_sequences": [[4355, 4460], [6100, 6255], [6630, 6820], [8375, 8965], [16705, 17080], [21525, 22045], [22765, 22815], [22865, 22895], [22930, 23020], [23185, 23365], [23420, 23490], [28225, 28510], [28950, 29090], [29410, 29710], [30950, 31095], [31415, 31580], [31760, 31835], [31875, 32150], [32215, 32375], [32620, 32785], [35045, 35180], [35215, 35280], [35330, 35350], [35390, 35840], [41155, 41270], [42805, 44220], [44270, 45255], [45740, 45745], [45880, 45910], [46700, 46795], [48085, 48200], [48620, 48720], [49065, 49245], [51195, 51685], [51780, 52160]], "representative_frames": [5, 4355, 4460, 6100, 6255, 6630, 6820, 8375, 8965, 16705, 17080, 21525, 22045, 22765, 22815, 22865, 22895, 22930, 23020, 23185, 23365, 23420, 23490, 28225, 28510, 28950, 29090, 29410, 29710, 30950, 31095, 31415, 31580, 31760, 31835, 31875, 32150, 32215, 32375, 32620, 32785, 35045, 35180, 35215, 35280, 35330, 35350, 35390, 35840, 41155, 41270, 42805, 43190, 44090, 44105, 44220, 44270, 44440, 44820, 45255, 45740, 45745, 45880, 45910, 46700, 46795, 48085, 48200, 48620, 48720, 49065, 49245, 51195, 51685, 51780, 52160], "representative_frames_count": 76, "static_frames": [5, 43190, 44090, 44105, 44440, 44820], "static_frames_count": 6}