{"camera_movement_sequences": [], "foi_count_frames": 1225, "foi_count_seconds": 40.833333333333336, "foi_pct": 0.022682244894180383, "foi_sequences": [[4980, 5155], [13040, 13045], [19655, 19845], [30475, 30535], [30575, 30590], [35840, 36085], [36785, 36995], [37170, 37190], [52605, 52725], [53355, 53540]], "representative_frames": [5, 4980, 5155, 13040, 13045, 19655, 19845, 30475, 30535, 30575, 30590, 35840, 36085, 36785, 36995, 37170, 37190, 52605, 52725, 53355, 53540], "representative_frames_count": 21, "static_frames": [5], "static_frames_count": 1}