{"camera_movement_sequences": [[44680, 44690]], "foi_count_frames": 8695, "foi_count_seconds": 289.8333333333333, "foi_pct": 0.16108414539256735, "foi_sequences": [[4355, 4460], [6095, 6270], [6630, 6820], [8375, 8965], [16705, 17080], [20850, 20865], [21525, 22030], [22765, 22815], [22865, 22880], [22925, 22995], [23190, 23330], [23420, 23490], [28225, 28505], [28950, 29090], [29410, 29710], [30935, 31095], [31415, 31580], [31760, 31835], [31875, 32140], [32215, 32405], [32620, 32795], [33840, 33855], [35045, 35180], [35215, 35355], [35390, 35840], [41155, 41270], [42805, 44220], [44270, 45255], [45740, 45745], [45880, 45910], [46705, 46795], [48085, 48200], [48620, 48720], [49065, 49250], [51195, 51680], [51780, 52160]], "representative_frames": [5, 4355, 4460, 6095, 6270, 6630, 6820, 8375, 8965, 16705, 17080, 20850, 20865, 21525, 22030, 22765, 22815, 22865, 22880, 22925, 22995, 23190, 23330, 23420, 23490, 28225, 28505, 28950, 29090, 29410, 29710, 30935, 31095, 31415, 31580, 31760, 31835, 31875, 32140, 32215, 32405, 32620, 32795, 33840, 33855, 35045, 35180, 35215, 35355, 35390, 35840, 41155, 41270, 42805, 43165, 44105, 44220, 44270, 44440, 44820, 45255, 45740, 45745, 45880, 45910, 46705, 46795, 48085, 48200, 48620, 48720, 49065, 49250, 51195, 51680, 51780, 52160], "representative_frames_count": 77, "static_frames": [5, 43165, 44105, 44440, 44820], "static_frames_count": 5}