{"camera_movement_sequences": [], "foi_count_frames": 9520, "foi_count_seconds": 317.33333, "foi_pct": 0.17627, "foi_sequences": [[1675, 1815], [2045, 2195], [5690, 5885], [9270, 9425], [9605, 9805], [11755, 11965], [17700, 17785], [17985, 18120], [18350, 18835], [18895, 18910], [19070, 19650], [19750, 20030], [20400, 20625], [21220, 21695], [22440, 22685], [23420, 23425], [23465, 23495], [24410, 24545], [25615, 25635], [25675, 25680], [25770, 25845], [26090, 26120], [27600, 27620], [27800, 27955], [28145, 28545], [28620, 29110], [29215, 29225], [29710, 30150], [30215, 30235], [31630, 31795], [32000, 32350], [32850, 32860], [36780, 36785], [38430, 38490], [38645, 39055], [39275, 39295], [39895, 39985], [40050, 40350], [40705, 41945], [42325, 42400], [42505, 42625], [42790, 43135], [43340, 44045], [44240, 44455]], "representative_frames": [5, 1675, 1815, 2045, 2195, 5690, 5885, 9270, 9425, 9605, 9805, 11755, 11965, 17700, 17785, 17985, 18120, 18350, 18835, 18895, 18910, 19070, 19650, 19750, 20030, 20400, 20625, 21220, 21695, 22440, 22685, 23420, 23425, 23465, 23495, 24410, 24545, 25615, 25635, 25675, 25680, 25770, 25845, 26090, 26120, 27600, 27620, 27800, 27955, 28145, 28545, 28620, 29110, 29215, 29225, 29710, 30150, 30215, 30235, 31630, 31795, 32000, 32350, 32850, 32860, 36780, 36785, 38430, 38490, 38645, 39055, 39275, 39295, 39895, 39985, 40050, 40350, 40705, 41945, 42270, 42325, 42400, 42505, 42625, 42790, 43135, 43340, 44045, 44240, 44455], "representative_frames_count": 90, "static_frames": [5, 42270], "static_frames_count": 2}