{"camera_movement_sequences": [[320, 545], [31905, 31940]], "foi_count_frames": 980, "foi_count_seconds": 32.66667, "foi_pct": 0.00747, "foi_sequences": [[5, 325], [415, 425], [525, 550], [31945, 31970], [37885, 37890], [38155, 38165], [40515, 40530], [41110, 41115], [42885, 42930], [49345, 49355], [53590, 53610], [55345, 55365], [55905, 55920], [56110, 56130], [56375, 56380], [58170, 58195], [64100, 64140], [64400, 64430], [64765, 64805], [65175, 65180], [65530, 65580], [65625, 65680], [66745, 66750], [68505, 68510], [77590, 77625], [77760, 77790], [78660, 78695], [80475, 80525], [80605, 80640]], "representative_frames": [5, 25, 70, 130, 185, 210, 240, 280, 310, 325, 425, 525, 550, 31945, 31970, 37885, 37890, 38155, 38165, 40515, 40530, 41110, 41115, 42885, 42930, 49345, 49355, 49540, 53590, 53610, 55345, 55365, 55905, 55920, 56110, 56130, 56375, 56380, 58170, 58195, 64100, 64140, 64400, 64430, 64765, 64805, 65175, 65180, 65530, 65580, 65625, 65680, 66745, 66750, 68505, 68510, 77590, 77625, 77760, 77790, 78660, 78695, 80475, 80525, 80605, 80640], "representative_frames_count": 66, "static_frames": [5, 25, 70, 130, 185, 210, 240, 280, 310, 325, 425, 525, 49540], "static_frames_count": 13}