{"camera_movement_sequences": [[1710, 1715], [1815, 1855]], "foi_count_frames": 21805, "foi_count_seconds": 726.83333, "foi_pct": 0.21708, "foi_sequences": [[55, 100], [405, 2265], [3545, 4705], [5080, 5635], [5685, 6285], [6720, 6875], [7115, 7195], [8420, 8455], [8530, 8690], [9350, 9765], [10030, 10250], [12405, 12920], [14680, 14880], [16690, 17830], [18065, 18445], [22180, 22220], [22675, 22760], [22925, 22955], [23045, 23670], [24110, 24265], [24335, 24465], [24565, 24735], [24775, 24930], [29650, 29860], [34520, 34665], [35810, 35820], [36435, 37055], [37090, 37180], [41160, 41415], [43305, 43405], [43500, 43720], [43755, 43835], [45210, 45535], [46125, 46245], [46930, 47470], [47520, 47530], [47575, 47640], [49655, 49995], [51000, 51615], [51725, 51765], [51900, 51925], [53055, 53260], [59775, 60225], [60270, 60450], [60570, 60955], [61070, 61480], [61780, 62385], [64990, 65410], [66335, 66580], [66740, 66935], [67260, 67600], [71505, 72080], [72705, 73160], [73400, 73680], [73715, 73900], [85895, 86055], [89325, 89360], [89395, 89765], [91210, 91795], [93555, 93685], [94075, 94925], [94965, 95495], [95560, 95905], [96380, 96740], [97325, 97505], [97705, 97725], [97975, 98390], [98465, 98640]], "representative_frames": [5, 55, 100, 405, 595, 645, 705, 845, 855, 1030, 1120, 1350, 1505, 1700, 1775, 1790, 1805, 1860, 1880, 1895, 1955, 1975, 2010, 2065, 2085, 2265, 3545, 3560, 3945, 4365, 4375, 4390, 4705, 5080, 5175, 5510, 5635, 5685, 6285, 6720, 6845, 6875, 7115, 7195, 8420, 8455, 8530, 8690, 9350, 9765, 10030, 10085, 10250, 12405, 12460, 12905, 12920, 14680, 14825, 14880, 16690, 16730, 17215, 17250, 17375, 17775, 17785, 17805, 17815, 17830, 18065, 18105, 18115, 18130, 18160, 18175, 18445, 22180, 22220, 22675, 22760, 22925, 22955, 23045, 23210, 23230, 23260, 23270, 23295, 23315, 23325, 23365, 23375, 23385, 23400, 23425, 23445, 23515, 23525, 23540, 23605, 23670, 24110, 24145, 24265, 24335, 24465, 24565, 24735, 24775, 24930, 29650, 29835, 29845, 29860, 34520, 34665, 35810, 35820, 36435, 36565, 36575, 36610, 36640, 36650, 36665, 36675, 36685, 36705, 36715, 36730, 36750, 36815, 36840, 37055, 37090, 37120, 37180, 41160, 41415, 43305, 43405, 43500, 43720, 43755, 43835, 45210, 45535, 46125, 46245, 46930, 47045, 47150, 47260, 47275, 47285, 47300, 47315, 47330, 47470, 47520, 47530, 47575, 47640, 49655, 49915, 49995, 51000, 51040, 51065, 51075, 51090, 51100, 51115, 51130, 51140, 51165, 51175, 51185, 51195, 51205, 51215, 51240, 51255, 51270, 51280, 51290, 51300, 51310, 51330, 51410, 51615, 51725, 51765, 51900, 51925, 53055, 53080, 53260, 59775, 59820, 60225, 60270, 60425, 60450, 60570, 60605, 60955, 61070, 61080, 61480, 61780, 62250, 62265, 62290, 62295, 62315, 62330, 62365, 62385, 64990, 65010, 65025, 65035, 65045, 65055, 65075, 65095, 65185, 65410, 66335, 66580, 66740, 66935, 67260, 67305, 67600, 71505, 71645, 71665, 71685, 71705, 71715, 71745, 71995, 72015, 72040, 72050, 72060, 72080, 72705, 72770, 72790, 72880, 73160, 73400, 73680, 73715, 73900, 85895, 85980, 86055, 89325, 89360, 89395, 89470, 89725, 89735, 89745, 89765, 91210, 91295, 91340, 91675, 91695, 91715, 91725, 91740, 91795, 93555, 93620, 93660, 93685, 94075, 94100, 94120, 94180, 94205, 94395, 94430, 94925, 94965, 95220, 95495, 95560, 95820, 95885, 95905, 96380, 96470, 96695, 96710, 96740, 97325, 97505, 97705, 97725, 97975, 98390, 98465, 98640], "representative_frames_count": 311, "static_frames": [5, 595, 645, 705, 845, 855, 1030, 1120, 1350, 1505, 1700, 1775, 1790, 1805, 1860, 1880, 1895, 1955, 1975, 2010, 2065, 2085, 3560, 3945, 4365, 4375, 4390, 5175, 5510, 6845, 10085, 12460, 12905, 14825, 16730, 17215, 17250, 17375, 17775, 17785, 17805, 17815, 18105, 18115, 18130, 18160, 18175, 23210, 23230, 23260, 23270, 23295, 23315, 23325, 23365, 23375, 23385, 23400, 23425, 23445, 23515, 23525, 23540, 23605, 24145, 29835, 29845, 36565, 36575, 36610, 36640, 36650, 36665, 36675, 36685, 36705, 36715, 36730, 36750, 36815, 36840, 37120, 47045, 47150, 47260, 47275, 47285, 47300, 47315, 47330, 49915, 51040, 51065, 51075, 51090, 51100, 51115, 51130, 51140, 51165, 51175, 51185, 51195, 51205, 51215, 51240, 51255, 51270, 51280, 51290, 51300, 51310, 51330, 51410, 53080, 59820, 60425, 60605, 61080, 62250, 62265, 62290, 62295, 62315, 62330, 62365, 65010, 65025, 65035, 65045, 65055, 65075, 65095, 65185, 67305, 71645, 71665, 71685, 71705, 71715, 71745, 71995, 72015, 72040, 72050, 72060, 72770, 72790, 72880, 85980, 89470, 89725, 89735, 89745, 91295, 91340, 91675, 91695, 91715, 91725, 91740, 93620, 93660, 94100, 94120, 94180, 94205, 94395, 94430, 95220, 95820, 95885, 96470, 96695, 96710], "static_frames_count": 175}