{"camera_movement_sequences": [], "foi_count_frames": 1130, "foi_count_seconds": 37.66667, "foi_pct": 0.01148, "foi_sequences": [[18820, 19070], [19235, 19640], [19800, 20145], [20200, 20330]], "representative_frames": [5, 18820, 19070, 19235, 19640, 19800, 20145, 20200, 20330], "representative_frames_count": 9, "static_frames": [5], "static_frames_count": 1}