{"camera_movement_sequences": [[995, 1005], [21540, 21545], [22370, 22385], [41200, 41215], [41745, 41760], [44915, 44925]], "foi_count_frames": 4285, "foi_count_seconds": 142.83333, "foi_pct": 0.07926, "foi_sequences": [[970, 1095], [1170, 1230], [4370, 4455], [4755, 4860], [4985, 5040], [5165, 5175], [5250, 5285], [5925, 6025], [15655, 16410], [21465, 22915], [22985, 23415], [23455, 23595], [23635, 23730], [23930, 23985], [39810, 39815], [39860, 39915], [41165, 41250], [41665, 41785], [42215, 42330], [44370, 44435], [44890, 44985], [47715, 47960]], "representative_frames": [5, 970, 1095, 1170, 1230, 4370, 4455, 4755, 4860, 4985, 5040, 5165, 5175, 5250, 5285, 5925, 6025, 15655, 16105, 16410, 21465, 21535, 21560, 21595, 21615, 21675, 22255, 22350, 22420, 22565, 22585, 22655, 22680, 22915, 22985, 23045, 23415, 23455, 23595, 23635, 23730, 23930, 23985, 39810, 39815, 39860, 39915, 41165, 41225, 41235, 41250, 41665, 41705, 41725, 41740, 41765, 41785, 42215, 42330, 44370, 44435, 44890, 44930, 44935, 44940, 44985, 47715, 47750, 47900, 47920, 47935, 47960], "representative_frames_count": 72, "static_frames": [5, 16105, 21535, 21560, 21595, 21615, 21675, 22255, 22350, 22420, 22565, 22585, 22655, 22680, 23045, 41225, 41235, 41705, 41725, 41740, 41765, 44930, 44935, 44940, 47750, 47900, 47920, 47935], "static_frames_count": 28}