{"camera_movement_sequences": [], "foi_count_frames": 49030, "foi_count_seconds": 1634.33333, "foi_pct": 0.90796, "foi_sequences": [[10, 7495], [7530, 9545], [9650, 10580], [10805, 11040], [11495, 16105], [16145, 19805], [19955, 22970], [23375, 25540], [26100, 30950], [31085, 34745], [35025, 35275], [35855, 36380], [36715, 38920], [39040, 40640], [40705, 41000], [41155, 41350], [41400, 41505], [41540, 41715], [41750, 41820], [41880, 42480], [42550, 42605], [42755, 48340], [48440, 50750], [50820, 53255]], "representative_frames": [5, 10, 100, 115, 140, 200, 330, 350, 395, 465, 530, 715, 945, 1005, 1070, 1125, 1490, 1585, 1715, 1745, 1750, 2110, 3240, 3340, 3410, 4060, 4070, 4105, 4115, 4140, 4150, 4770, 5030, 5285, 5585, 6105, 6450, 6515, 6695, 6710, 7055, 7180, 7495, 7530, 7755, 7840, 8235, 8585, 8800, 9010, 9135, 9275, 9545, 9650, 9890, 10580, 10805, 11040, 11495, 11510, 11625, 11635, 11650, 11660, 11835, 12015, 12065, 13085, 13160, 13650, 13665, 13685, 13750, 14270, 14310, 14640, 14740, 16105, 16145, 16495, 16760, 16905, 18020, 18065, 18585, 18725, 19805, 19955, 20295, 20365, 20405, 20915, 21110, 21405, 21605, 21715, 22135, 22195, 22290, 22375, 22455, 22770, 22970, 23375, 23695, 23715, 23745, 24050, 24155, 24945, 24975, 24995, 25200, 25270, 25325, 25415, 25490, 25540, 26100, 26115, 26205, 26355, 26545, 26650, 26680, 26830, 27235, 27255, 27320, 27555, 27645, 27935, 28075, 28470, 28660, 29685, 29820, 30125, 30330, 30390, 30430, 30525, 30950, 31085, 31155, 31260, 31450, 31595, 31715, 31800, 32195, 32375, 32440, 32575, 32670, 33110, 33215, 33305, 33845, 33985, 34030, 34170, 34600, 34700, 34745, 35025, 35170, 35275, 35855, 36215, 36240, 36380, 36715, 37280, 37320, 37380, 37390, 37400, 37445, 37460, 37595, 37620, 37680, 37755, 38045, 38095, 38275, 38295, 38365, 38430, 38455, 38470, 38500, 38920, 39040, 39520, 39535, 39560, 39600, 39900, 39930, 40170, 40225, 40250, 40265, 40350, 40390, 40510, 40640, 40705, 41000, 41155, 41350, 41400, 41505, 41540, 41715, 41750, 41820, 41880, 42090, 42105, 42175, 42480, 42550, 42605, 42755, 43860, 43910, 44115, 44240, 44305, 44410, 44610, 44630, 44710, 44915, 45005, 45130, 45770, 46005, 46100, 46110, 46135, 46330, 46425, 46940, 47270, 47295, 47345, 47365, 47565, 47815, 48040, 48340, 48440, 48745, 49185, 50750, 50820, 51020, 51175, 51490, 52305, 52345, 52380, 52430, 52455, 52465, 52485, 52525, 52660, 52980, 53255], "representative_frames_count": 274, "static_frames": [5, 100, 115, 140, 200, 330, 350, 395, 465, 530, 715, 945, 1005, 1070, 1125, 1490, 1585, 1715, 1745, 1750, 2110, 3240, 3340, 3410, 4060, 4070, 4105, 4115, 4140, 4150, 4770, 5030, 5285, 5585, 6105, 6450, 6515, 6695, 6710, 7055, 7180, 7755, 7840, 8235, 8585, 8800, 9010, 9135, 9275, 9890, 11510, 11625, 11635, 11650, 11660, 11835, 12015, 12065, 13085, 13160, 13650, 13665, 13685, 13750, 14270, 14310, 14640, 14740, 16495, 16760, 16905, 18020, 18065, 18585, 18725, 20295, 20365, 20405, 20915, 21110, 21405, 21605, 21715, 22135, 22195, 22290, 22375, 22455, 22770, 23695, 23715, 23745, 24050, 24155, 24945, 24975, 24995, 25200, 25270, 25325, 25415, 25490, 26115, 26205, 26355, 26545, 26650, 26680, 26830, 27235, 27255, 27320, 27555, 27645, 27935, 28075, 28470, 28660, 29685, 29820, 30125, 30330, 30390, 30430, 30525, 31155, 31260, 31450, 31595, 31715, 31800, 32195, 32375, 32440, 32575, 32670, 33110, 33215, 33305, 33845, 33985, 34030, 34170, 34600, 34700, 35170, 36215, 36240, 37280, 37320, 37380, 37390, 37400, 37445, 37460, 37595, 37620, 37680, 37755, 38045, 38095, 38275, 38295, 38365, 38430, 38455, 38470, 38500, 39520, 39535, 39560, 39600, 39900, 39930, 40170, 40225, 40250, 40265, 40350, 40390, 40510, 42090, 42105, 42175, 43860, 43910, 44115, 44240, 44305, 44410, 44610, 44630, 44710, 44915, 45005, 45130, 45770, 46005, 46100, 46110, 46135, 46330, 46425, 46940, 47270, 47295, 47345, 47365, 47565, 47815, 48040, 48745, 49185, 51020, 51175, 51490, 52305, 52345, 52380, 52430, 52455, 52465, 52485, 52525, 52660, 52980], "static_frames_count": 226}