{"camera_movement_sequences": [[78490, 78520], [78590, 78595]], "foi_count_frames": 415, "foi_count_seconds": 13.83333, "foi_pct": 0.00411, "foi_sequences": [[77875, 77965], [78290, 78615]], "representative_frames": [5, 77875, 77965, 78290, 78495, 78560, 78600, 78615], "representative_frames_count": 8, "static_frames": [5, 78495, 78560, 78600], "static_frames_count": 4}