{"camera_movement_sequences": [[1990, 2010], [43070, 43085], [45150, 45195], [82395, 82430], [83490, 83505], [89820, 89850]], "foi_count_frames": 7790, "foi_count_seconds": 129.83333333333334, "foi_pct": 0.072048908167701, "foi_sequences": [[1935, 2190], [2330, 2450], [8730, 8895], [9510, 9705], [9975, 10075], [10505, 10550], [11850, 12040], [31305, 32655], [42930, 45820], [45990, 46830], [46910, 46925], [47025, 47030], [47260, 47385], [47860, 47910], [79710, 79820], [82330, 82490], [83355, 83555], [84425, 84655], [88735, 88865], [89775, 89910], [95430, 95910]], "representative_frames": [5, 1935, 2190, 2330, 2385, 2400, 2450, 8730, 8895, 9510, 9705, 9975, 10075, 10505, 10550, 11850, 12040, 31305, 31995, 32355, 32655, 42930, 43055, 43280, 43600, 44495, 44560, 44585, 44670, 44695, 44775, 45040, 45075, 45115, 45160, 45230, 45315, 45355, 45820, 45990, 46085, 46160, 46210, 46250, 46830, 46910, 46925, 47025, 47030, 47260, 47385, 47860, 47910, 79710, 79735, 79820, 82330, 82445, 82455, 82490, 83355, 83410, 83440, 83480, 83510, 83555, 84425, 84465, 84500, 84545, 84655, 88735, 88785, 88805, 88865, 89775, 89830, 89845, 89855, 89865, 89880, 89910, 95430, 95510, 95700, 95825, 95835, 95850, 95875, 95910], "representative_frames_count": 90, "static_frames": [5, 2385, 2400, 31995, 32355, 43055, 43280, 43600, 44495, 44560, 44585, 44670, 44695, 44775, 45040, 45075, 45115, 45160, 45230, 45315, 45355, 46085, 46160, 46210, 46250, 79735, 82445, 82455, 83410, 83440, 83480, 83510, 84465, 84500, 84545, 88785, 88805, 89830, 89845, 89855, 89865, 89880, 95510, 95700, 95825, 95835, 95850, 95875], "static_frames_count": 48}