{"camera_movement_sequences": [[7745, 7805], [10770, 10780], [24580, 24630], [34875, 34890], [64725, 64740], [104445, 104460]], "foi_count_frames": 94030, "foi_count_seconds": 1567.1666666666667, "foi_pct": 0.8691914476664109, "foi_sequences": [[5, 940], [1020, 38225], [38310, 38620], [38685, 39135], [40145, 40650], [41895, 42015], [42150, 42185], [42270, 42345], [42450, 42590], [43650, 43790], [43925, 44085], [44595, 45260], [45330, 45350], [45570, 45600], [45690, 46035], [46220, 46325], [46515, 46550], [46700, 46710], [47455, 47490], [47670, 47715], [48015, 48020], [48255, 48280], [48355, 48655], [48725, 48810], [49615, 50140], [50270, 50955], [51030, 51280], [51350, 51470], [52445, 57125], [57390, 57595], [57675, 57690], [57820, 58815], [58890, 60580], [60830, 74175], [74345, 75175], [75295, 76290], [76505, 76635], [76735, 76745], [76875, 77310], [77415, 78525], [78700, 81750], [81945, 83025], [83295, 83800], [83885, 84100], [84185, 89870], [89955, 90150], [90305, 90825], [90965, 90990], [91170, 91290], [91385, 92200], [92270, 92285], [92380, 92955], [93225, 93405], [93530, 99400], [99465, 99785], [99915, 99930], [100060, 100125], [100205, 100250], [100425, 102555], [102690, 106190], [106565, 106905], [107215, 108180]], "representative_frames": [5, 940, 1020, 1250, 1740, 2175, 2230, 2300, 3105, 5565, 6025, 6375, 6470, 6520, 6745, 6830, 6915, 6960, 7050, 7115, 7220, 7300, 7375, 7735, 7760, 7795, 7830, 7865, 7900, 7940, 7985, 8015, 8045, 8060, 8095, 8120, 8160, 8580, 8625, 8685, 8705, 8740, 8790, 8830, 8930, 9395, 9430, 9530, 9730, 10060, 10120, 10265, 10315, 10345, 10650, 10760, 10800, 10840, 10885, 10945, 11085, 11300, 11710, 12045, 13185, 13420, 13485, 13610, 13775, 13925, 14775, 15630, 16030, 16320, 16770, 17190, 18120, 18690, 19240, 19380, 19650, 19925, 20405, 21385, 21725, 21780, 21820, 22180, 22230, 22315, 22360, 22510, 22565, 22665, 22745, 22940, 23030, 23270, 24490, 24535, 24570, 24645, 24715, 24735, 24765, 24885, 25265, 25590, 25610, 26015, 26265, 26300, 26355, 26530, 26660, 26815, 26940, 27235, 27870, 30655, 30845, 31935, 32145, 32230, 32265, 32370, 32465, 32520, 32565, 32580, 32630, 32670, 32690, 32745, 32900, 32955, 33520, 33590, 33695, 33780, 33830, 33880, 33930, 33990, 34050, 34090, 34615, 34650, 34675, 34810, 34840, 34880, 35145, 35655, 35725, 35955, 35990, 36090, 36515, 36545, 36605, 36645, 36730, 36770, 36855, 36890, 36980, 37090, 37125, 37145, 38225, 38310, 38620, 38685, 39135, 40145, 40650, 41895, 42015, 42150, 42185, 42270, 42345, 42450, 42590, 43650, 43790, 43925, 44085, 44595, 44760, 44855, 45260, 45330, 45350, 45570, 45600, 45690, 46035, 46220, 46325, 46515, 46550, 46700, 46710, 47455, 47490, 47670, 47715, 48015, 48020, 48255, 48280, 48355, 48655, 48725, 48810, 49615, 50140, 50270, 50955, 51030, 51280, 51350, 51470, 52445, 52760, 52810, 53870, 54080, 55550, 55890, 55960, 56055, 57125, 57390, 57595, 57675, 57690, 57820, 58300, 58345, 58410, 58815, 58890, 59950, 59975, 60280, 60380, 60580, 60830, 61270, 61310, 61830, 62190, 62300, 62385, 62500, 62545, 62570, 62610, 62640, 63080, 63375, 63955, 64435, 64505, 64575, 64625, 64745, 65055, 65090, 65585, 65610, 66330, 67040, 67165, 67460, 67885, 68145, 68330, 68565, 69540, 69665, 69795, 69855, 69915, 70665, 70710, 70850, 71660, 72005, 72130, 72300, 74175, 74345, 75175, 75295, 76290, 76505, 76635, 76735, 76745, 76875, 77310, 77415, 77965, 78525, 78700, 79370, 80095, 80120, 80200, 81460, 81485, 81530, 81560, 81750, 81945, 83025, 83295, 83800, 83885, 84100, 84185, 85745, 86640, 88125, 88305, 89870, 89955, 90150, 90305, 90825, 90965, 90990, 91170, 91290, 91385, 92200, 92270, 92285, 92380, 92955, 93225, 93405, 93530, 94215, 99400, 99465, 99785, 99915, 99930, 100060, 100125, 100205, 100250, 100425, 102180, 102210, 102555, 102690, 103590, 104415, 104430, 104455, 104515, 104535, 104890, 105175, 105785, 106190, 106565, 106905, 107215, 107785, 107875, 107910, 107935, 108180], "representative_frames_count": 380, "static_frames": [5, 1250, 1740, 2175, 2230, 2300, 3105, 5565, 6025, 6375, 6470, 6520, 6745, 6830, 6915, 6960, 7050, 7115, 7220, 7300, 7375, 7735, 7760, 7795, 7830, 7865, 7900, 7940, 7985, 8015, 8045, 8060, 8095, 8120, 8160, 8580, 8625, 8685, 8705, 8740, 8790, 8830, 8930, 9395, 9430, 9530, 9730, 10060, 10120, 10265, 10315, 10345, 10650, 10760, 10800, 10840, 10885, 10945, 11085, 11300, 11710, 12045, 13185, 13420, 13485, 13610, 13775, 13925, 14775, 15630, 16030, 16320, 16770, 17190, 18120, 18690, 19240, 19380, 19650, 19925, 20405, 21385, 21725, 21780, 21820, 22180, 22230, 22315, 22360, 22510, 22565, 22665, 22745, 22940, 23030, 23270, 24490, 24535, 24570, 24645, 24715, 24735, 24765, 24885, 25265, 25590, 25610, 26015, 26265, 26300, 26355, 26530, 26660, 26815, 26940, 27235, 27870, 30655, 30845, 31935, 32145, 32230, 32265, 32370, 32465, 32520, 32565, 32580, 32630, 32670, 32690, 32745, 32900, 32955, 33520, 33590, 33695, 33780, 33830, 33880, 33930, 33990, 34050, 34090, 34615, 34650, 34675, 34810, 34840, 34880, 35145, 35655, 35725, 35955, 35990, 36090, 36515, 36545, 36605, 36645, 36730, 36770, 36855, 36890, 36980, 37090, 37125, 37145, 44760, 44855, 52760, 52810, 53870, 54080, 55550, 55890, 55960, 56055, 58300, 58345, 58410, 59950, 59975, 60280, 60380, 61270, 61310, 61830, 62190, 62300, 62385, 62500, 62545, 62570, 62610, 62640, 63080, 63375, 63955, 64435, 64505, 64575, 64625, 64745, 65055, 65090, 65585, 65610, 66330, 67040, 67165, 67460, 67885, 68145, 68330, 68565, 69540, 69665, 69795, 69855, 69915, 70665, 70710, 70850, 71660, 72005, 72130, 72300, 77965, 79370, 80095, 80120, 80200, 81460, 81485, 81530, 81560, 85745, 86640, 88125, 88305, 94215, 102180, 102210, 103590, 104415, 104430, 104455, 104515, 104535, 104890, 105175, 105785, 107785, 107875, 107910, 107935], "static_frames_count": 257}