{"camera_movement_sequences": [[7170, 7180], [7735, 7740], [12270, 12280], [19325, 19330], [20190, 20215], [20740, 20770], [21000, 21030], [28065, 28090], [28245, 28260], [30045, 30100], [30660, 30690], [30910, 30925], [33385, 33395], [33445, 33450], [33795, 33810], [33870, 33875], [33910, 33915], [34110, 34125], [34535, 34555], [34650, 34655], [34825, 34835], [40130, 40165], [40385, 40410], [40460, 40465], [41730, 41745], [41930, 41940], [43150, 43160], [43210, 43280], [44345, 44365], [44550, 44565], [44820, 44835], [46135, 46140], [48810, 48815]], "foi_count_frames": 25675, "foi_count_seconds": 855.83333, "foi_pct": 0.47518, "foi_sequences": [[5, 925], [980, 1145], [1215, 2300], [2400, 2490], [2645, 2690], [2725, 2740], [2855, 2960], [3005, 3235], [3295, 3315], [3380, 3540], [3715, 3755], [3870, 4375], [4895, 5115], [5260, 5640], [5905, 6050], [6145, 6585], [6665, 7245], [7510, 8365], [8430, 8445], [8500, 9025], [9345, 9650], [9835, 10250], [10615, 10620], [11710, 11935], [12095, 12180], [12220, 12760], [13405, 13510], [13590, 13625], [14210, 14920], [14995, 15375], [15470, 15490], [15595, 15685], [16165, 16225], [16295, 16365], [17195, 17255], [17585, 17595], [17630, 18310], [18580, 18595], [18660, 18890], [19275, 21455], [21500, 22240], [22675, 22685], [22735, 22765], [22965, 23005], [23045, 23055], [23095, 23145], [23525, 23530], [24675, 24730], [24900, 24905], [25085, 25170], [25235, 26205], [26245, 26350], [26760, 27335], [27435, 27445], [27735, 28125], [28165, 28300], [29195, 29365], [29915, 31245], [31360, 31475], [31615, 31685], [31770, 31845], [32220, 32620], [32870, 33515], [33575, 35590], [35755, 36065], [37135, 37550], [37925, 38170], [39590, 39595], [39630, 39635], [39695, 40535], [41245, 42225], [42540, 42620], [42680, 42810], [43075, 43400], [44320, 44405], [44515, 44865], [45230, 45275], [45355, 45675], [46110, 46230], [46390, 46410], [46455, 46505], [46540, 46575], [46725, 46745], [48785, 48900], [51270, 51645], [51680, 51690]], "representative_frames": [5, 925, 980, 1145, 1215, 2300, 2400, 2490, 2645, 2690, 2725, 2740, 2855, 2960, 3005, 3235, 3295, 3315, 3380, 3540, 3715, 3755, 3870, 4375, 4895, 5115, 5260, 5640, 5905, 6050, 6145, 6585, 6665, 7020, 7185, 7245, 7510, 7560, 7585, 7595, 7645, 7710, 7730, 8365, 8430, 8445, 8500, 9025, 9345, 9650, 9835, 10250, 10615, 10620, 11710, 11935, 12095, 12180, 12220, 12370, 12410, 12465, 12760, 13405, 13510, 13590, 13625, 14210, 14310, 14355, 14920, 14995, 15375, 15470, 15490, 15595, 15685, 16165, 16225, 16295, 16365, 17195, 17255, 17585, 17595, 17630, 18105, 18205, 18310, 18580, 18595, 18660, 18890, 19275, 19335, 19355, 19515, 19545, 19605, 19655, 20170, 20495, 20670, 20730, 20855, 21015, 21050, 21455, 21500, 22070, 22095, 22140, 22150, 22205, 22240, 22675, 22685, 22735, 22765, 22965, 23005, 23045, 23055, 23095, 23145, 23525, 23530, 24675, 24730, 24900, 24905, 25085, 25170, 25235, 26205, 26245, 26350, 26760, 26860, 26870, 26885, 26910, 27015, 27175, 27235, 27335, 27435, 27445, 27735, 28050, 28075, 28105, 28125, 28165, 28300, 29195, 29255, 29285, 29310, 29365, 29915, 29945, 29985, 30195, 30265, 30315, 30510, 30530, 30545, 30610, 30665, 30705, 30775, 30870, 30890, 30915, 30940, 30970, 31010, 31035, 31055, 31245, 31360, 31475, 31615, 31685, 31770, 31820, 31845, 32220, 32225, 32620, 32870, 33005, 33300, 33345, 33400, 33415, 33455, 33470, 33480, 33515, 33575, 33595, 33600, 33605, 33620, 33815, 33830, 33880, 33890, 33920, 33925, 33935, 33945, 34080, 34105, 34205, 34425, 34560, 34575, 34660, 34675, 34690, 34715, 34810, 34830, 34850, 34965, 35100, 35135, 35255, 35295, 35325, 35410, 35420, 35430, 35590, 35755, 35895, 36065, 37135, 37550, 37925, 38170, 39590, 39595, 39630, 39635, 39695, 39920, 39985, 39995, 40025, 40150, 40175, 40270, 40295, 40315, 40400, 40450, 40535, 41245, 41290, 41360, 41445, 41850, 41860, 41890, 41925, 41945, 42225, 42540, 42620, 42680, 42710, 42735, 42810, 43075, 43245, 43285, 43295, 43400, 44320, 44355, 44370, 44405, 44515, 44555, 44655, 44800, 44865, 45230, 45275, 45355, 45595, 45675, 46110, 46155, 46230, 46390, 46410, 46455, 46505, 46540, 46575, 46725, 46745, 48785, 48820, 48825, 48900, 51270, 51370, 51645, 51680, 51690], "representative_frames_count": 317, "static_frames": [5, 7020, 7185, 7560, 7585, 7595, 7645, 7710, 7730, 12370, 12410, 12465, 14310, 14355, 18105, 18205, 19335, 19355, 19515, 19545, 19605, 19655, 20170, 20495, 20670, 20730, 20855, 21015, 21050, 22070, 22095, 22140, 22150, 22205, 26860, 26870, 26885, 26910, 27015, 27175, 27235, 28050, 28075, 28105, 29255, 29285, 29310, 29945, 29985, 30195, 30265, 30315, 30510, 30530, 30545, 30610, 30665, 30705, 30775, 30870, 30890, 30915, 30940, 30970, 31010, 31035, 31055, 31820, 32225, 33005, 33300, 33345, 33400, 33415, 33455, 33470, 33480, 33595, 33600, 33605, 33620, 33815, 33830, 33880, 33890, 33920, 33925, 33935, 33945, 34080, 34105, 34205, 34425, 34560, 34575, 34660, 34675, 34690, 34715, 34810, 34830, 34850, 34965, 35100, 35135, 35255, 35295, 35325, 35410, 35420, 35430, 35895, 39920, 39985, 39995, 40025, 40150, 40175, 40270, 40295, 40315, 40400, 40450, 41290, 41360, 41445, 41850, 41860, 41890, 41925, 41945, 42710, 42735, 43245, 43285, 43295, 44355, 44370, 44555, 44655, 44800, 45595, 46155, 48820, 48825, 51370], "static_frames_count": 146}