{"camera_movement_sequences": [[460, 470], [655, 690], [1065, 1075]], "foi_count_frames": 3365, "foi_count_seconds": 112.16667, "foi_pct": 0.05256, "foi_sequences": [[5, 1760], [12430, 12680], [25515, 25840], [38870, 39260], [44255, 44900]], "representative_frames": [5, 355, 365, 500, 630, 665, 975, 1030, 1760, 12430, 12670, 12680, 25515, 25840, 38870, 39260, 44255, 44295, 44575, 44900], "representative_frames_count": 20, "static_frames": [5, 355, 365, 500, 630, 665, 975, 1030, 12670, 44295, 44575], "static_frames_count": 11}