{"camera_movement_sequences": [], "foi_count_frames": 2390, "foi_count_seconds": 79.66667, "foi_pct": 0.04426, "foi_sequences": [[12605, 12920], [20480, 20850], [32445, 32715], [33260, 33890], [36360, 36615], [45575, 46125]], "representative_frames": [5, 12605, 12920, 20480, 20850, 32445, 32530, 32690, 32715, 33260, 33465, 33555, 33890, 36360, 36615, 45575, 45725, 46125], "representative_frames_count": 18, "static_frames": [5, 32530, 32690, 33465, 33555, 45725], "static_frames_count": 6}