{"camera_movement_sequences": [], "foi_count_frames": 2485, "foi_count_seconds": 82.83333, "foi_pct": 0.04597, "foi_sequences": [[2435, 2455], [2530, 3130], [3970, 4520], [4560, 4690], [6405, 6740], [11075, 11335], [19165, 19170], [19240, 19505], [39440, 39760]], "representative_frames": [5, 2435, 2455, 2530, 3130, 3970, 4245, 4405, 4520, 4560, 4690, 6405, 6740, 11075, 11230, 11335, 19165, 19170, 19240, 19375, 19505, 39440, 39760], "representative_frames_count": 23, "static_frames": [5, 4245, 4405, 11230, 19375], "static_frames_count": 5}