{"camera_movement_sequences": [], "foi_count_frames": 2165, "foi_count_seconds": 72.16667, "foi_pct": 0.04003, "foi_sequences": [[9665, 9945], [14835, 14905], [14975, 15135], [24130, 24260], [24295, 24470], [32360, 32635], [36105, 36395], [36805, 37050], [41055, 41595]], "representative_frames": [5, 9665, 9945, 14835, 14905, 14975, 15135, 24130, 24260, 24295, 24470, 32360, 32485, 32590, 32635, 36105, 36395, 36805, 37050, 41055, 41595], "representative_frames_count": 21, "static_frames": [5, 32485, 32590], "static_frames_count": 3}