{"camera_movement_sequences": [[45925, 45930]], "foi_count_frames": 8965, "foi_count_seconds": 298.83333, "foi_pct": 0.16592, "foi_sequences": [[1535, 1545], [10940, 11020], [11160, 11165], [11240, 11265], [11710, 11740], [11820, 11830], [11880, 12070], [14045, 14290], [14630, 14680], [15575, 15605], [18400, 18965], [20580, 20585], [20765, 20855], [20905, 22235], [22345, 22415], [23110, 23170], [23705, 23725], [23770, 23805], [24015, 24080], [24120, 24125], [24185, 24305], [24465, 24520], [24575, 24600], [25070, 25130], [25260, 25340], [25535, 25550], [25730, 25795], [25915, 26035], [26095, 26130], [26165, 26190], [28500, 28535], [28595, 28625], [28835, 28890], [28970, 28985], [29105, 29125], [29185, 29200], [29245, 29365], [30105, 30220], [30265, 31500], [31565, 31595], [31695, 31715], [32290, 32335], [32415, 32420], [32455, 32475], [32555, 32570], [33490, 33540], [34245, 34260], [34370, 34440], [34790, 34800], [34840, 35585], [35620, 35630], [36895, 37140], [37230, 37270], [38520, 38765], [39710, 39800], [40890, 40940], [40975, 40990], [41405, 41425], [41550, 41560], [42605, 42640], [42745, 42785], [42845, 43165], [44905, 44940], [45050, 45120], [45475, 46375], [46525, 46655], [47325, 47485], [50490, 50560], [53305, 53385], [53710, 53740], [53840, 54025]], "representative_frames": [5, 1535, 1545, 10940, 11020, 11160, 11165, 11240, 11265, 11710, 11740, 11820, 11830, 11880, 12070, 14045, 14290, 14630, 14680, 15575, 15605, 18400, 18965, 20580, 20585, 20765, 20855, 20905, 22235, 22345, 22415, 23110, 23170, 23705, 23725, 23770, 23805, 24015, 24080, 24120, 24125, 24185, 24305, 24465, 24520, 24575, 24600, 25070, 25130, 25260, 25340, 25535, 25550, 25730, 25795, 25915, 26035, 26095, 26130, 26165, 26190, 28500, 28535, 28595, 28625, 28835, 28890, 28970, 28985, 29105, 29125, 29185, 29200, 29245, 29365, 30105, 30220, 30265, 31500, 31565, 31595, 31695, 31715, 32290, 32335, 32415, 32420, 32455, 32475, 32555, 32570, 33490, 33540, 34245, 34260, 34370, 34440, 34790, 34800, 34840, 35585, 35620, 35630, 36895, 37140, 37230, 37270, 38520, 38765, 39710, 39800, 40890, 40940, 40975, 40990, 41405, 41425, 41550, 41560, 42605, 42640, 42745, 42785, 42845, 43165, 44905, 44940, 45050, 45120, 45475, 46375, 46525, 46655, 47325, 47485, 50490, 50560, 53305, 53385, 53710, 53740, 53840, 54025], "representative_frames_count": 143, "static_frames": [5], "static_frames_count": 1}