{"camera_movement_sequences": [], "foi_count_frames": 12245, "foi_count_seconds": 408.1666666666667, "foi_pct": 0.22672986835039902, "foi_sequences": [[845, 880], [960, 1285], [1345, 1405], [2060, 2515], [2575, 2695], [6870, 7010], [7065, 7440], [10590, 10750], [16985, 17215], [17250, 17270], [17305, 17330], [17500, 17540], [17625, 17650], [17750, 17770], [17930, 18060], [18325, 18350], [18640, 18770], [18950, 19075], [19460, 19495], [19590, 19715], [19990, 20100], [21015, 21035], [21090, 21160], [21210, 21225], [21810, 21865], [23035, 23350], [24970, 24985], [25160, 25205], [25350, 25385], [27330, 28335], [28535, 28570], [28970, 29570], [29740, 30975], [31065, 31265], [31350, 31370], [31415, 31430], [33130, 33330], [34410, 34435], [35730, 36090], [36170, 36265], [36470, 36890], [40885, 41155], [43790, 43910], [44900, 45455], [46220, 46430], [46465, 46945], [47505, 47845], [49360, 49725], [49765, 49790], [49835, 49905], [50620, 50680], [51375, 52130], [52330, 52640], [52750, 52790], [52845, 54000]], "representative_frames": [5, 845, 880, 960, 1285, 1345, 1405, 2060, 2515, 2575, 2695, 6870, 7010, 7065, 7440, 10590, 10750, 16985, 17215, 17250, 17270, 17305, 17330, 17500, 17540, 17625, 17650, 17750, 17770, 17930, 18060, 18325, 18350, 18640, 18770, 18950, 19075, 19460, 19495, 19590, 19715, 19990, 20100, 21015, 21035, 21090, 21160, 21210, 21225, 21810, 21865, 23035, 23350, 24970, 24985, 25160, 25205, 25350, 25385, 27330, 28335, 28535, 28570, 28970, 29570, 29740, 30975, 31065, 31265, 31350, 31370, 31415, 31430, 33130, 33330, 34410, 34435, 35730, 36090, 36170, 36265, 36470, 36890, 40885, 41155, 43790, 43910, 44900, 45455, 46220, 46430, 46465, 46945, 47505, 47845, 49360, 49725, 49765, 49790, 49835, 49905, 50620, 50680, 51375, 52130, 52330, 52640, 52750, 52790, 52845, 54000], "representative_frames_count": 111, "static_frames": [5], "static_frames_count": 1}