{"camera_movement_sequences": [], "foi_count_frames": 11800, "foi_count_seconds": 393.33333, "foi_pct": 0.21839, "foi_sequences": [[1110, 4865], [11900, 11915], [14220, 16145], [16180, 16565], [17185, 17195], [20260, 20350], [20855, 21040], [21095, 21640], [21760, 22000], [22720, 22810], [22850, 23110], [23155, 23170], [23470, 23630], [24790, 24970], [25475, 25750], [25800, 25810], [26165, 26850], [27270, 27495], [27545, 28175], [28230, 28245], [28325, 28360], [28435, 28445], [28495, 28790], [30330, 30390], [32170, 32180], [32260, 32280], [34375, 34505], [35345, 35365], [35505, 35510], [35795, 36120], [37400, 37490], [37595, 37720], [49025, 49130], [49445, 49825], [49925, 50420]], "representative_frames": [5, 1110, 4865, 11900, 11915, 14220, 16145, 16180, 16565, 17185, 17195, 20260, 20350, 20855, 21040, 21095, 21640, 21760, 22000, 22720, 22810, 22850, 23110, 23155, 23170, 23470, 23630, 24790, 24970, 25475, 25750, 25800, 25810, 26165, 26850, 27270, 27495, 27545, 28175, 28230, 28245, 28325, 28360, 28435, 28445, 28495, 28790, 30330, 30390, 32170, 32180, 32260, 32280, 34375, 34505, 35345, 35365, 35505, 35510, 35795, 36120, 37400, 37490, 37595, 37720, 49025, 49130, 49445, 49825, 49925, 50420], "representative_frames_count": 71, "static_frames": [5], "static_frames_count": 1}