{"camera_movement_sequences": [], "foi_count_frames": 6385, "foi_count_seconds": 212.83333333333334, "foi_pct": 0.11828893252806699, "foi_sequences": [[4055, 4640], [11035, 12290], [17580, 17780], [17855, 18015], [18050, 18065], [18105, 18680], [18915, 18950], [19065, 19125], [20030, 20150], [20185, 20665], [20720, 20755], [20795, 20855], [20910, 20970], [21200, 21645], [21955, 21990], [22125, 22725], [22845, 23025], [24585, 24755], [30155, 31115], [31665, 32015], [45965, 45970]], "representative_frames": [5, 4055, 4640, 11035, 12290, 17580, 17780, 17855, 18015, 18050, 18065, 18105, 18680, 18915, 18950, 19065, 19125, 20030, 20150, 20185, 20665, 20720, 20755, 20795, 20855, 20910, 20970, 21200, 21645, 21955, 21990, 22125, 22725, 22845, 23025, 24585, 24755, 30155, 31115, 31665, 32015, 45965, 45970], "representative_frames_count": 43, "static_frames": [5], "static_frames_count": 1}