{"camera_movement_sequences": [[24685, 24690], [26040, 26045]], "foi_count_frames": 3785, "foi_count_seconds": 126.16666666666667, "foi_pct": 0.07004459907100691, "foi_sequences": [[20425, 22260], [22435, 23960], [24520, 24525], [24585, 24865], [25330, 25365], [25550, 25555], [26225, 26250], [26300, 26310], [27145, 27175], [29775, 29800], [32410, 32415], [33130, 33135]], "representative_frames": [5, 20425, 22260, 22435, 23960, 24520, 24525, 24585, 24865, 25330, 25365, 25550, 25555, 26225, 26250, 26300, 26310, 27145, 27175, 29775, 29800, 32410, 32415, 33130, 33135], "representative_frames_count": 25, "static_frames": [5], "static_frames_count": 1}