{"camera_movement_sequences": [], "foi_count_frames": 1430, "foi_count_seconds": 59.583333333333336, "foi_pct": 0.03306434830863141, "foi_sequences": [[2280, 2365], [5095, 5100], [5125, 5405], [13565, 13760], [29980, 30070], [30100, 30105], [30295, 30345], [30450, 30470], [30495, 30510], [30555, 30600], [30680, 30700], [34405, 34495], [35550, 35575], [35600, 35720], [37585, 37680], [39750, 40040]], "representative_frames": [5, 2280, 2365, 5095, 5100, 5125, 5405, 13565, 13760, 29980, 30070, 30100, 30105, 30295, 30345, 30450, 30470, 30495, 30510, 30555, 30600, 30680, 30700, 34405, 34495, 35550, 35575, 35600, 35720, 37585, 37680, 39750, 40040], "representative_frames_count": 33, "static_frames": [5], "static_frames_count": 1}