{"camera_movement_sequences": [[185, 195], [25625, 25635]], "foi_count_frames": 49445, "foi_count_seconds": 1648.16667, "foi_pct": 0.91512, "foi_sequences": [[5, 2250], [2295, 3570], [3610, 3630], [3880, 4030], [4090, 17085], [17340, 17370], [17425, 18040], [18085, 18685], [18765, 19185], [19275, 19805], [19870, 20790], [20835, 22530], [22590, 22710], [22750, 22890], [22930, 24990], [25390, 25685], [26080, 26260], [26400, 26775], [27390, 27640], [28720, 29400], [29550, 32565], [32660, 32745], [32890, 36395], [36610, 38025], [38085, 39390], [39425, 39445], [39485, 40950], [40990, 54030]], "representative_frames": [5, 2250, 2295, 3570, 3610, 3630, 3880, 4030, 4090, 17085, 17340, 17370, 17425, 18040, 18085, 18685, 18765, 19185, 19275, 19805, 19870, 20790, 20835, 22530, 22590, 22710, 22750, 22890, 22930, 24990, 25390, 25685, 26080, 26260, 26400, 26775, 27390, 27640, 28720, 29400, 29550, 32565, 32660, 32745, 32890, 36395, 36610, 38025, 38085, 39390, 39425, 39445, 39485, 40950, 40990, 54030], "representative_frames_count": 56, "static_frames": [5], "static_frames_count": 1}