{"camera_movement_sequences": [], "foi_count_frames": 35005, "foi_count_seconds": 1166.83333, "foi_pct": 0.64823, "foi_sequences": [[270, 860], [3060, 3095], [3190, 3285], [3335, 3345], [3380, 3430], [3480, 3720], [3765, 4080], [4115, 4150], [4200, 4210], [4245, 4330], [4380, 4440], [4945, 4970], [5040, 5065], [5110, 5115], [5160, 5295], [5410, 5425], [5470, 5475], [5770, 5845], [5885, 5910], [5945, 6030], [6125, 6255], [6310, 6435], [6470, 6495], [6550, 6730], [6770, 6795], [6845, 6855], [6890, 6940], [6985, 7010], [7420, 7895], [8040, 8115], [8490, 8515], [8805, 8820], [8865, 8925], [9300, 9370], [9685, 9730], [9765, 9875], [9915, 10485], [10990, 11635], [11680, 11725], [11815, 11955], [12040, 12055], [13205, 13410], [13665, 13815], [15920, 15940], [16055, 16280], [16315, 16355], [16400, 16415], [16485, 16510], [16545, 16585], [16620, 16765], [16840, 16850], [16890, 17285], [17320, 17420], [17540, 17550], [17635, 17735], [17780, 17975], [18010, 18835], [18870, 18955], [18990, 19050], [19085, 19220], [19255, 19390], [19435, 19525], [19560, 19610], [19645, 19790], [19825, 19960], [19995, 20100], [20140, 20925], [20975, 21000], [21060, 21545], [21930, 22635], [22680, 22715], [22750, 23480], [23515, 24180], [24215, 26475], [26595, 28860], [28945, 32040], [32080, 32100], [32370, 32380], [32525, 32540], [32620, 32860], [32920, 32950], [32995, 33010], [33055, 33115], [33155, 33185], [33225, 33230], [33270, 33285], [33370, 33440], [33480, 33505], [33540, 33545], [33595, 33650], [33695, 33735], [33930, 33990], [34045, 34200], [34240, 34265], [34300, 34470], [34515, 34625], [34675, 34690], [34735, 34790], [34835, 34885], [34950, 35015], [35055, 35070], [35115, 35120], [35160, 35175], [35275, 35280], [35325, 35340], [35380, 35445], [35485, 35555], [35595, 35640], [35695, 35715], [35750, 35820], [35855, 35875], [35930, 36085], [36125, 36195], [36235, 36250], [36350, 36355], [36405, 36520], [36560, 36570], [36610, 36635], [36675, 36810], [36890, 37005], [37100, 37105], [37215, 37330], [37430, 37555], [37595, 37600], [37650, 37655], [37690, 37715], [37755, 37820], [37855, 37885], [37925, 37930], [37970, 38095], [38295, 38355], [38555, 38635], [38770, 38790], [38835, 38850], [38890, 38895], [39000, 39015], [39105, 39120], [39160, 39190], [39260, 39275], [39375, 39390], [39430, 39435], [39540, 39555], [39650, 39715], [39870, 40255], [40365, 40390], [40445, 40470], [40610, 40635], [40685, 40725], [40835, 40900], [40940, 40960], [41010, 41120], [41155, 41160], [41230, 41420], [41470, 41635], [41675, 42095], [42145, 42180], [42225, 42240], [42275, 42290], [42330, 42715], [42845, 43000], [43040, 43060], [43095, 43170], [43210, 43255], [43310, 43815], [43955, 44265], [44370, 49060], [49095, 50100], [50145, 53905], [53940, 53995]], "representative_frames": [5, 270, 860, 3060, 3095, 3190, 3285, 3335, 3345, 3380, 3430, 3480, 3720, 3765, 4080, 4115, 4150, 4200, 4210, 4245, 4330, 4380, 4440, 4945, 4970, 5040, 5065, 5110, 5115, 5160, 5295, 5410, 5425, 5470, 5475, 5770, 5845, 5885, 5910, 5945, 6030, 6125, 6255, 6310, 6435, 6470, 6495, 6550, 6730, 6770, 6795, 6845, 6855, 6890, 6940, 6985, 7010, 7420, 7895, 8040, 8115, 8490, 8515, 8805, 8820, 8865, 8925, 9300, 9370, 9685, 9730, 9765, 9875, 9915, 10485, 10990, 11635, 11680, 11725, 11815, 11955, 12040, 12055, 13205, 13410, 13665, 13815, 15920, 15940, 16055, 16280, 16315, 16355, 16400, 16415, 16485, 16510, 16545, 16585, 16620, 16765, 16840, 16850, 16890, 17285, 17320, 17420, 17540, 17550, 17635, 17735, 17780, 17975, 18010, 18835, 18870, 18955, 18990, 19050, 19085, 19220, 19255, 19390, 19435, 19525, 19560, 19610, 19645, 19790, 19825, 19960, 19995, 20100, 20140, 20925, 20975, 21000, 21060, 21545, 21930, 22635, 22680, 22715, 22750, 23480, 23515, 24180, 24215, 26475, 26595, 28860, 28945, 32040, 32080, 32100, 32370, 32380, 32525, 32540, 32620, 32860, 32920, 32950, 32995, 33010, 33055, 33115, 33155, 33185, 33225, 33230, 33270, 33285, 33370, 33440, 33480, 33505, 33540, 33545, 33595, 33650, 33695, 33735, 33930, 33990, 34045, 34200, 34240, 34265, 34300, 34470, 34515, 34625, 34675, 34690, 34735, 34790, 34835, 34885, 34950, 35015, 35055, 35070, 35115, 35120, 35160, 35175, 35275, 35280, 35325, 35340, 35380, 35445, 35485, 35555, 35595, 35640, 35695, 35715, 35750, 35820, 35855, 35875, 35930, 36085, 36125, 36195, 36235, 36250, 36350, 36355, 36405, 36520, 36560, 36570, 36610, 36635, 36675, 36810, 36890, 37005, 37100, 37105, 37215, 37330, 37430, 37555, 37595, 37600, 37650, 37655, 37690, 37715, 37755, 37820, 37855, 37885, 37925, 37930, 37970, 38095, 38295, 38355, 38555, 38635, 38770, 38790, 38835, 38850, 38890, 38895, 39000, 39015, 39105, 39120, 39160, 39190, 39260, 39275, 39375, 39390, 39430, 39435, 39540, 39555, 39650, 39715, 39870, 40255, 40365, 40390, 40445, 40470, 40610, 40635, 40685, 40725, 40835, 40900, 40940, 40960, 41010, 41120, 41155, 41160, 41230, 41420, 41470, 41635, 41675, 42095, 42145, 42180, 42225, 42240, 42275, 42290, 42330, 42715, 42845, 43000, 43040, 43060, 43095, 43170, 43210, 43255, 43310, 43815, 43955, 44265, 44370, 49060, 49095, 50100, 50145, 53905, 53940, 53995], "representative_frames_count": 339, "static_frames": [5], "static_frames_count": 1}