{"camera_movement_sequences": [], "foi_count_frames": 10670, "foi_count_seconds": 355.66667, "foi_pct": 0.19726, "foi_sequences": [[3815, 3845], [3880, 4210], [4390, 4835], [5210, 5490], [7750, 7885], [14645, 14885], [15315, 15590], [16000, 16140], [16245, 16670], [17475, 17650], [20285, 20380], [27495, 27505], [27730, 27750], [28595, 28610], [28655, 29240], [29310, 30070], [30280, 30355], [30405, 30605], [30875, 31255], [31600, 31890], [32185, 32215], [32500, 32695], [35065, 35210], [35835, 35885], [37270, 38310], [39680, 40120], [40175, 40180], [40380, 40480], [40540, 40595], [41400, 41485], [41665, 41815], [42145, 42185], [42225, 42230], [42265, 42295], [42335, 42410], [42635, 43485], [43655, 43960], [44000, 44230], [44495, 44675], [44735, 45115], [45155, 45215], [45795, 46060], [46095, 46275], [47630, 47765], [47855, 48120], [48875, 48965], [49085, 49190], [49835, 50110]], "representative_frames": [5, 3815, 3845, 3880, 4210, 4390, 4835, 5210, 5490, 7750, 7885, 14645, 14885, 15315, 15590, 16000, 16140, 16245, 16670, 17475, 17650, 20285, 20380, 27495, 27505, 27730, 27750, 28595, 28610, 28655, 29240, 29310, 30070, 30280, 30355, 30405, 30605, 30875, 31255, 31600, 31890, 32185, 32215, 32500, 32695, 35065, 35210, 35835, 35885, 37270, 38310, 39680, 40120, 40175, 40180, 40380, 40480, 40540, 40595, 41400, 41485, 41665, 41815, 42145, 42185, 42225, 42230, 42265, 42295, 42335, 42410, 42635, 43485, 43655, 43960, 44000, 44230, 44495, 44675, 44735, 45115, 45155, 45215, 45795, 46060, 46095, 46275, 47630, 47765, 47855, 48120, 48875, 48965, 49085, 49190, 49835, 50110], "representative_frames_count": 97, "static_frames": [5], "static_frames_count": 1}