{"camera_movement_sequences": [], "foi_count_frames": 665, "foi_count_seconds": 27.708333333333332, "foi_pct": 0.015376078059608314, "foi_sequences": [[14455, 14460], [18475, 18810], [21380, 21705]], "representative_frames": [5, 14455, 14460, 18475, 18810, 21380, 21705], "representative_frames_count": 7, "static_frames": [5], "static_frames_count": 1}