{"camera_movement_sequences": [], "foi_count_frames": 115, "foi_count_seconds": 4.791666666666667, "foi_pct": 0.0026590210178270017, "foi_sequences": [[16820, 16855], [16985, 17050], [17415, 17430]], "representative_frames": [5, 16820, 16855, 16985, 17050, 17415, 17430], "representative_frames_count": 7, "static_frames": [5], "static_frames_count": 1}