{"camera_movement_sequences": [], "foi_count_frames": 17510, "foi_count_seconds": 583.6666666666666, "foi_pct": 0.32421723109967227, "foi_sequences": [[440, 850], [1940, 2740], [3520, 4000], [5020, 5280], [8875, 8900], [9395, 9415], [9455, 9460], [9500, 9510], [12000, 12055], [12395, 12640], [12820, 12955], [13650, 13670], [13795, 14040], [15295, 15640], [15790, 15810], [15855, 16880], [16915, 16930], [20630, 20695], [21360, 21745], [21820, 21835], [22720, 22725], [22970, 22980], [23055, 23190], [23275, 23295], [23400, 23405], [23490, 23510], [25690, 25985], [26810, 27395], [27435, 27450], [27495, 27630], [27710, 28050], [28165, 28205], [29335, 29560], [30295, 30300], [30485, 30545], [31055, 31205], [31940, 32400], [32470, 32505], [32705, 32730], [32850, 32915], [33150, 33390], [33450, 33930], [34095, 34110], [34200, 34365], [34465, 34650], [34700, 35490], [35550, 35610], [36560, 36565], [38030, 38250], [39715, 39750], [40190, 40370], [40555, 40855], [40935, 40975], [41020, 41500], [41740, 41785], [41840, 41865], [42030, 42595], [43165, 43195], [43255, 44275], [44335, 44710], [44930, 45015], [45175, 45235], [45295, 45775], [45825, 45835], [45870, 46375], [46455, 46755], [47195, 47210], [47250, 47255], [47295, 47315], [47430, 47450], [47535, 47775], [47810, 49125], [49775, 49795], [49850, 50180], [50230, 50265], [50495, 50780], [50930, 50955], [51135, 51675], [52675, 52755], [52875, 53550]], "representative_frames": [5, 440, 850, 1940, 2740, 3520, 4000, 5020, 5280, 8875, 8900, 9395, 9415, 9455, 9460, 9500, 9510, 12000, 12055, 12395, 12640, 12820, 12955, 13650, 13670, 13795, 14040, 15295, 15640, 15790, 15810, 15855, 16880, 16915, 16930, 20630, 20695, 21360, 21745, 21820, 21835, 22720, 22725, 22970, 22980, 23055, 23190, 23275, 23295, 23400, 23405, 23490, 23510, 25690, 25985, 26810, 27395, 27435, 27450, 27495, 27630, 27710, 28050, 28165, 28205, 29335, 29560, 30295, 30300, 30485, 30545, 31055, 31205, 31940, 32400, 32470, 32505, 32705, 32730, 32850, 32915, 33150, 33390, 33450, 33930, 34095, 34110, 34200, 34365, 34465, 34650, 34700, 35490, 35550, 35610, 36560, 36565, 38030, 38250, 39715, 39750, 40190, 40370, 40555, 40855, 40935, 40975, 41020, 41500, 41740, 41785, 41840, 41865, 42030, 42595, 43165, 43195, 43255, 44275, 44335, 44710, 44930, 45015, 45175, 45235, 45295, 45775, 45825, 45835, 45870, 46375, 46455, 46755, 47195, 47210, 47250, 47255, 47295, 47315, 47430, 47450, 47535, 47775, 47810, 49125, 49775, 49795, 49850, 50180, 50230, 50265, 50495, 50780, 50930, 50955, 51135, 51675, 52675, 52755, 52875, 53550], "representative_frames_count": 161, "static_frames": [5], "static_frames_count": 1}