{"camera_movement_sequences": [], "foi_count_frames": 27530, "foi_count_seconds": 1147.0833333333333, "foi_pct": 0.6372537672739057, "foi_sequences": [[205, 720], [2360, 2410], [2495, 2545], [2580, 2650], [2705, 2785], [2810, 2910], [2955, 3025], [3050, 3265], [3300, 3320], [3360, 3380], [3415, 3540], [3570, 3580], [3975, 3995], [4130, 4150], [4230, 4245], [4275, 4285], [4375, 4380], [4615, 4620], [4650, 4730], [4755, 4940], [4965, 5170], [5195, 5205], [5240, 5310], [5335, 5435], [5475, 5550], [5590, 5630], [5700, 5735], [5920, 6320], [6405, 6540], [6610, 6615], [7010, 7015], [7045, 7065], [7105, 7140], [7300, 7325], [7440, 7470], [7530, 7575], [7750, 7930], [7970, 8265], [8305, 8410], [8815, 9305], [9330, 9380], [9450, 9565], [9630, 9645], [9985, 9990], [10020, 10035], [10565, 10710], [10925, 11085], [12735, 12755], [12845, 12925], [12950, 12960], [12985, 13035], [13065, 13095], [13120, 13130], [13160, 13255], [13295, 13410], [13440, 13480], [13510, 13645], [13675, 13810], [13865, 13870], [13895, 13935], [14005, 14040], [14070, 14380], [14410, 15070], [15095, 15115], [15145, 15480], [15550, 15620], [15650, 15690], [15715, 15965], [16005, 16740], [16800, 17235], [17545, 17595], [17620, 17915], [17940, 17970], [18000, 18065], [18090, 18105], [18145, 18670], [18695, 19405], [19430, 20000], [20030, 21190], [21300, 23090], [23160, 25635], [25665, 25680], [26095, 26245], [26280, 26290], [26320, 26365], [26430, 26490], [26535, 26540], [26575, 26585], [26625, 26630], [26660, 26665], [26695, 26740], [26785, 26835], [26890, 26925], [26990, 27010], [27145, 27180], [27235, 27295], [27320, 27360], [27440, 27585], [27650, 27700], [27785, 27820], [27905, 27920], [27950, 27970], [28000, 28005], [28045, 28055], [28085, 28090], [28220, 28225], [28260, 28265], [28305, 28315], [28390, 28400], [28425, 28445], [28475, 28480], [28510, 28530], [28555, 28575], [28605, 28610], [28640, 28655], [28685, 28700], [28735, 28790], [28820, 28840], [28865, 28875], [28900, 28920], [28995, 29015], [29045, 29050], [29075, 29090], [29125, 29155], [29180, 29215], [29245, 29310], [29335, 29345], [29420, 29440], [29470, 29480], [29505, 29525], [29550, 29565], [29590, 29605], [29635, 29655], [29680, 29700], [29730, 29735], [29765, 29785], [29810, 29820], [29850, 29860], [29910, 29915], [29945, 29950], [29980, 30000], [30025, 30045], [30075, 30080], [30125, 30130], [30155, 30175], [30205, 30260], [30285, 30310], [30335, 30345], [30370, 30425], [30455, 30470], [30520, 30555], [30585, 30595], [30645, 30650], [30715, 30735], [30810, 30815], [30845, 30865], [30940, 30950], [31105, 31115], [31200, 31210], [31285, 31290], [31450, 31470], [31545, 31550], [31580, 31600], [31725, 31730], [31900, 32160], [32185, 32205], [32355, 32365], [32445, 32455], [32485, 32495], [32715, 32720], [32745, 32765], [32790, 32840], [32875, 32895], [32970, 33150], [33180, 33195], [33220, 33305], [33340, 33630], [33655, 33680], [33705, 33780], [33820, 34180], [34205, 34215], [34300, 34320], [34345, 34365], [34430, 34450], [34475, 34535], [34605, 34615], [34645, 34665], [34690, 35050], [35155, 35415], [35495, 39230], [39270, 40085], [40115, 43190]], "representative_frames": [5, 205, 720, 2360, 2410, 2495, 2545, 2580, 2650, 2705, 2785, 2810, 2910, 2955, 3025, 3050, 3265, 3300, 3320, 3360, 3380, 3415, 3540, 3570, 3580, 3975, 3995, 4130, 4150, 4230, 4245, 4275, 4285, 4375, 4380, 4615, 4620, 4650, 4730, 4755, 4940, 4965, 5170, 5195, 5205, 5240, 5310, 5335, 5435, 5475, 5550, 5590, 5630, 5700, 5735, 5920, 6320, 6405, 6540, 6610, 6615, 7010, 7015, 7045, 7065, 7105, 7140, 7300, 7325, 7440, 7470, 7530, 7575, 7750, 7930, 7970, 8265, 8305, 8410, 8815, 9305, 9330, 9380, 9450, 9565, 9630, 9645, 9985, 9990, 10020, 10035, 10565, 10710, 10925, 11085, 12735, 12755, 12845, 12925, 12950, 12960, 12985, 13035, 13065, 13095, 13120, 13130, 13160, 13255, 13295, 13410, 13440, 13480, 13510, 13645, 13675, 13810, 13865, 13870, 13895, 13935, 14005, 14040, 14070, 14380, 14410, 15070, 15095, 15115, 15145, 15480, 15550, 15620, 15650, 15690, 15715, 15965, 16005, 16740, 16800, 17235, 17545, 17595, 17620, 17915, 17940, 17970, 18000, 18065, 18090, 18105, 18145, 18670, 18695, 19405, 19430, 20000, 20030, 21190, 21300, 23090, 23160, 25635, 25665, 25680, 26095, 26245, 26280, 26290, 26320, 26365, 26430, 26490, 26535, 26540, 26575, 26585, 26625, 26630, 26660, 26665, 26695, 26740, 26785, 26835, 26890, 26925, 26990, 27010, 27145, 27180, 27235, 27295, 27320, 27360, 27440, 27585, 27650, 27700, 27785, 27820, 27905, 27920, 27950, 27970, 28000, 28005, 28045, 28055, 28085, 28090, 28220, 28225, 28260, 28265, 28305, 28315, 28390, 28400, 28425, 28445, 28475, 28480, 28510, 28530, 28555, 28575, 28605, 28610, 28640, 28655, 28685, 28700, 28735, 28790, 28820, 28840, 28865, 28875, 28900, 28920, 28995, 29015, 29045, 29050, 29075, 29090, 29125, 29155, 29180, 29215, 29245, 29310, 29335, 29345, 29420, 29440, 29470, 29480, 29505, 29525, 29550, 29565, 29590, 29605, 29635, 29655, 29680, 29700, 29730, 29735, 29765, 29785, 29810, 29820, 29850, 29860, 29910, 29915, 29945, 29950, 29980, 30000, 30025, 30045, 30075, 30080, 30125, 30130, 30155, 30175, 30205, 30260, 30285, 30310, 30335, 30345, 30370, 30425, 30455, 30470, 30520, 30555, 30585, 30595, 30645, 30650, 30715, 30735, 30810, 30815, 30845, 30865, 30940, 30950, 31105, 31115, 31200, 31210, 31285, 31290, 31450, 31470, 31545, 31550, 31580, 31600, 31725, 31730, 31900, 32160, 32185, 32205, 32355, 32365, 32445, 32455, 32485, 32495, 32715, 32720, 32745, 32765, 32790, 32840, 32875, 32895, 32970, 33150, 33180, 33195, 33220, 33305, 33340, 33630, 33655, 33680, 33705, 33780, 33820, 34180, 34205, 34215, 34300, 34320, 34345, 34365, 34430, 34450, 34475, 34535, 34605, 34615, 34645, 34665, 34690, 35050, 35155, 35415, 35495, 39230, 39270, 40085, 40115, 43190], "representative_frames_count": 385, "static_frames": [5], "static_frames_count": 1}