{"camera_movement_sequences": [], "foi_count_frames": 440, "foi_count_seconds": 14.66667, "foi_pct": 0.00813, "foi_sequences": [[11465, 11580], [11650, 11725], [13355, 13535], [15340, 15405], [15450, 15455]], "representative_frames": [5, 11465, 11580, 11650, 11725, 13355, 13535, 15340, 15405, 15450, 15455], "representative_frames_count": 11, "static_frames": [5], "static_frames_count": 1}