{"camera_movement_sequences": [], "foi_count_frames": 515, "foi_count_seconds": 17.166666666666668, "foi_pct": 0.009535800914696243, "foi_sequences": [[5425, 5720], [5825, 5895], [45560, 45705], [48285, 48290]], "representative_frames": [5, 5425, 5720, 5825, 5895, 45560, 45705, 48285, 48290], "representative_frames_count": 9, "static_frames": [5], "static_frames_count": 1}