{"camera_movement_sequences": [], "foi_count_frames": 4135, "foi_count_seconds": 137.83333333333334, "foi_pct": 0.0765641490917844, "foi_sequences": [[11125, 11225], [12955, 14075], [15055, 15155], [26570, 27435], [27610, 28460], [29580, 29685], [33700, 33810], [40160, 40175], [40295, 40440], [43610, 43615], [47435, 47540], [50870, 51225], [51340, 51435], [51490, 51655]], "representative_frames": [5, 11125, 11225, 12955, 14075, 15055, 15155, 26570, 27435, 27610, 28460, 29580, 29685, 33700, 33810, 40160, 40175, 40295, 40440, 43610, 43615, 47435, 47540, 50870, 51225, 51340, 51435, 51490, 51655], "representative_frames_count": 29, "static_frames": [5], "static_frames_count": 1}