{"camera_movement_sequences": [], "foi_count_frames": 340, "foi_count_seconds": 11.333333333333334, "foi_pct": 0.006291985121305772, "foi_sequences": [[3785, 3885], [11745, 11855], [15600, 15730]], "representative_frames": [5, 3785, 3885, 11745, 11855, 15600, 15730], "representative_frames_count": 7, "static_frames": [5], "static_frames_count": 1}