{"camera_movement_sequences": [], "foi_count_frames": 4055, "foi_count_seconds": 135.16667, "foi_pct": 0.07501, "foi_sequences": [[11135, 11235], [12970, 14090], [15070, 15170], [26590, 27285], [27345, 27465], [27635, 28485], [29610, 29715], [33735, 33845], [40200, 40215], [40335, 40485], [47480, 47585], [50935, 51280], [51390, 51485], [51550, 51695]], "representative_frames": [5, 11135, 11235, 12970, 14090, 15070, 15170, 26590, 27285, 27345, 27465, 27635, 28485, 29610, 29715, 33735, 33845, 40200, 40215, 40335, 40485, 47480, 47585, 50935, 51280, 51390, 51485, 51550, 51695], "representative_frames_count": 29, "static_frames": [5], "static_frames_count": 1}