{"camera_movement_sequences": [], "foi_count_frames": 155, "foi_count_seconds": 6.458333333333333, "foi_pct": 0.0035838978935929153, "foi_sequences": [[8770, 8775], [30625, 30630], [40675, 40820]], "representative_frames": [5, 8770, 8775, 30625, 30630, 40675, 40820], "representative_frames_count": 7, "static_frames": [5], "static_frames_count": 1}