{"camera_movement_sequences": [], "foi_count_frames": 1045, "foi_count_seconds": 34.833333333333336, "foi_pct": 0.019338601328719212, "foi_sequences": [[455, 540], [2455, 2560], [3220, 3340], [4920, 5080], [13605, 13830], [25675, 25755], [33185, 33265], [44245, 44350], [49135, 49220]], "representative_frames": [5, 455, 540, 2455, 2560, 3220, 3340, 4920, 5080, 13605, 13830, 25675, 25755, 33185, 33265, 44245, 44350, 49135, 49220], "representative_frames_count": 19, "static_frames": [5], "static_frames_count": 1}