{"camera_movement_sequences": [], "foi_count_frames": 3190, "foi_count_seconds": 106.33333333333333, "foi_pct": 0.05906751101729438, "foi_sequences": [[10825, 10945], [11125, 11335], [12315, 12415], [18020, 18240], [19320, 19420], [31220, 31355], [32735, 32845], [35130, 35570], [37165, 37315], [37430, 37565], [38100, 38250], [40855, 40950], [42405, 42605], [43605, 43735], [48845, 48975], [49035, 49135], [49200, 49265], [50580, 51025], [51395, 51435], [51585, 51645], [51760, 51805], [51875, 51885]], "representative_frames": [5, 10825, 10945, 11125, 11335, 12315, 12415, 18020, 18240, 19320, 19420, 31220, 31355, 32735, 32845, 35130, 35570, 37165, 37315, 37430, 37565, 38100, 38250, 40855, 40950, 42405, 42605, 43605, 43735, 48845, 48975, 49035, 49135, 49200, 49265, 50580, 51025, 51395, 51435, 51585, 51645, 51760, 51805, 51875, 51885], "representative_frames_count": 45, "static_frames": [5], "static_frames_count": 1}