{"camera_movement_sequences": [[17295, 17300]], "foi_count_frames": 10075, "foi_count_seconds": 419.7916666666667, "foi_pct": 0.23269510589648243, "foi_sequences": [[5, 3630], [3755, 3940], [4055, 4180], [4440, 4640], [5730, 5745], [5910, 6415], [6440, 6720], [6745, 7440], [7470, 7825], [7870, 8250], [8305, 8325], [8370, 8390], [8425, 10635], [10785, 10875], [10905, 10920], [11180, 11185], [15250, 15300], [15460, 15465], [23885, 23905], [24435, 24575], [24920, 25030], [25060, 25195], [25255, 25370], [29470, 29505], [29745, 29860], [30025, 30050], [32715, 32875], [34470, 34905], [36590, 36595]], "representative_frames": [5, 3630, 3755, 3940, 4055, 4180, 4440, 4640, 5730, 5745, 5910, 6415, 6440, 6720, 6745, 7440, 7470, 7825, 7870, 8250, 8305, 8325, 8370, 8390, 8425, 10635, 10785, 10875, 10905, 10920, 11180, 11185, 15250, 15300, 15460, 15465, 23885, 23905, 24435, 24575, 24920, 25030, 25060, 25195, 25255, 25370, 29470, 29505, 29745, 29860, 30025, 30050, 32715, 32875, 34470, 34905, 36590, 36595], "representative_frames_count": 58, "static_frames": [5], "static_frames_count": 1}