{"camera_movement_sequences": [], "foi_count_frames": 3085, "foi_count_seconds": 102.83333, "foi_pct": 0.05707, "foi_sequences": [[10840, 10950], [11135, 11380], [12325, 12425], [18050, 18270], [19345, 19445], [31250, 31390], [32785, 32885], [35165, 35470], [35515, 35600], [37200, 37355], [37470, 37600], [38140, 38290], [40895, 40990], [42450, 42600], [42640, 42645], [43650, 43780], [48895, 49030], [49095, 49185], [49250, 49325], [50630, 51075], [51475, 51480], [51635, 51695], [51815, 51860], [51930, 51940]], "representative_frames": [5, 10840, 10950, 11135, 11380, 12325, 12425, 18050, 18270, 19345, 19445, 31250, 31390, 32785, 32885, 35165, 35470, 35515, 35600, 37200, 37355, 37470, 37600, 38140, 38290, 40895, 40990, 42450, 42600, 42640, 42645, 43650, 43780, 48895, 49030, 49095, 49185, 49250, 49325, 50630, 51075, 51475, 51480, 51635, 51695, 51815, 51860, 51930, 51940], "representative_frames_count": 49, "static_frames": [5], "static_frames_count": 1}