{"camera_movement_sequences": [], "foi_count_frames": 1040, "foi_count_seconds": 43.333333333333336, "foi_pct": 0.024020139963507863, "foi_sequences": [[2595, 2765], [6650, 6810], [6940, 7135], [7350, 7565], [13045, 13330], [13365, 13380]], "representative_frames": [5, 2595, 2765, 6650, 6810, 6940, 7135, 7350, 7565, 13045, 13330, 13365, 13380], "representative_frames_count": 13, "static_frames": [5], "static_frames_count": 1}