{"camera_movement_sequences": [], "foi_count_frames": 635, "foi_count_seconds": 26.458333333333332, "foi_pct": 0.014674277262958427, "foi_sequences": [[3415, 3630], [4780, 4785], [10130, 10190], [10330, 10350], [35560, 35725], [35750, 35755], [38100, 38265]], "representative_frames": [5, 3415, 3630, 4780, 4785, 10130, 10190, 10330, 10350, 35560, 35725, 35750, 35755, 38100, 38265], "representative_frames_count": 15, "static_frames": [5], "static_frames_count": 1}