{"camera_movement_sequences": [], "foi_count_frames": 6830, "foi_count_seconds": 227.66667, "foi_pct": 0.12634, "foi_sequences": [[195, 510], [700, 810], [865, 1140], [3070, 3090], [3245, 3340], [4595, 4775], [7290, 7435], [7955, 8350], [8395, 8605], [10410, 10780], [13870, 13905], [15680, 15845], [18505, 18770], [20780, 21010], [25180, 25225], [25265, 25345], [25835, 26105], [26680, 26835], [27540, 27670], [30790, 31080], [32395, 32740], [37835, 37970], [38285, 38380], [38735, 38815], [39070, 39100], [39155, 39185], [40195, 40655], [40795, 40895], [42260, 42365], [42425, 42550], [43475, 43665], [44215, 44875], [45685, 45845], [46010, 46025], [46395, 46855], [46915, 46975]], "representative_frames": [5, 195, 510, 700, 810, 865, 1140, 3070, 3090, 3245, 3340, 4595, 4775, 7290, 7435, 7955, 8350, 8395, 8605, 10410, 10780, 13870, 13905, 15680, 15845, 18505, 18770, 20780, 21010, 25180, 25225, 25265, 25345, 25835, 26105, 26680, 26835, 27540, 27670, 30790, 31080, 32395, 32740, 37835, 37970, 38285, 38380, 38735, 38815, 39070, 39100, 39155, 39185, 40195, 40655, 40795, 40895, 42260, 42365, 42425, 42550, 43475, 43665, 44215, 44875, 45685, 45845, 46010, 46025, 46395, 46855, 46915, 46975], "representative_frames_count": 73, "static_frames": [5], "static_frames_count": 1}