{"camera_movement_sequences": [[20800, 20830], [29460, 29465], [37750, 37775], [37925, 37940], [48435, 48440], [53180, 53185]], "foi_count_frames": 14405, "foi_count_seconds": 480.16667, "foi_pct": 0.26631, "foi_sequences": [[960, 1040], [2470, 2500], [2645, 2695], [6080, 6155], [6210, 6760], [6820, 6835], [6875, 6895], [6935, 7000], [7035, 7260], [7350, 8035], [9805, 9925], [10035, 10075], [11320, 11375], [11680, 11960], [13805, 13975], [14065, 14085], [14125, 14190], [14225, 14375], [14885, 15200], [15280, 15300], [15460, 15635], [15945, 16055], [16150, 16155], [16585, 16675], [16740, 17215], [18940, 24415], [24960, 24965], [28735, 28865], [32000, 32195], [37690, 38325], [38370, 38505], [39455, 39880], [45265, 45270], [47355, 47370], [47535, 48100], [48370, 48685], [49590, 49690], [50310, 50355], [50930, 51195], [51880, 54090]], "representative_frames": [5, 960, 1040, 2470, 2500, 2645, 2695, 6080, 6155, 6210, 6760, 6820, 6835, 6875, 6895, 6935, 7000, 7035, 7260, 7350, 8035, 9805, 9925, 10035, 10075, 11320, 11375, 11680, 11960, 13805, 13975, 14065, 14085, 14125, 14190, 14225, 14375, 14885, 15200, 15280, 15300, 15460, 15635, 15945, 16055, 16150, 16155, 16585, 16675, 16740, 17215, 18940, 24415, 24960, 24965, 28735, 28865, 32000, 32195, 37690, 38325, 38370, 38505, 39455, 39880, 45265, 45270, 47355, 47370, 47535, 48100, 48370, 48685, 49590, 49690, 50310, 50355, 50930, 51195, 51880, 54090], "representative_frames_count": 81, "static_frames": [5], "static_frames_count": 1}