{"camera_movement_sequences": [], "foi_count_frames": 560, "foi_count_seconds": 23.333333333333332, "foi_pct": 0.01294827626072279, "foi_sequences": [[2795, 2940], [9625, 9815], [26425, 26445], [38455, 38505], [38650, 38805]], "representative_frames": [5, 2795, 2940, 9625, 9815, 26425, 26445, 38455, 38505, 38650, 38805], "representative_frames_count": 11, "static_frames": [5], "static_frames_count": 1}