{"camera_movement_sequences": [], "foi_count_frames": 9470, "foi_count_seconds": 394.5833333333333, "foi_pct": 0.21896460033758006, "foi_sequences": [[5, 780], [820, 1950], [1975, 2405], [2430, 3320], [3480, 3580], [6620, 6650], [6800, 6820], [9600, 10280], [10705, 10725], [11380, 11505], [12380, 12605], [12630, 12800], [12940, 13085], [13890, 14030], [15945, 15950], [16060, 16075], [16125, 16135], [16245, 16260], [20030, 20035], [22525, 22535], [23470, 24255], [26645, 26980], [27300, 27645], [27710, 27975], [29045, 29060], [29525, 29845], [29965, 30195], [30605, 30780], [31060, 31365], [31470, 31590], [33030, 33195], [33220, 33270], [33380, 33595], [34405, 34945], [35475, 35650], [36870, 36895], [38570, 38820], [40830, 40865], [41020, 41035], [41435, 41600]], "representative_frames": [5, 780, 820, 1950, 1975, 2405, 2430, 3320, 3480, 3580, 6620, 6650, 6800, 6820, 9600, 10280, 10705, 10725, 11380, 11505, 12380, 12605, 12630, 12800, 12940, 13085, 13890, 14030, 15945, 15950, 16060, 16075, 16125, 16135, 16245, 16260, 20030, 20035, 22525, 22535, 23470, 24255, 26645, 26980, 27300, 27645, 27710, 27975, 29045, 29060, 29525, 29845, 29965, 30195, 30605, 30780, 31060, 31365, 31470, 31590, 33030, 33195, 33220, 33270, 33380, 33595, 34405, 34945, 35475, 35650, 36870, 36895, 38570, 38820, 40830, 40865, 41020, 41035, 41435, 41600], "representative_frames_count": 80, "static_frames": [5], "static_frames_count": 1}