{"camera_movement_sequences": [[45880, 45885]], "foi_count_frames": 9095, "foi_count_seconds": 303.1666666666667, "foi_pct": 0.1684945718626107, "foi_sequences": [[1535, 1595], [10920, 11005], [11145, 11155], [11230, 11250], [11695, 11725], [11810, 11815], [11870, 12060], [14030, 14270], [14605, 14665], [14845, 14850], [18390, 18985], [20520, 20530], [20745, 20810], [20885, 22215], [22320, 22395], [23085, 23145], [23680, 23700], [23740, 23805], [23980, 24060], [24095, 24100], [24205, 24280], [24455, 24495], [24550, 24585], [25045, 25105], [25275, 25315], [25400, 25405], [25520, 25525], [25705, 25770], [25890, 26020], [26140, 26165], [28475, 28510], [28570, 28595], [28820, 28860], [28950, 28955], [29030, 29095], [29155, 29160], [29215, 29335], [30075, 30255], [30290, 31565], [31665, 31685], [31745, 31765], [31800, 31810], [31875, 31925], [32045, 32050], [32225, 32320], [32375, 32390], [32435, 32445], [32525, 32540], [33460, 33520], [33685, 33705], [33780, 33805], [34210, 34225], [34340, 34405], [34805, 35540], [35585, 35590], [36850, 37105], [37175, 37235], [38485, 38685], [39670, 39730], [40850, 40890], [40935, 40950], [41125, 41140], [41365, 41385], [41515, 41545], [42560, 42610], [42705, 42745], [42800, 43125], [44860, 44895], [45005, 45075], [45430, 46330], [46470, 46515], [46555, 46610], [47275, 47435], [50440, 50515], [53250, 53330], [53665, 53685], [53815, 53955]], "representative_frames": [5, 1535, 1595, 10920, 11005, 11145, 11155, 11230, 11250, 11695, 11725, 11810, 11815, 11870, 12060, 14030, 14270, 14605, 14665, 14845, 14850, 18390, 18985, 20520, 20530, 20745, 20810, 20885, 22215, 22320, 22395, 23085, 23145, 23680, 23700, 23740, 23805, 23980, 24060, 24095, 24100, 24205, 24280, 24455, 24495, 24550, 24585, 25045, 25105, 25275, 25315, 25400, 25405, 25520, 25525, 25705, 25770, 25890, 26020, 26140, 26165, 28475, 28510, 28570, 28595, 28820, 28860, 28950, 28955, 29030, 29095, 29155, 29160, 29215, 29335, 30075, 30255, 30290, 31565, 31665, 31685, 31745, 31765, 31800, 31810, 31875, 31925, 32045, 32050, 32225, 32320, 32375, 32390, 32435, 32445, 32525, 32540, 33460, 33520, 33685, 33705, 33780, 33805, 34210, 34225, 34340, 34405, 34805, 35540, 35585, 35590, 36850, 37105, 37175, 37235, 38485, 38685, 39670, 39730, 40850, 40890, 40935, 40950, 41125, 41140, 41365, 41385, 41515, 41545, 42560, 42610, 42705, 42745, 42800, 43125, 44860, 44895, 45005, 45075, 45430, 46330, 46470, 46515, 46555, 46610, 47275, 47435, 50440, 50515, 53250, 53330, 53665, 53685, 53815, 53955], "representative_frames_count": 155, "static_frames": [5], "static_frames_count": 1}