{"camera_movement_sequences": [], "foi_count_frames": 220, "foi_count_seconds": 7.33333, "foi_pct": 0.00407, "foi_sequences": [[3210, 3220], [39520, 39550], [50840, 51020]], "representative_frames": [5, 3210, 3220, 39520, 39550, 50840, 51020], "representative_frames_count": 7, "static_frames": [5], "static_frames_count": 1}