{"camera_movement_sequences": [], "foi_count_frames": 400, "foi_count_seconds": 13.333333333333334, "foi_pct": 0.00740233543683032, "foi_sequences": [[11455, 11560], [11635, 11695], [13340, 13500], [15325, 15390], [15435, 15445]], "representative_frames": [5, 11455, 11560, 11635, 11695, 13340, 13500, 15325, 15390, 15435, 15445], "representative_frames_count": 11, "static_frames": [5], "static_frames_count": 1}