{"camera_movement_sequences": [], "foi_count_frames": 11390, "foi_count_seconds": 379.66667, "foi_pct": 0.21069, "foi_sequences": [[5, 970], [1020, 3005], [3040, 4030], [4065, 4150], [4350, 4445], [8275, 8310], [8500, 8520], [12000, 12850], [13380, 13405], [14215, 14310], [14360, 14380], [15475, 15760], [15805, 16000], [16180, 16350], [17360, 17535], [20055, 20105], [20315, 20325], [28160, 28165], [29345, 30315], [33340, 33610], [33665, 33725], [34125, 34540], [34640, 34960], [36305, 36320], [36885, 37305], [37455, 37715], [38260, 38455], [38825, 39190], [39335, 39480], [41310, 41475], [41535, 41585], [41725, 41975], [43010, 43680], [44345, 44565], [46085, 46120], [48245, 48465], [49325, 49360], [51040, 51080], [51275, 51290], [51800, 52000]], "representative_frames": [5, 970, 1020, 3005, 3040, 4030, 4065, 4150, 4350, 4445, 8275, 8310, 8500, 8520, 12000, 12850, 13380, 13405, 14215, 14310, 14360, 14380, 15475, 15760, 15805, 16000, 16180, 16350, 17360, 17535, 20055, 20105, 20315, 20325, 28160, 28165, 29345, 30315, 33340, 33610, 33665, 33725, 34125, 34540, 34640, 34960, 36305, 36320, 36885, 37305, 37455, 37715, 38260, 38455, 38825, 39190, 39335, 39480, 41310, 41475, 41535, 41585, 41725, 41975, 43010, 43680, 44345, 44565, 46085, 46120, 48245, 48465, 49325, 49360, 51040, 51080, 51275, 51290, 51800, 52000], "representative_frames_count": 80, "static_frames": [5], "static_frames_count": 1}