{"camera_movement_sequences": [[24710, 24715]], "foi_count_frames": 3695, "foi_count_seconds": 123.16667, "foi_pct": 0.06831, "foi_sequences": [[20445, 22280], [22505, 22655], [22690, 23975], [24545, 24550], [24610, 24890], [25355, 25390], [26250, 26275], [26325, 26335], [26590, 26600], [27175, 27205], [27620, 27625], [29805, 29830]], "representative_frames": [5, 20445, 22280, 22505, 22655, 22690, 23975, 24545, 24550, 24610, 24890, 25355, 25390, 26250, 26275, 26325, 26335, 26590, 26600, 27175, 27205, 27620, 27625, 29805, 29830], "representative_frames_count": 25, "static_frames": [5], "static_frames_count": 1}