{"camera_movement_sequences": [], "foi_count_frames": 11735, "foi_count_seconds": 391.1666666666667, "foi_pct": 0.2174033865648968, "foi_sequences": [[1105, 4860], [11890, 11900], [14210, 16545], [17170, 17180], [20240, 20330], [20830, 21015], [21075, 21555], [21735, 21980], [22695, 22785], [22825, 23085], [23130, 23145], [23440, 23545], [23590, 23605], [24400, 24405], [24765, 24945], [25450, 25725], [25775, 25785], [26140, 26830], [27240, 27465], [27515, 28130], [28205, 28215], [28315, 28330], [28405, 28415], [28470, 28760], [30275, 30360], [32140, 32150], [32230, 32250], [34340, 34450], [35310, 35330], [35470, 35475], [35760, 36085], [37360, 37450], [37560, 37680], [45855, 45860], [47395, 47405], [48975, 49080], [49390, 49805], [49875, 50370]], "representative_frames": [5, 1105, 4860, 11890, 11900, 14210, 16545, 17170, 17180, 20240, 20330, 20830, 21015, 21075, 21555, 21735, 21980, 22695, 22785, 22825, 23085, 23130, 23145, 23440, 23545, 23590, 23605, 24400, 24405, 24765, 24945, 25450, 25725, 25775, 25785, 26140, 26830, 27240, 27465, 27515, 28130, 28205, 28215, 28315, 28330, 28405, 28415, 28470, 28760, 30275, 30360, 32140, 32150, 32230, 32250, 34340, 34450, 35310, 35330, 35470, 35475, 35760, 36085, 37360, 37450, 37560, 37680, 45855, 45860, 47395, 47405, 48975, 49080, 49390, 49805, 49875, 50370], "representative_frames_count": 77, "static_frames": [5], "static_frames_count": 1}