{"camera_movement_sequences": [], "foi_count_frames": 40220, "foi_count_seconds": 1675.8333333333333, "foi_pct": 0.93048004626952, "foi_sequences": [[30, 2905], [2950, 2995], [3090, 13700], [13845, 14445], [14470, 14950], [15000, 15355], [15415, 15865], [15900, 16630], [16665, 18315], [18340, 19995], [20310, 20550], [20840, 21055], [21120, 21420], [21895, 22135], [22980, 23525], [23550, 23555], [23640, 26070], [26100, 26195], [26310, 29115], [29140, 29155], [29285, 30420], [30450, 31565], [31590, 43220]], "representative_frames": [5, 30, 2905, 2950, 2995, 3090, 13700, 13845, 14445, 14470, 14950, 15000, 15355, 15415, 15865, 15900, 16630, 16665, 18315, 18340, 19995, 20310, 20550, 20840, 21055, 21120, 21420, 21895, 22135, 22980, 23525, 23550, 23555, 23640, 26070, 26100, 26195, 26310, 29115, 29140, 29155, 29285, 30420, 30450, 31565, 31590, 43220], "representative_frames_count": 47, "static_frames": [5], "static_frames_count": 1}