{"camera_movement_sequences": [], "foi_count_frames": 865, "foi_count_seconds": 28.833333333333332, "foi_pct": 0.016025047241468745, "foi_sequences": [[19965, 20090], [22645, 22730], [27605, 27820], [30050, 30100], [30135, 30185], [35070, 35190], [51435, 51555], [53295, 53395]], "representative_frames": [5, 19965, 20090, 22645, 22730, 27605, 27820, 30050, 30100, 30135, 30185, 35070, 35190, 51435, 51555, 53295, 53395], "representative_frames_count": 17, "static_frames": [5], "static_frames_count": 1}