{"camera_movement_sequences": [], "foi_count_frames": 235, "foi_count_seconds": 7.833333333333333, "foi_pct": 0.004351287796026441, "foi_sequences": [[24615, 24720], [39865, 39995]], "representative_frames": [5, 24615, 24720, 39865, 39995], "representative_frames_count": 5, "static_frames": [5], "static_frames_count": 1}