{"camera_movement_sequences": [], "foi_count_frames": 14050, "foi_count_seconds": 585.4166666666666, "foi_pct": 0.3250433776749566, "foi_sequences": [[20, 165], [245, 290], [425, 1010], [1060, 2275], [2335, 2360], [2385, 2405], [3330, 3435], [3605, 4040], [4065, 4080], [4375, 4500], [4555, 4705], [4830, 5090], [5115, 5490], [5555, 5775], [5805, 5955], [7850, 7865], [8055, 8070], [8095, 8115], [8600, 8620], [9045, 9260], [9290, 9360], [9385, 9590], [9625, 10165], [10200, 11550], [11610, 13230], [13260, 13445], [13500, 13770], [13795, 13825], [13855, 13950], [14250, 14340], [14385, 14415], [14525, 14575], [14600, 14615], [14645, 14710], [15000, 15015], [15325, 15345], [15370, 15375], [15450, 15490], [15515, 15635], [16140, 16155], [16480, 16520], [16665, 17015], [17055, 17430], [17515, 17520], [17775, 17790], [17930, 18055], [18110, 18120], [18240, 18510], [18610, 18965], [18990, 19000], [21685, 21795], [23885, 25000], [25025, 25035], [25290, 25325], [25350, 25360], [25420, 25455], [25575, 25620], [25825, 25830], [26040, 26290], [26380, 26525], [26550, 27870], [31280, 31320], [32830, 32850], [33105, 33140], [33210, 33220], [35745, 35795], [35820, 35840], [35885, 35890], [39670, 39845], [40830, 40905]], "representative_frames": [5, 20, 165, 245, 290, 425, 1010, 1060, 2275, 2335, 2360, 2385, 2405, 3330, 3435, 3605, 4040, 4065, 4080, 4375, 4500, 4555, 4705, 4830, 5090, 5115, 5490, 5555, 5775, 5805, 5955, 7850, 7865, 8055, 8070, 8095, 8115, 8600, 8620, 9045, 9260, 9290, 9360, 9385, 9590, 9625, 10165, 10200, 11550, 11610, 13230, 13260, 13445, 13500, 13770, 13795, 13825, 13855, 13950, 14250, 14340, 14385, 14415, 14525, 14575, 14600, 14615, 14645, 14710, 15000, 15015, 15325, 15345, 15370, 15375, 15450, 15490, 15515, 15635, 16140, 16155, 16480, 16520, 16665, 17015, 17055, 17430, 17515, 17520, 17775, 17790, 17930, 18055, 18110, 18120, 18240, 18510, 18610, 18965, 18990, 19000, 21685, 21795, 23885, 25000, 25025, 25035, 25290, 25325, 25350, 25360, 25420, 25455, 25575, 25620, 25825, 25830, 26040, 26290, 26380, 26525, 26550, 27870, 31280, 31320, 32830, 32850, 33105, 33140, 33210, 33220, 35745, 35795, 35820, 35840, 35885, 35890, 39670, 39845, 40830, 40905], "representative_frames_count": 141, "static_frames": [5], "static_frames_count": 1}