{"camera_movement_sequences": [], "foi_count_frames": 250, "foi_count_seconds": 8.333333333333334, "foi_pct": 0.0046264596480189496, "foi_sequences": [[45970, 46055], [46125, 46160], [51515, 51645]], "representative_frames": [5, 45970, 46055, 46125, 46160, 51515, 51645], "representative_frames_count": 7, "static_frames": [5], "static_frames_count": 1}