{"camera_movement_sequences": [], "foi_count_frames": 17320, "foi_count_seconds": 577.33333, "foi_pct": 0.32038, "foi_sequences": [[440, 850], [1940, 2740], [3545, 4000], [5025, 5285], [8885, 8910], [9420, 9425], [9505, 9520], [12010, 12065], [12445, 12660], [12815, 12970], [13665, 13685], [13800, 14035], [15310, 15695], [15775, 15825], [15910, 16895], [16935, 16945], [20650, 20715], [21385, 21770], [21840, 21850], [22850, 22885], [23075, 23220], [23425, 23435], [23640, 23675], [25720, 26015], [26825, 27425], [27460, 27480], [27545, 27700], [27740, 28015], [28055, 28070], [28190, 28240], [29345, 29590], [30325, 30330], [30525, 30595], [31085, 31235], [31970, 32435], [32505, 32545], [32735, 32765], [32885, 32950], [33185, 33425], [33485, 33965], [34230, 34395], [34500, 34685], [34740, 35525], [35585, 35645], [38070, 38285], [39755, 39790], [40230, 40410], [40625, 40895], [40980, 41030], [41065, 41550], [41785, 41825], [41880, 41910], [42075, 42635], [43210, 43240], [43300, 44290], [44375, 44755], [44975, 45060], [45220, 45280], [45340, 45820], [45940, 45965], [46035, 46435], [46505, 46840], [47340, 47365], [47475, 47500], [47585, 47605], [47640, 49175], [49825, 49840], [49925, 50230], [50280, 50315], [50545, 50800], [50895, 50900], [50975, 51005], [51185, 51200], [51240, 51730], [52730, 52810], [52930, 53605]], "representative_frames": [5, 440, 850, 1940, 2740, 3545, 4000, 5025, 5285, 8885, 8910, 9420, 9425, 9505, 9520, 12010, 12065, 12445, 12660, 12815, 12970, 13665, 13685, 13800, 14035, 15310, 15695, 15775, 15825, 15910, 16895, 16935, 16945, 20650, 20715, 21385, 21770, 21840, 21850, 22850, 22885, 23075, 23220, 23425, 23435, 23640, 23675, 25720, 26015, 26825, 27425, 27460, 27480, 27545, 27700, 27740, 28015, 28055, 28070, 28190, 28240, 29345, 29590, 30325, 30330, 30525, 30595, 31085, 31235, 31970, 32435, 32505, 32545, 32735, 32765, 32885, 32950, 33185, 33425, 33485, 33965, 34230, 34395, 34500, 34685, 34740, 35525, 35585, 35645, 38070, 38285, 39755, 39790, 40230, 40410, 40625, 40895, 40980, 41030, 41065, 41550, 41785, 41825, 41880, 41910, 42075, 42635, 43210, 43240, 43300, 44290, 44375, 44755, 44975, 45060, 45220, 45280, 45340, 45820, 45940, 45965, 46035, 46435, 46505, 46840, 47340, 47365, 47475, 47500, 47585, 47605, 47640, 49175, 49825, 49840, 49925, 50230, 50280, 50315, 50545, 50800, 50895, 50900, 50975, 51005, 51185, 51200, 51240, 51730, 52730, 52810, 52930, 53605], "representative_frames_count": 153, "static_frames": [5], "static_frames_count": 1}