{"camera_movement_sequences": [], "foi_count_frames": 815, "foi_count_seconds": 27.16667, "foi_pct": 0.01508, "foi_sequences": [[19985, 20110], [22670, 22750], [27630, 27845], [30080, 30130], [30165, 30215], [35105, 35200], [51485, 51600], [53350, 53435]], "representative_frames": [5, 19985, 20110, 22670, 22750, 27630, 27845, 30080, 30130, 30165, 30215, 35105, 35200, 51485, 51600, 53350, 53435], "representative_frames_count": 17, "static_frames": [5], "static_frames_count": 1}