{"camera_movement_sequences": [], "foi_count_frames": 1795, "foi_count_seconds": 59.833333333333336, "foi_pct": 0.03325428878431954, "foi_sequences": [[3990, 3995], [9680, 10110], [14930, 15135], [15270, 15280], [15325, 15460], [15495, 15615], [16440, 16550], [16640, 16730], [22300, 22305], [34530, 34710], [35905, 36235], [49370, 49545]], "representative_frames": [5, 3990, 3995, 9680, 10110, 14930, 15135, 15270, 15280, 15325, 15460, 15495, 15615, 16440, 16550, 16640, 16730, 22300, 22305, 34530, 34710, 35905, 36235, 49370, 49545], "representative_frames_count": 25, "static_frames": [5], "static_frames_count": 1}