{"camera_movement_sequences": [], "foi_count_frames": 3430, "foi_count_seconds": 114.33333333333333, "foi_pct": 0.06343980616642314, "foi_sequences": [[1250, 1320], [2240, 2250], [2350, 2600], [9080, 9235], [28735, 28750], [28800, 28815], [30695, 30705], [33265, 33295], [34595, 34875], [34980, 34990], [35040, 35050], [35190, 35220], [35280, 35340], [35460, 35520], [35750, 35760], [36680, 36800], [36840, 37665], [40045, 40050], [40135, 40155], [40630, 40780], [42140, 42165], [43345, 43400], [43640, 43655], [43910, 43925], [45285, 45290], [46365, 46400], [46790, 46805], [47045, 47075], [47200, 47230], [47565, 47580], [47780, 47800], [49985, 49995], [52695, 53535], [53590, 53650], [53940, 54065]], "representative_frames": [5, 1250, 1320, 2240, 2250, 2350, 2600, 9080, 9235, 28735, 28750, 28800, 28815, 30695, 30705, 33265, 33295, 34595, 34875, 34980, 34990, 35040, 35050, 35190, 35220, 35280, 35340, 35460, 35520, 35750, 35760, 36680, 36800, 36840, 37665, 40045, 40050, 40135, 40155, 40630, 40780, 42140, 42165, 43345, 43400, 43640, 43655, 43910, 43925, 45285, 45290, 46365, 46400, 46790, 46805, 47045, 47075, 47200, 47230, 47565, 47580, 47780, 47800, 49985, 49995, 52695, 53535, 53590, 53650, 53940, 54065], "representative_frames_count": 71, "static_frames": [5], "static_frames_count": 1}