{"camera_movement_sequences": [], "foi_count_frames": 185, "foi_count_seconds": 6.166666666666667, "foi_pct": 0.003425481881978262, "foi_sequences": [[3330, 3420], [12925, 13020]], "representative_frames": [5, 3330, 3420, 12925, 13020], "representative_frames_count": 5, "static_frames": [5], "static_frames_count": 1}