{"camera_movement_sequences": [], "foi_count_frames": 935, "foi_count_seconds": 31.166666666666668, "foi_pct": 0.01733150441165567, "foi_sequences": [[7410, 7590], [13050, 13210], [13310, 13315], [17640, 17900], [32585, 32645], [36900, 36960], [52245, 52365], [53680, 53770]], "representative_frames": [5, 7410, 7590, 13050, 13210, 13310, 13315, 17640, 17900, 32585, 32645, 36900, 36960, 52245, 52365, 53680, 53770], "representative_frames_count": 17, "static_frames": [5], "static_frames_count": 1}