{"camera_movement_sequences": [], "foi_count_frames": 7270, "foi_count_seconds": 242.33333333333334, "foi_pct": 0.13446279616031961, "foi_sequences": [[5575, 5930], [7570, 7890], [10555, 10760], [16550, 16760], [17170, 17540], [20745, 21105], [21150, 21160], [21315, 21345], [22665, 22675], [22715, 23145], [23185, 24120], [24160, 24250], [24285, 24345], [24520, 24525], [24855, 24860], [25055, 25175], [25840, 25855], [26740, 26765], [26800, 26830], [26920, 27270], [28715, 29105], [29920, 30085], [33335, 33340], [39720, 39930], [40645, 40985], [42020, 42270], [46000, 46355], [46790, 47205], [47805, 47995], [49675, 49850], [49905, 49910], [49955, 49970], [50145, 50265], [50380, 50865], [51585, 51610], [51645, 51670], [51790, 51850], [51945, 51960], [52115, 52125], [52935, 52965], [53880, 53890], [53975, 54015]], "representative_frames": [5, 5575, 5930, 7570, 7890, 10555, 10760, 16550, 16760, 17170, 17540, 20745, 21105, 21150, 21160, 21315, 21345, 22665, 22675, 22715, 23145, 23185, 24120, 24160, 24250, 24285, 24345, 24520, 24525, 24855, 24860, 25055, 25175, 25840, 25855, 26740, 26765, 26800, 26830, 26920, 27270, 28715, 29105, 29920, 30085, 33335, 33340, 39720, 39930, 40645, 40985, 42020, 42270, 46000, 46355, 46790, 47205, 47805, 47995, 49675, 49850, 49905, 49910, 49955, 49970, 50145, 50265, 50380, 50865, 51585, 51610, 51645, 51670, 51790, 51850, 51945, 51960, 52115, 52125, 52935, 52965, 53880, 53890, 53975, 54015], "representative_frames_count": 85, "static_frames": [5], "static_frames_count": 1}