{"camera_movement_sequences": [], "foi_count_frames": 350, "foi_count_seconds": 11.66667, "foi_pct": 0.00647, "foi_sequences": [[3795, 3890], [11755, 11885], [15615, 15740]], "representative_frames": [5, 3795, 3890, 11755, 11885, 15615, 15740], "representative_frames_count": 7, "static_frames": [5], "static_frames_count": 1}