{"camera_movement_sequences": [], "foi_count_frames": 16660, "foi_count_seconds": 555.33333, "foi_pct": 0.30834, "foi_sequences": [[10, 165], [305, 340], [545, 1095], [1140, 1265], [1365, 2835], [4160, 4290], [4505, 5095], [5465, 5615], [5700, 5880], [6040, 6345], [6390, 6860], [6940, 7220], [7300, 7445], [9810, 9830], [10080, 10085], [10145, 10175], [11315, 11560], [11615, 11695], [11735, 11985], [12030, 12660], [12750, 14435], [14520, 16540], [16575, 16800], [16875, 17085], [17130, 17280], [17320, 17440], [17810, 17925], [17980, 18015], [18155, 18215], [18250, 18255], [18325, 18330], [18370, 18385], [18750, 18755], [19155, 19175], [19310, 19540], [20600, 20650], [20830, 21265], [21315, 21770], [22220, 22240], [22410, 22535], [22810, 23120], [23260, 23660], [27105, 27240], [29860, 31185], [31220, 31280], [31620, 31655], [31780, 31810], [31965, 32025], [32550, 32860], [32985, 33030], [33065, 34840], [41380, 41425], [41515, 41525], [44790, 44800], [49600, 49785], [51035, 51130]], "representative_frames": [5, 10, 165, 305, 340, 545, 1095, 1140, 1265, 1365, 2835, 4160, 4290, 4505, 5095, 5465, 5615, 5700, 5880, 6040, 6345, 6390, 6860, 6940, 7220, 7300, 7445, 9810, 9830, 10080, 10085, 10145, 10175, 11315, 11560, 11615, 11695, 11735, 11985, 12030, 12660, 12750, 14435, 14520, 16540, 16575, 16800, 16875, 17085, 17130, 17280, 17320, 17440, 17810, 17925, 17980, 18015, 18155, 18215, 18250, 18255, 18325, 18330, 18370, 18385, 18750, 18755, 19155, 19175, 19310, 19540, 20600, 20650, 20830, 21265, 21315, 21770, 22220, 22240, 22410, 22535, 22810, 23120, 23260, 23660, 27105, 27240, 29860, 31185, 31220, 31280, 31620, 31655, 31780, 31810, 31965, 32025, 32550, 32860, 32985, 33030, 33065, 34840, 41380, 41425, 41515, 41525, 44790, 44800, 49600, 49785, 51035, 51130], "representative_frames_count": 113, "static_frames": [5], "static_frames_count": 1}