{"camera_movement_sequences": [], "foi_count_frames": 12205, "foi_count_seconds": 406.83333, "foi_pct": 0.22576, "foi_sequences": [[965, 1285], [1345, 1405], [2065, 2455], [2515, 2695], [6880, 7015], [7055, 7445], [10580, 10760], [17005, 17230], [17520, 17590], [17650, 17670], [17770, 17805], [17945, 17975], [18010, 18070], [18650, 18790], [18970, 19095], [19610, 19735], [20010, 20120], [21135, 21180], [21845, 21890], [23055, 23370], [24995, 25010], [25185, 25230], [25375, 25410], [27360, 28360], [28560, 28615], [29000, 29600], [29770, 31015], [31090, 31340], [31380, 31400], [31440, 31460], [33160, 33365], [35770, 36135], [36205, 36280], [36510, 36960], [40925, 41145], [42630, 42640], [43830, 43955], [44945, 45500], [46240, 46475], [46510, 46990], [47585, 47905], [48340, 48365], [49385, 49775], [49815, 49845], [49885, 49955], [50525, 50535], [50670, 50710], [51425, 52170], [52380, 52695], [52805, 54060]], "representative_frames": [5, 965, 1285, 1345, 1405, 2065, 2455, 2515, 2695, 6880, 7015, 7055, 7445, 10580, 10760, 17005, 17230, 17520, 17590, 17650, 17670, 17770, 17805, 17945, 17975, 18010, 18070, 18650, 18790, 18970, 19095, 19610, 19735, 20010, 20120, 21135, 21180, 21845, 21890, 23055, 23370, 24995, 25010, 25185, 25230, 25375, 25410, 27360, 28360, 28560, 28615, 29000, 29600, 29770, 31015, 31090, 31340, 31380, 31400, 31440, 31460, 33160, 33365, 35770, 36135, 36205, 36280, 36510, 36960, 40925, 41145, 42630, 42640, 43830, 43955, 44945, 45500, 46240, 46475, 46510, 46990, 47585, 47905, 48340, 48365, 49385, 49775, 49815, 49845, 49885, 49955, 50525, 50535, 50670, 50710, 51425, 52170, 52380, 52695, 52805, 54060], "representative_frames_count": 101, "static_frames": [5], "static_frames_count": 1}