{"camera_movement_sequences": [], "foi_count_frames": 3115, "foi_count_seconds": 103.83333, "foi_pct": 0.05756, "foi_sequences": [[1250, 1320], [2245, 2250], [2355, 2600], [9090, 9245], [15750, 15755], [16880, 16900], [28765, 28780], [28830, 28840], [28990, 28995], [30725, 30735], [34655, 34900], [35015, 35025], [35225, 35280], [35315, 35375], [35495, 35560], [35600, 35615], [36730, 36835], [36910, 37375], [37410, 37435], [37495, 37510], [37800, 37805], [40175, 40195], [40605, 40610], [40670, 40820], [42185, 42200], [43425, 43470], [43650, 43700], [43955, 43965], [45330, 45335], [46410, 46485], [47095, 47170], [47265, 47290], [47615, 47630], [47830, 47850], [50035, 50045], [52770, 53590], [53645, 53710], [53875, 53885], [53990, 54005], [54040, 54120]], "representative_frames": [5, 1250, 1320, 2245, 2250, 2355, 2600, 9090, 9245, 15750, 15755, 16880, 16900, 28765, 28780, 28830, 28840, 28990, 28995, 30725, 30735, 34655, 34900, 35015, 35025, 35225, 35280, 35315, 35375, 35495, 35560, 35600, 35615, 36730, 36835, 36910, 37375, 37410, 37435, 37495, 37510, 37800, 37805, 40175, 40195, 40605, 40610, 40670, 40820, 42185, 42200, 43425, 43470, 43650, 43700, 43955, 43965, 45330, 45335, 46410, 46485, 47095, 47170, 47265, 47290, 47615, 47630, 47830, 47850, 50035, 50045, 52770, 53590, 53645, 53710, 53875, 53885, 53990, 54005, 54040, 54120], "representative_frames_count": 81, "static_frames": [5], "static_frames_count": 1}