{"camera_movement_sequences": [], "foi_count_frames": 895, "foi_count_seconds": 29.83333, "foi_pct": 0.01657, "foi_sequences": [[7420, 7595], [13060, 13220], [13325, 13335], [17660, 17915], [32630, 32680], [36940, 36995], [52300, 52415], [53750, 53825]], "representative_frames": [5, 7420, 7595, 13060, 13220, 13325, 13335, 17660, 17915, 32630, 32680, 36940, 36995, 52300, 52415, 53750, 53825], "representative_frames_count": 17, "static_frames": [5], "static_frames_count": 1}