{"camera_movement_sequences": [[44045, 44050]], "foi_count_frames": 1040, "foi_count_seconds": 34.666666666666664, "foi_pct": 0.019237172135696052, "foi_sequences": [[43010, 43025], [43060, 44075], [52310, 52320]], "representative_frames": [5, 43010, 43025, 43060, 44075, 52310, 52320], "representative_frames_count": 7, "static_frames": [5], "static_frames_count": 1}