{"camera_movement_sequences": [[10865, 10870], [11635, 11650], [14920, 14965], [49805, 49855]], "foi_count_frames": 4940, "foi_count_seconds": 164.66667, "foi_pct": 0.09138, "foi_sequences": [[5, 140], [355, 830], [920, 1270], [1375, 1405], [1445, 1585], [1650, 2235], [10495, 11005], [11315, 11915], [14365, 14985], [35620, 35705], [35875, 36425], [36605, 36610], [48445, 49045], [49550, 49645], [49705, 49860], [52640, 52645]], "representative_frames": [5, 140, 355, 830, 920, 1270, 1375, 1405, 1445, 1585, 1650, 2235, 10495, 11005, 11315, 11915, 14365, 14985, 35620, 35705, 35875, 36425, 36605, 36610, 48445, 49045, 49550, 49645, 49705, 49860, 52640, 52645], "representative_frames_count": 32, "static_frames": [5], "static_frames_count": 1}