{"camera_movement_sequences": [[37625, 37635]], "foi_count_frames": 1375, "foi_count_seconds": 45.833333333333336, "foi_pct": 0.025435643198046542, "foi_sequences": [[37110, 37315], [37425, 37645], [38255, 38470], [38770, 38825], [38900, 39510], [44680, 44695], [44745, 44755], [44940, 44945], [45015, 45055]], "representative_frames": [5, 37110, 37315, 37425, 37645, 38255, 38470, 38770, 38825, 38900, 39510, 44680, 44695, 44745, 44755, 44940, 44945, 45015, 45055], "representative_frames_count": 19, "static_frames": [5], "static_frames_count": 1}