{"camera_movement_sequences": [[29410, 29425], [37855, 37865], [47300, 47305], [50275, 50320]], "foi_count_frames": 2855, "foi_count_seconds": 95.16667, "foi_pct": 0.05281, "foi_sequences": [[28340, 28580], [29315, 29430], [37845, 38050], [47285, 47740], [49625, 49960], [50265, 50550], [51465, 51665], [51755, 51850], [52090, 52555], [53105, 53200], [53625, 53815], [53885, 54060]], "representative_frames": [5, 28340, 28580, 29315, 29430, 37845, 38050, 47285, 47740, 49625, 49960, 50265, 50550, 51465, 51665, 51755, 51850, 52090, 52555, 53105, 53200, 53625, 53815, 53885, 54060], "representative_frames_count": 25, "static_frames": [5], "static_frames_count": 1}