{"camera_movement_sequences": [], "foi_count_frames": 13790, "foi_count_seconds": 459.66667, "foi_pct": 0.25509, "foi_sequences": [[10655, 10660], [12595, 12905], [13235, 13635], [14615, 14845], [14955, 15115], [15355, 15500], [15540, 15665], [15815, 15890], [15945, 16165], [16610, 16795], [16875, 17155], [17660, 17995], [18110, 18210], [18245, 18580], [18670, 18690], [18945, 19125], [19240, 20000], [20140, 20370], [20525, 20750], [21510, 22045], [22100, 22330], [22415, 22475], [22585, 22615], [22655, 22660], [22700, 22850], [22890, 22905], [22940, 24270], [24485, 24705], [25170, 25485], [25570, 25945], [26030, 26230], [26275, 26295], [26470, 26720], [26885, 26985], [27095, 27165], [27400, 27615], [28805, 28810], [29065, 29165], [29375, 29990], [30280, 30305], [30340, 30350], [30500, 30675], [30755, 31495], [32600, 32695], [33215, 33265], [33420, 33430], [33805, 34155], [34785, 34805], [34925, 35355], [36265, 36770], [36885, 38110], [38190, 38235], [41455, 41540], [42480, 42645], [43170, 43240], [44005, 44045], [45665, 45740], [46135, 46270], [46920, 47055], [47305, 47375], [51255, 51275], [51860, 51920], [52400, 52445], [53900, 53950]], "representative_frames": [5, 10655, 10660, 12595, 12905, 13235, 13635, 14615, 14845, 14955, 15115, 15355, 15500, 15540, 15665, 15815, 15890, 15945, 16165, 16610, 16795, 16875, 17155, 17660, 17995, 18110, 18210, 18245, 18580, 18670, 18690, 18945, 19125, 19240, 20000, 20140, 20370, 20525, 20750, 21510, 22045, 22100, 22330, 22415, 22475, 22585, 22615, 22655, 22660, 22700, 22850, 22890, 22905, 22940, 24270, 24485, 24705, 25170, 25485, 25570, 25945, 26030, 26230, 26275, 26295, 26470, 26720, 26885, 26985, 27095, 27165, 27400, 27615, 28805, 28810, 29065, 29165, 29375, 29990, 30280, 30305, 30340, 30350, 30500, 30675, 30755, 31495, 32600, 32695, 33215, 33265, 33420, 33430, 33805, 34155, 34785, 34805, 34925, 35355, 36265, 36770, 36885, 37890, 37895, 37900, 37910, 37915, 37920, 37925, 37930, 37940, 37955, 37970, 37985, 37995, 38065, 38110, 38190, 38235, 41455, 41475, 41480, 41485, 41490, 41495, 41505, 41540, 42480, 42490, 42500, 42505, 42515, 42530, 42590, 42595, 42600, 42610, 42630, 42645, 43170, 43240, 44005, 44045, 45665, 45740, 46135, 46155, 46160, 46175, 46195, 46270, 46920, 46955, 46965, 47055, 47305, 47375, 51255, 51275, 51860, 51920, 52400, 52445, 53900, 53950], "representative_frames_count": 165, "static_frames": [5, 37890, 37895, 37900, 37910, 37915, 37920, 37925, 37930, 37940, 37955, 37970, 37985, 37995, 38065, 41475, 41480, 41485, 41490, 41495, 41505, 42490, 42500, 42505, 42515, 42530, 42590, 42595, 42600, 42610, 42630, 42645, 46155, 46160, 46175, 46195, 46955, 46965], "static_frames_count": 38}