{"camera_movement_sequences": [[31315, 31340]], "foi_count_frames": 1465, "foi_count_seconds": 48.833333333333336, "foi_pct": 0.027098516518071842, "foi_sequences": [[30655, 31000], [31195, 31345], [35915, 36325], [42925, 43080], [43345, 43465], [43645, 43690], [43810, 44050]], "representative_frames": [5, 30655, 31000, 31195, 31345, 35915, 36325, 42925, 43080, 43345, 43465, 43645, 43690, 43810, 44050], "representative_frames_count": 15, "static_frames": [5], "static_frames_count": 1}