{"camera_movement_sequences": [], "foi_count_frames": 770, "foi_count_seconds": 25.666666666666668, "foi_pct": 0.014250814332247556, "foi_sequences": [[5080, 5155], [16035, 16250], [16285, 16290], [16790, 16845], [16935, 16945], [17070, 17155], [17745, 17785], [17925, 17950], [18015, 18135], [40645, 40720], [41285, 41350]], "representative_frames": [5, 5080, 5155, 16035, 16250, 16285, 16290, 16790, 16845, 16935, 16945, 17070, 17155, 17745, 17785, 17925, 17950, 18015, 18135, 40645, 40720, 41285, 41350], "representative_frames_count": 23, "static_frames": [5], "static_frames_count": 1}