{"camera_movement_sequences": [], "foi_count_frames": 1970, "foi_count_seconds": 65.66667, "foi_pct": 0.03644, "foi_sequences": [[1355, 1435], [1470, 1535], [7995, 8030], [8235, 8245], [13105, 13155], [13790, 13835], [16750, 16995], [17030, 17065], [19590, 19735], [19815, 19900], [20085, 20175], [23575, 23615], [24330, 24335], [24660, 24740], [26150, 26180], [27015, 27080], [27160, 27245], [28070, 28140], [29400, 29470], [33625, 33850], [34550, 34655], [34855, 34915], [34955, 35025], [37785, 37850], [38410, 38425], [40635, 40730], [52325, 52330]], "representative_frames": [5, 1355, 1435, 1470, 1535, 7995, 8030, 8235, 8245, 13105, 13155, 13790, 13835, 16750, 16935, 16940, 16955, 16965, 16980, 16995, 17030, 17065, 19590, 19735, 19815, 19900, 20085, 20120, 20130, 20145, 20160, 20175, 22645, 23575, 23615, 24330, 24335, 24660, 24680, 24690, 24720, 24740, 26150, 26180, 27015, 27060, 27080, 27160, 27205, 27245, 27375, 28070, 28110, 28115, 28120, 28130, 28140, 29400, 29470, 33625, 33740, 33750, 33765, 33780, 33800, 33850, 34550, 34655, 34855, 34900, 34915, 34955, 35025, 37785, 37790, 37805, 37810, 37830, 37850, 38410, 38425, 40635, 40655, 40665, 40680, 40730, 52325, 52330], "representative_frames_count": 88, "static_frames": [5, 16935, 16940, 16955, 16965, 16980, 20120, 20130, 20145, 20160, 22645, 24680, 24690, 24720, 27060, 27205, 27375, 28110, 28115, 28120, 28130, 33740, 33750, 33765, 33780, 33800, 34900, 37790, 37805, 37810, 37830, 40655, 40665, 40680], "static_frames_count": 34}