{"camera_movement_sequences": [[37625, 37635]], "foi_count_frames": 1375, "foi_count_seconds": 45.83333, "foi_pct": 0.02544, "foi_sequences": [[37105, 37315], [37425, 37645], [38255, 38470], [38770, 38820], [38900, 39505], [44680, 44695], [44735, 44750], [44940, 44945], [45015, 45055]], "representative_frames": [5, 37105, 37315, 37425, 37645, 38255, 38470, 38770, 38820, 38900, 39505, 44680, 44695, 44735, 44750, 44940, 44945, 45015, 45055], "representative_frames_count": 19, "static_frames": [5], "static_frames_count": 1}