{"camera_movement_sequences": [], "foi_count_frames": 55, "foi_count_seconds": 1.8333333333333333, "foi_pct": 0.0010173504494839258, "foi_sequences": [[29230, 29260], [29300, 29325]], "representative_frames": [5, 29230, 29260, 29300, 29325], "representative_frames_count": 5, "static_frames": [5], "static_frames_count": 1}