{"camera_movement_sequences": [], "foi_count_frames": 800, "foi_count_seconds": 26.66667, "foi_pct": 0.01481, "foi_sequences": [[5080, 5155], [16035, 16250], [16285, 16295], [16795, 16845], [16935, 16945], [17040, 17155], [17745, 17785], [17925, 17950], [18015, 18135], [40645, 40720], [41285, 41350]], "representative_frames": [5, 5080, 5155, 16035, 16250, 16285, 16295, 16795, 16845, 16935, 16945, 17040, 17155, 17745, 17785, 17925, 17950, 18015, 18135, 40645, 40675, 40690, 40720, 41285, 41295, 41310, 41320, 41350], "representative_frames_count": 28, "static_frames": [5, 40675, 40690, 41295, 41310, 41320], "static_frames_count": 6}