{"camera_movement_sequences": [], "foi_count_frames": 110, "foi_count_seconds": 3.6666666666666665, "foi_pct": 0.0020347008989678515, "foi_sequences": [[32135, 32245]], "representative_frames": [5, 32135, 32165, 32245], "representative_frames_count": 4, "static_frames": [5, 32165], "static_frames_count": 2}