{"camera_movement_sequences": [[11635, 11650], [14920, 14965], [49805, 49855]], "foi_count_frames": 4990, "foi_count_seconds": 166.33333333333334, "foi_pct": 0.09230143168954164, "foi_sequences": [[5, 140], [355, 835], [920, 1270], [1370, 1405], [1445, 1585], [1655, 2235], [10495, 11005], [11315, 11965], [14365, 14985], [35620, 35705], [35875, 36425], [48445, 49045], [49550, 49645], [49705, 49860], [52640, 52645]], "representative_frames": [5, 140, 355, 835, 920, 1270, 1370, 1405, 1445, 1585, 1655, 2235, 10495, 11005, 11315, 11965, 14365, 14985, 35620, 35705, 35875, 36425, 48445, 49045, 49550, 49645, 49705, 49860, 52640, 52645], "representative_frames_count": 30, "static_frames": [5], "static_frames_count": 1}