{"camera_movement_sequences": [], "foi_count_frames": 460, "foi_count_seconds": 15.33333, "foi_pct": 0.00851, "foi_sequences": [[12075, 12135], [12355, 12445], [16800, 16890], [17310, 17425], [18370, 18475]], "representative_frames": [5, 12075, 12135, 12355, 12445, 16800, 16890, 17310, 17365, 17380, 17400, 17425, 18370, 18395, 18430, 18440, 18475], "representative_frames_count": 17, "static_frames": [5, 17365, 17380, 17400, 18395, 18430, 18440], "static_frames_count": 7}