{"camera_movement_sequences": [], "foi_count_frames": 1070, "foi_count_seconds": 35.666666666666664, "foi_pct": 0.019792090562687284, "foi_sequences": [[13785, 14025], [14655, 14735], [15070, 15175], [15660, 15895], [17800, 17840], [18980, 19065], [20915, 21095], [21980, 22060], [22465, 22490]], "representative_frames": [5, 13785, 13940, 13995, 14025, 14655, 14735, 15070, 15100, 15105, 15120, 15145, 15175, 15660, 15685, 15715, 15735, 15770, 15780, 15795, 15895, 17800, 17840, 18980, 19010, 19065, 19205, 20915, 21095, 21980, 22005, 22010, 22020, 22040, 22060, 22465, 22490], "representative_frames_count": 37, "static_frames": [5, 13940, 13995, 15100, 15105, 15120, 15145, 15685, 15715, 15735, 15770, 15780, 15795, 19010, 19205, 22005, 22010, 22020, 22040], "static_frames_count": 19}