{"camera_movement_sequences": [], "foi_count_frames": 3650, "foi_count_seconds": 121.66667, "foi_pct": 0.06752, "foi_sequences": [[3540, 3555], [11755, 11760], [12100, 12255], [12955, 13010], [14400, 14525], [17590, 17660], [19960, 20035], [20755, 20825], [21190, 21205], [21550, 21605], [21910, 22125], [22700, 22915], [23855, 23925], [24990, 25145], [25205, 25210], [25795, 25940], [27310, 27480], [27550, 27565], [28020, 28100], [28460, 28530], [31250, 31265], [31555, 31590], [31640, 31680], [38615, 38655], [39055, 39115], [41015, 41135], [41275, 41285], [41400, 41490], [41610, 41850], [43935, 43980], [44300, 44515], [44655, 44865], [45450, 45505], [45615, 45670], [46530, 46605], [46890, 46965], [47750, 47830], [48040, 48190], [53520, 53600], [53880, 54060]], "representative_frames": [5, 3540, 3555, 11755, 11760, 12100, 12255, 12955, 13010, 14400, 14525, 17590, 17660, 19960, 20035, 20755, 20825, 21190, 21205, 21550, 21605, 21910, 22125, 22700, 22915, 23855, 23925, 24990, 25145, 25205, 25210, 25795, 25940, 27310, 27480, 27550, 27565, 28020, 28100, 28460, 28530, 31250, 31265, 31555, 31590, 31640, 31680, 38615, 38655, 39055, 39115, 41015, 41135, 41275, 41285, 41400, 41490, 41610, 41850, 43935, 43980, 44300, 44515, 44655, 44865, 45450, 45505, 45615, 45670, 46530, 46605, 46890, 46965, 47750, 47830, 48040, 48190, 53520, 53600, 53880, 54060], "representative_frames_count": 81, "static_frames": [5, 45615], "static_frames_count": 2}