{"camera_movement_sequences": [], "foi_count_frames": 3365, "foi_count_seconds": 112.16667, "foi_pct": 0.06284, "foi_sequences": [[5, 85], [3615, 3685], [3975, 3995], [5560, 5730], [7935, 8075], [8295, 8435], [8810, 8820], [14850, 14990], [15210, 15355], [15645, 15785], [16005, 16140], [16360, 16505], [16720, 16860], [17105, 17325], [17465, 17635], [17835, 17845], [18185, 18350], [18640, 18710], [21665, 21950], [23660, 23680], [23970, 24115], [24330, 24375], [29930, 29935], [29995, 30010], [41345, 41535], [41670, 41850], [42830, 42900], [43195, 43260], [47640, 47800], [48010, 48085]], "representative_frames": [5, 85, 3615, 3685, 3975, 3995, 5560, 5730, 7935, 8075, 8295, 8435, 8810, 8820, 14850, 14990, 15210, 15355, 15645, 15785, 16005, 16140, 16360, 16505, 16720, 16860, 17105, 17325, 17465, 17635, 17835, 17845, 18185, 18350, 18640, 18710, 21665, 21950, 23660, 23680, 23970, 24115, 24330, 24375, 29930, 29935, 29995, 30010, 41345, 41535, 41670, 41850, 42830, 42900, 43195, 43260, 47640, 47800, 48010, 48085], "representative_frames_count": 60, "static_frames": [5], "static_frames_count": 1}