{"camera_movement_sequences": [], "foi_count_frames": 2845, "foi_count_seconds": 94.83333, "foi_pct": 0.05313, "foi_sequences": [[21620, 21765], [22320, 22365], [23180, 23205], [24715, 24720], [28095, 28245], [28465, 28605], [28830, 28965], [29185, 29370], [29685, 29755], [33790, 34870], [35305, 35445], [36095, 36310], [38060, 38190], [38245, 38255], [38380, 38620], [50410, 50480], [53490, 53550]], "representative_frames": [5, 21620, 21765, 22320, 22365, 23180, 23205, 24715, 24720, 28095, 28245, 28465, 28605, 28830, 28965, 29185, 29370, 29685, 29755, 33790, 34870, 35305, 35445, 36095, 36310, 38060, 38190, 38245, 38255, 38380, 38620, 50410, 50480, 53490, 53550], "representative_frames_count": 35, "static_frames": [5], "static_frames_count": 1}