{"camera_movement_sequences": [], "foi_count_frames": 275, "foi_count_seconds": 9.16667, "foi_pct": 0.00509, "foi_sequences": [[1090, 1220], [13275, 13280], [18465, 18470], [27360, 27450], [27810, 27855]], "representative_frames": [5, 1090, 1220, 13275, 13280, 18465, 18470, 27360, 27450, 27810, 27855], "representative_frames_count": 11, "static_frames": [5], "static_frames_count": 1}