{"camera_movement_sequences": [], "foi_count_frames": 235, "foi_count_seconds": 7.83333, "foi_pct": 0.00439, "foi_sequences": [[1590, 1595], [3090, 3095], [43055, 43210], [46090, 46145], [46500, 46515]], "representative_frames": [5, 1590, 1595, 3090, 3095, 43055, 43210, 46090, 46145, 46500, 46515], "representative_frames_count": 11, "static_frames": [5], "static_frames_count": 1}