{"camera_movement_sequences": [[80490, 80500]], "foi_count_frames": 21325, "foi_count_seconds": 710.83333, "foi_pct": 0.21212, "foi_sequences": [[10, 335], [420, 435], [1600, 1755], [1795, 1825], [2510, 2695], [2900, 2915], [3220, 3245], [3315, 3365], [4315, 4335], [4410, 4435], [4495, 4505], [4830, 5200], [5370, 5375], [5455, 6230], [6990, 7415], [10175, 10200], [19510, 19860], [20165, 20505], [20555, 20605], [20655, 20770], [20835, 20880], [21245, 21270], [21545, 21550], [21795, 21815], [21870, 21910], [22615, 22660], [22735, 22740], [22815, 24115], [24185, 24190], [24355, 24365], [24450, 25000], [25080, 25090], [25375, 25410], [25600, 25605], [25675, 25945], [26160, 26730], [26790, 27155], [27245, 27855], [28015, 29155], [29275, 30030], [30155, 30175], [30265, 30270], [30365, 30390], [31265, 31815], [31985, 32975], [33715, 33730], [33915, 33920], [33960, 33985], [34060, 34105], [34540, 34575], [34625, 34635], [34675, 34685], [34765, 34775], [34945, 34985], [35130, 35185], [35385, 35395], [35515, 36235], [36330, 36580], [36620, 36635], [36715, 36730], [36765, 36910], [36970, 36995], [37265, 37275], [37350, 37380], [37415, 37420], [37595, 37600], [37740, 37745], [37895, 38040], [38085, 38295], [39955, 40145], [40210, 40215], [40410, 41095], [44605, 45120], [47810, 47990], [48055, 48115], [48190, 48305], [48375, 48495], [50475, 50910], [51025, 51275], [52890, 52895], [53380, 53845], [58815, 58820], [62145, 62630], [63000, 63235], [63275, 63385], [71450, 71600], [71775, 72135], [72255, 72390], [72585, 73235], [73530, 73590], [77070, 77170], [77230, 77525], [77965, 78085], [78265, 78270], [78325, 78335], [78375, 78390], [78465, 78765], [79670, 79825], [80395, 80635], [82195, 82505], [85405, 85960], [87085, 87180], [87385, 87395], [87450, 87515], [87585, 87610], [87650, 87660], [90075, 90160], [94425, 94750], [95465, 95705], [97560, 97775], [98205, 98590]], "representative_frames": [5, 10, 180, 220, 335, 420, 435, 1600, 1755, 1795, 1825, 2510, 2540, 2615, 2695, 2900, 2915, 3220, 3245, 3315, 3365, 4315, 4335, 4410, 4435, 4495, 4505, 4830, 5200, 5370, 5375, 5455, 6230, 6990, 7415, 10175, 10200, 19510, 19860, 20165, 20505, 20555, 20605, 20655, 20770, 20835, 20880, 21245, 21270, 21545, 21550, 21795, 21815, 21870, 21910, 22615, 22660, 22735, 22740, 22815, 23170, 23225, 23280, 23585, 24115, 24185, 24190, 24355, 24365, 24450, 25000, 25080, 25090, 25375, 25410, 25600, 25605, 25675, 25805, 25945, 26160, 26730, 26790, 27155, 27245, 27855, 28015, 29155, 29275, 30030, 30155, 30175, 30265, 30270, 30365, 30390, 31265, 31815, 31985, 32100, 32275, 32400, 32935, 32975, 33715, 33730, 33915, 33920, 33960, 33985, 34060, 34105, 34540, 34575, 34625, 34635, 34675, 34685, 34765, 34775, 34945, 34985, 35130, 35185, 35385, 35395, 35515, 36235, 36330, 36580, 36620, 36635, 36715, 36730, 36765, 36910, 36970, 36995, 37265, 37275, 37350, 37380, 37415, 37420, 37595, 37600, 37740, 37745, 37895, 38040, 38085, 38295, 39955, 40145, 40210, 40215, 40410, 41095, 44605, 45120, 47810, 47990, 48055, 48115, 48190, 48305, 48375, 48495, 50475, 50910, 51025, 51275, 52890, 52895, 53380, 53845, 58815, 58820, 62145, 62630, 63000, 63235, 63275, 63385, 71450, 71600, 71775, 72135, 72255, 72390, 72585, 72735, 72935, 73235, 73530, 73590, 77070, 77170, 77230, 77525, 77965, 78085, 78265, 78270, 78325, 78335, 78375, 78390, 78465, 78765, 79670, 79825, 80395, 80635, 82195, 82505, 85405, 85960, 87085, 87180, 87385, 87395, 87450, 87515, 87585, 87610, 87650, 87660, 90075, 90160, 94425, 94750, 95465, 95705, 97560, 97775, 98205, 98590], "representative_frames_count": 238, "static_frames": [5, 180, 220, 2540, 2615, 23170, 23225, 23280, 23585, 25805, 32100, 32275, 32400, 32935, 72735, 72935], "static_frames_count": 16}