{"camera_movement_sequences": [], "foi_count_frames": 30695, "foi_count_seconds": 511.5833333333333, "foi_pct": 0.2838948955337076, "foi_sequences": [[1355, 1835], [3500, 3935], [6180, 6450], [13440, 13605], [22945, 23475], [30480, 30800], [32430, 32760], [35520, 36550], [37235, 37670], [42015, 42275], [45550, 46450], [49655, 50300], [51645, 53240], [55055, 55270], [55700, 56505], [57780, 59030], [59520, 59530], [60670, 61750], [61905, 63500], [63840, 64700], [65280, 65415], [65630, 66670], [67425, 68175], [68940, 69290], [70620, 70800], [72070, 72740], [74615, 75190], [77085, 77485], [80255, 80410], [80715, 82750], [82920, 83110], [83210, 83470], [83615, 83660], [85815, 86150], [86340, 88030], [91365, 91680], [91750, 92000], [92100, 92630], [92710, 93380], [93480, 95700], [96490, 97200], [97560, 97880], [98440, 98965], [102000, 102910], [103160, 103940], [106320, 106640], [106740, 107255], [107510, 108120]], "representative_frames": [5, 1355, 1835, 3500, 3935, 6180, 6450, 13440, 13605, 22945, 23475, 30480, 30800, 32430, 32760, 35520, 36550, 37235, 37670, 42015, 42275, 45550, 46450, 49655, 50300, 51645, 53240, 55055, 55270, 55700, 56505, 57780, 59030, 59520, 59530, 60670, 61750, 61905, 63500, 63840, 64700, 65280, 65415, 65630, 66670, 67425, 68175, 68940, 69290, 70620, 70800, 72070, 72740, 74615, 75190, 77085, 77485, 80255, 80410, 80715, 82750, 82920, 83110, 83210, 83470, 83615, 83660, 85815, 86150, 86340, 88030, 91365, 91680, 91750, 92000, 92100, 92630, 92710, 93380, 93480, 95700, 96490, 97200, 97560, 97880, 98440, 98965, 102000, 102910, 103160, 103940, 106320, 106640, 106740, 107255, 107510, 108120], "representative_frames_count": 97, "static_frames": [5], "static_frames_count": 1}