{"camera_movement_sequences": [], "foi_count_frames": 15995, "foi_count_seconds": 533.16667, "foi_pct": 0.29586, "foi_sequences": [[675, 920], [1750, 1975], [3090, 3230], [6720, 6805], [11475, 11745], [14295, 14325], [15245, 15405], [16215, 16380], [16520, 16525], [17760, 18280], [18615, 18850], [21005, 21140], [21890, 21925], [22780, 23230], [23325, 23385], [24830, 25165], [25820, 26625], [27530, 27640], [27855, 28255], [28890, 29520], [29740, 29770], [30335, 30885], [30955, 31755], [31920, 32395], [32535, 32565], [32630, 32720], [32815, 33340], [33715, 34105], [34465, 34650], [35310, 35405], [36035, 36375], [37310, 37605], [38545, 38745], [40125, 40205], [40360, 41385], [41455, 41565], [41610, 41760], [41810, 41850], [42910, 43080], [43170, 44020], [45675, 45840], [45875, 46320], [46360, 46700], [46740, 47850], [48250, 48625], [48770, 48950], [49045, 49050], [49220, 49495], [51000, 51465], [51585, 51980], [53165, 53630], [53755, 54060]], "representative_frames": [5, 675, 920, 1750, 1975, 3090, 3230, 6720, 6805, 11475, 11745, 14295, 14325, 15245, 15405, 16215, 16380, 16520, 16525, 17760, 18280, 18615, 18850, 21005, 21140, 21890, 21925, 22780, 23230, 23325, 23385, 24830, 25165, 25820, 26625, 27530, 27640, 27855, 28255, 28890, 29520, 29740, 29770, 30335, 30885, 30955, 31755, 31920, 32395, 32535, 32565, 32630, 32720, 32815, 33340, 33715, 34105, 34465, 34650, 35310, 35405, 36035, 36375, 37310, 37605, 38545, 38745, 40125, 40205, 40360, 41385, 41455, 41565, 41610, 41760, 41810, 41850, 42910, 43080, 43170, 44020, 45675, 45840, 45875, 46320, 46360, 46700, 46740, 47850, 48250, 48625, 48770, 48950, 49045, 49050, 49220, 49495, 51000, 51465, 51585, 51980, 53165, 53630, 53755, 54060], "representative_frames_count": 105, "static_frames": [5], "static_frames_count": 1}