{"camera_movement_sequences": [], "foi_count_frames": 3665, "foi_count_seconds": 122.16667, "foi_pct": 0.06787, "foi_sequences": [[6725, 6840], [8140, 9165], [9740, 9995], [13490, 13505], [14380, 14405], [16505, 16630], [21145, 21230], [23910, 24075], [24140, 24150], [25330, 25675], [26075, 26310], [39200, 39305], [39560, 39635], [39700, 39830], [39905, 39915], [39995, 40035], [41175, 41205], [49530, 49570], [49700, 49725], [49830, 49870], [52310, 52475], [52570, 52775], [52940, 53000], [53115, 53215], [53300, 53355], [53525, 53665], [53785, 53795], [53965, 54000]], "representative_frames": [5, 6725, 6840, 8140, 9165, 9740, 9995, 13490, 13505, 14380, 14405, 16505, 16630, 21145, 21230, 23910, 24075, 24140, 24150, 25330, 25675, 26075, 26310, 39200, 39305, 39560, 39635, 39700, 39830, 39905, 39915, 39995, 40035, 41175, 41205, 49530, 49570, 49700, 49725, 49830, 49870, 52310, 52475, 52570, 52775, 52940, 53000, 53115, 53215, 53300, 53355, 53525, 53665, 53785, 53795, 53965, 54000], "representative_frames_count": 57, "static_frames": [5], "static_frames_count": 1}