{"camera_movement_sequences": [], "foi_count_frames": 17255, "foi_count_seconds": 287.5833333333333, "foi_pct": 0.08610236475865889, "foi_sequences": [[24525, 24540], [27180, 27250], [29410, 30000], [30105, 30120], [41460, 42455], [43090, 43150], [43500, 43560], [43870, 44640], [44760, 45060], [50085, 50110], [55270, 55425], [55500, 55510], [55620, 55690], [55775, 55990], [56290, 56640], [57480, 57610], [57910, 58010], [58090, 58150], [69310, 73020], [73430, 73740], [73845, 74480], [74700, 74805], [74925, 75000], [75240, 75720], [76140, 76545], [76610, 77590], [77880, 77930], [78120, 78840], [78995, 79030], [84500, 84600], [85305, 85320], [89325, 89350], [90120, 90170], [94080, 94155], [95110, 95120], [96970, 96980], [97295, 97305], [98110, 98120], [98300, 98350], [99825, 99890], [101375, 101460], [101795, 101800], [102315, 102375], [103310, 103335], [103500, 103550], [106850, 106860], [108365, 108395], [109945, 110005], [110235, 110245], [110845, 110905], [111960, 111985], [112050, 112070], [115670, 115705], [115780, 115885], [120635, 120640], [121115, 121200], [122335, 122365], [123145, 123300], [123615, 123625], [124500, 124515], [125510, 125555], [126805, 130355], [151035, 151455], [192675, 193120]], "representative_frames": [5, 24525, 24540, 27180, 27250, 29410, 30000, 30105, 30120, 41460, 42455, 43090, 43150, 43500, 43560, 43870, 44640, 44760, 45060, 50085, 50110, 55270, 55425, 55500, 55510, 55620, 55690, 55775, 55990, 56290, 56640, 57480, 57610, 57910, 58010, 58090, 58150, 69310, 73020, 73430, 73740, 73845, 74480, 74700, 74805, 74925, 75000, 75240, 75720, 76140, 76545, 76610, 77590, 77880, 77930, 78120, 78840, 78995, 79030, 84500, 84600, 85305, 85320, 89325, 89350, 90120, 90170, 94080, 94155, 95110, 95120, 96970, 96980, 97295, 97305, 98110, 98120, 98300, 98350, 99825, 99890, 101375, 101460, 101795, 101800, 102315, 102375, 103310, 103335, 103500, 103550, 106850, 106860, 108365, 108395, 109945, 110005, 110235, 110245, 110845, 110905, 111960, 111985, 112050, 112070, 115670, 115705, 115780, 115885, 120635, 120640, 121115, 121200, 122335, 122365, 123145, 123300, 123615, 123625, 124500, 124515, 125510, 125555, 126805, 130355, 151035, 151455, 192675, 193120], "representative_frames_count": 129, "static_frames": [5], "static_frames_count": 1}