{"camera_movement_sequences": [], "foi_count_frames": 12365, "foi_count_seconds": 206.08333333333334, "foi_pct": 0.11436261225848818, "foi_sequences": [[3315, 4220], [4545, 11175], [11280, 11295], [11625, 11630], [19045, 19095], [19405, 19470], [20100, 21060], [21135, 21165], [21590, 21800], [21940, 22170], [22250, 23055], [23270, 23275], [23820, 24170], [26035, 26055], [42170, 42840], [70370, 70575], [87400, 88610]], "representative_frames": [5, 3315, 4220, 4545, 6480, 7280, 7720, 7990, 8205, 9560, 9630, 10310, 10545, 11175, 11280, 11295, 11625, 11630, 19045, 19095, 19405, 19470, 20100, 20690, 21060, 21065, 21135, 21165, 21590, 21800, 21940, 22170, 22250, 23055, 23270, 23275, 23820, 24170, 26035, 26055, 42170, 42840, 70370, 70575, 87400, 88610], "representative_frames_count": 46, "static_frames": [5, 6480, 7280, 7720, 7990, 8205, 9560, 9630, 10310, 10545, 20690, 21065], "static_frames_count": 12}