{"camera_movement_sequences": [], "foi_count_frames": 49750, "foi_count_seconds": 829.1666666666666, "foi_pct": 0.24604230443964173, "foi_sequences": [[810, 835], [6750, 6770], [7530, 7575], [7870, 8355], [11310, 11405], [11940, 12425], [19170, 19190], [20105, 20130], [20600, 20680], [21160, 21990], [24460, 25240], [25540, 25565], [25650, 25660], [26610, 27290], [27425, 27530], [27930, 28300], [42930, 43600], [44180, 44560], [47355, 47815], [67125, 67815], [75580, 76930], [83370, 83715], [83885, 83895], [84680, 85025], [86955, 87615], [97080, 97745], [98280, 99725], [100010, 111405], [111495, 112070], [112180, 112290], [112410, 112515], [112590, 121250], [121350, 123675], [130660, 131620], [131745, 132390], [141435, 141810], [144340, 145230], [145530, 146175], [146825, 147230], [148110, 148875], [153665, 154515], [155080, 155215], [158960, 159390], [159810, 160085], [161945, 162165], [164935, 165510], [166370, 166420], [168915, 169120], [172920, 173500], [174040, 175370], [177090, 177880], [181965, 183605], [188945, 189150], [193830, 193865], [194825, 194860], [195030, 195040], [196480, 196745], [197040, 197405], [197790, 198030], [198280, 198845], [199515, 199745], [200260, 201135], [201300, 202190]], "representative_frames": [5, 810, 835, 6750, 6770, 7530, 7575, 7870, 8355, 11310, 11405, 11940, 12425, 19170, 19190, 20105, 20130, 20600, 20680, 21160, 21990, 24460, 25240, 25540, 25565, 25650, 25660, 26610, 27290, 27425, 27530, 27930, 28300, 42930, 43600, 44180, 44560, 47355, 47815, 67125, 67815, 75580, 76930, 83370, 83715, 83885, 83895, 84680, 85025, 86955, 87615, 97080, 97745, 98280, 99725, 100010, 104825, 105310, 109090, 109580, 111405, 111495, 112070, 112180, 112290, 112410, 112515, 112590, 114495, 115275, 115735, 116670, 116730, 117760, 117885, 118890, 118950, 118990, 119105, 121250, 121350, 122300, 122365, 122425, 122490, 122550, 122890, 123155, 123675, 130660, 130755, 130810, 130840, 130895, 131040, 131620, 131745, 131865, 131985, 132390, 141435, 141695, 141810, 144340, 145230, 145530, 145840, 146175, 146825, 147230, 148110, 148875, 153665, 153930, 154515, 155080, 155215, 158960, 159390, 159810, 160085, 161945, 162165, 164935, 165375, 165430, 165470, 165510, 166370, 166420, 168915, 169120, 172920, 173115, 173500, 174040, 175370, 177090, 177880, 181965, 183510, 183580, 183605, 188945, 189150, 193830, 193865, 194825, 194860, 195030, 195040, 196480, 196745, 197040, 197405, 197790, 198030, 198280, 198845, 199515, 199745, 200260, 200430, 201135, 201300, 201810, 202190], "representative_frames_count": 167, "static_frames": [5, 104825, 105310, 109090, 109580, 114495, 115275, 115735, 116670, 116730, 117760, 117885, 118890, 118950, 118990, 119105, 122300, 122365, 122425, 122490, 122550, 122890, 123155, 130755, 130810, 130840, 130895, 131040, 131865, 131985, 141695, 145840, 153930, 165375, 165430, 165470, 173115, 183510, 183580, 200430, 201810], "static_frames_count": 41}