{"camera_movement_sequences": [], "foi_count_frames": 6910, "foi_count_seconds": 115.16666666666667, "foi_pct": 0.06398088906584198, "foi_sequences": [[13455, 13675], [16285, 18300], [19470, 19980], [33015, 33255], [42290, 42450], [47835, 48085], [50655, 51340], [52155, 52610], [78405, 78600], [79120, 79260], [79395, 79660], [79995, 80055], [82345, 82410], [99055, 99125], [99390, 99440], [99655, 99735], [104620, 104935], [105140, 105530], [105880, 105975], [106230, 106420], [106590, 106700], [107055, 107320], [107560, 107575], [107930, 108000]], "representative_frames": [5, 13455, 13675, 16285, 18300, 19470, 19980, 33015, 33255, 42290, 42450, 47835, 48085, 50655, 51340, 52155, 52610, 78405, 78600, 79120, 79260, 79395, 79660, 79995, 80055, 82345, 82410, 99055, 99125, 99390, 99440, 99655, 99735, 104620, 104935, 105140, 105530, 105880, 105975, 106230, 106420, 106590, 106700, 107055, 107320, 107560, 107575, 107930, 108000], "representative_frames_count": 49, "static_frames": [5], "static_frames_count": 1}