{"camera_movement_sequences": [], "foi_count_frames": 6380, "foi_count_seconds": 212.66667, "foi_pct": 0.06325, "foi_sequences": [[14225, 14230], [15215, 15255], [23900, 23915], [31070, 31085], [31420, 31425], [35555, 35965], [36010, 36035], [36085, 36095], [45085, 45520], [45635, 45870], [46180, 46315], [46370, 46550], [46595, 46600], [53830, 54100], [54590, 54795], [54950, 55205], [55505, 55715], [61650, 61655], [67015, 67070], [68975, 69185], [70330, 70920], [70965, 70990], [71205, 71700], [73050, 74365], [74465, 74520], [86705, 87275], [87815, 87935], [90550, 90905], [97925, 97985], [98170, 98190], [98520, 98525], [98825, 98870]], "representative_frames": [5, 14225, 14230, 15215, 15255, 23900, 23915, 31070, 31085, 31420, 31425, 35555, 35965, 36010, 36035, 36085, 36095, 45085, 45520, 45635, 45870, 46180, 46315, 46370, 46550, 46595, 46600, 53830, 54100, 54590, 54795, 54950, 55205, 55505, 55715, 61650, 61655, 67015, 67070, 68975, 69185, 70330, 70920, 70965, 70990, 71205, 71700, 73050, 74365, 74465, 74520, 86705, 87275, 87815, 87935, 90550, 90905, 97925, 97985, 98170, 98190, 98520, 98525, 98825, 98870], "representative_frames_count": 65, "static_frames": [5], "static_frames_count": 1}