{"camera_movement_sequences": [[58385, 58410]], "foi_count_frames": 40150, "foi_count_seconds": 1338.3333333333333, "foi_pct": 0.3945945945945946, "foi_sequences": [[15, 100], [135, 160], [585, 590], [1090, 1095], [1155, 1880], [1915, 1945], [1980, 2310], [2350, 2740], [2780, 3125], [3165, 3280], [3315, 4100], [4170, 4175], [4290, 4325], [4385, 4670], [4920, 4995], [5170, 6820], [6865, 7020], [7095, 7135], [7240, 7425], [7460, 7500], [7590, 7675], [7730, 7830], [7870, 7945], [7990, 8130], [8175, 8545], [8715, 8725], [8905, 8925], [9235, 9240], [9320, 9325], [9680, 11115], [11165, 11225], [11265, 11315], [11375, 11795], [11835, 12520], [12565, 12580], [12640, 12705], [12825, 12950], [13035, 13130], [13230, 13320], [13370, 13485], [13540, 14655], [14695, 14750], [15010, 15060], [15140, 15160], [15360, 15580], [15690, 15745], [16275, 16590], [16635, 17770], [17810, 17825], [17865, 17960], [18055, 18125], [18160, 18170], [18220, 18490], [18555, 18565], [18615, 18645], [18685, 19070], [19155, 19660], [19695, 20010], [20055, 20685], [20720, 20800], [20835, 21990], [22105, 22115], [22200, 22205], [22320, 22335], [22455, 22475], [23105, 23130], [23245, 23405], [23490, 23530], [23565, 23570], [23640, 23730], [23860, 24205], [24370, 24405], [24550, 24580], [24625, 24640], [24850, 24855], [24955, 24990], [25120, 25130], [25185, 25225], [25345, 25350], [25485, 25530], [25735, 25815], [25965, 25995], [26360, 26515], [26625, 26755], [26790, 26820], [26855, 26875], [27085, 27090], [27355, 27370], [27810, 27820], [28080, 28110], [28185, 28260], [28440, 28445], [28480, 28495], [28645, 28650], [28705, 28720], [28920, 30135], [30190, 30285], [30665, 30670], [30710, 30735], [30770, 30790], [30985, 31010], [31045, 31065], [31100, 31130], [31190, 31195], [31395, 31425], [32510, 34275], [34315, 34375], [36590, 36765], [36865, 36910], [41615, 41775], [42280, 42605], [42640, 42760], [43030, 43040], [43155, 43180], [44625, 44785], [44880, 44925], [44970, 45020], [46110, 46140], [46195, 46245], [46285, 46290], [47835, 47940], [48245, 48360], [48400, 49450], [49750, 49885], [49990, 50090], [50370, 50555], [50690, 50910], [50945, 52845], [52880, 52950], [52990, 53000], [53060, 53070], [53120, 53170], [53225, 53480], [53550, 55895], [57565, 60875], [60990, 61515], [62240, 62250], [62300, 62315], [62835, 62840], [63025, 63070], [63185, 63190], [63385, 63415], [64470, 64475], [64975, 66145], [68840, 68880], [68915, 69165], [69250, 69510], [69800, 69925], [70250, 70275], [70315, 70395], [71625, 71645], [71700, 71785], [71825, 72035], [72135, 72230], [76620, 77345], [77395, 77400], [78400, 78405], [82955, 83060], [83100, 83370], [83800, 83970], [85305, 85510], [85545, 85560], [85660, 85675], [86270, 86295], [86820, 86845], [87030, 87040], [87145, 87150], [87240, 87260], [87870, 88035], [88080, 88725], [88945, 89985], [90055, 90070], [90425, 90490], [90540, 90595], [91190, 91195], [91355, 91445], [91520, 91625], [91845, 91860], [92440, 92460], [94050, 94055], [95445, 95680], [95820, 95835], [97430, 97735], [99310, 99565], [99600, 99650], [99830, 100095], [100435, 100600], [101275, 101590]], "representative_frames": [5, 15, 100, 135, 160, 585, 590, 1090, 1095, 1155, 1880, 1915, 1945, 1980, 2310, 2350, 2740, 2780, 3125, 3165, 3280, 3315, 4100, 4170, 4175, 4290, 4325, 4385, 4670, 4920, 4995, 5170, 6820, 6865, 7020, 7095, 7135, 7240, 7425, 7460, 7500, 7590, 7675, 7730, 7830, 7870, 7945, 7990, 8130, 8175, 8545, 8715, 8725, 8905, 8925, 9235, 9240, 9320, 9325, 9680, 11115, 11165, 11225, 11265, 11315, 11375, 11795, 11835, 12520, 12565, 12580, 12640, 12705, 12825, 12950, 13035, 13130, 13230, 13320, 13370, 13485, 13540, 14655, 14695, 14750, 15010, 15060, 15140, 15160, 15360, 15580, 15690, 15745, 16275, 16590, 16635, 17770, 17810, 17825, 17865, 17960, 18055, 18125, 18160, 18170, 18220, 18490, 18555, 18565, 18615, 18645, 18685, 19070, 19155, 19660, 19695, 20010, 20055, 20685, 20720, 20800, 20835, 21185, 21250, 21990, 22105, 22115, 22200, 22205, 22320, 22335, 22455, 22475, 23105, 23130, 23245, 23405, 23490, 23530, 23565, 23570, 23640, 23730, 23860, 24205, 24370, 24405, 24550, 24580, 24625, 24640, 24850, 24855, 24955, 24990, 25120, 25130, 25185, 25225, 25345, 25350, 25485, 25530, 25735, 25815, 25965, 25995, 26360, 26515, 26625, 26755, 26790, 26820, 26855, 26875, 27085, 27090, 27355, 27370, 27810, 27820, 28080, 28110, 28185, 28260, 28440, 28445, 28480, 28495, 28645, 28650, 28705, 28720, 28920, 30135, 30190, 30285, 30665, 30670, 30710, 30735, 30770, 30790, 30985, 31010, 31045, 31065, 31100, 31130, 31190, 31195, 31395, 31425, 32510, 34275, 34315, 34375, 36590, 36765, 36865, 36910, 41615, 41775, 42280, 42605, 42640, 42760, 43030, 43040, 43155, 43180, 44625, 44785, 44880, 44925, 44970, 45020, 46110, 46140, 46195, 46245, 46285, 46290, 47835, 47940, 48245, 48360, 48400, 49450, 49750, 49885, 49990, 50090, 50370, 50555, 50690, 50910, 50945, 51070, 51120, 51160, 52380, 52845, 52880, 52950, 52990, 53000, 53060, 53070, 53120, 53170, 53225, 53480, 53550, 55455, 55895, 57565, 59085, 59625, 59790, 59900, 60320, 60410, 60430, 60490, 60875, 60990, 61515, 62240, 62250, 62300, 62315, 62835, 62840, 63025, 63070, 63185, 63190, 63385, 63415, 64470, 64475, 64975, 66145, 68840, 68880, 68915, 69030, 69060, 69165, 69250, 69510, 69800, 69925, 70250, 70275, 70315, 70395, 71625, 71645, 71700, 71785, 71825, 72035, 72135, 72230, 76620, 76840, 76885, 77345, 77395, 77400, 78400, 78405, 82955, 83060, 83100, 83370, 83800, 83970, 85305, 85510, 85545, 85560, 85660, 85675, 86270, 86295, 86820, 86845, 87030, 87040, 87145, 87150, 87240, 87260, 87870, 88035, 88080, 88725, 88945, 89985, 90055, 90070, 90425, 90490, 90540, 90595, 91190, 91195, 91355, 91445, 91520, 91625, 91845, 91860, 92440, 92460, 94050, 94055, 95445, 95680, 95820, 95835, 97430, 97735, 99310, 99565, 99600, 99650, 99830, 100095, 100435, 100600, 101275, 101590], "representative_frames_count": 396, "static_frames": [5, 21185, 21250, 51070, 51120, 51160, 52380, 55455, 59085, 59625, 59790, 59900, 60320, 60410, 60430, 60490, 69030, 69060, 76840, 76885], "static_frames_count": 20}