{"camera_movement_sequences": [[23420, 23430]], "foi_count_frames": 11740, "foi_count_seconds": 391.33333, "foi_pct": 0.21716, "foi_sequences": [[510, 875], [1955, 2555], [3070, 3075], [3215, 3535], [4395, 4650], [4920, 5260], [5300, 5700], [6085, 6160], [12675, 12945], [13005, 13255], [15220, 15415], [16265, 16410], [17250, 17400], [20270, 20420], [21380, 21410], [21860, 21865], [21905, 21920], [21955, 21965], [22005, 22010], [23210, 23525], [24895, 25135], [25175, 25565], [25790, 26420], [26480, 27295], [31715, 31810], [32915, 34520], [34725, 34930], [35060, 35210], [35415, 35445], [35585, 35805], [38320, 38880], [38940, 39135], [39585, 39825], [44535, 44645], [44785, 44905], [45175, 45540], [48325, 48860], [49115, 49415], [49805, 50420], [50675, 50800], [51450, 51630], [52455, 52570]], "representative_frames": [5, 510, 875, 1955, 2555, 3070, 3075, 3215, 3535, 4395, 4650, 4920, 5260, 5300, 5700, 6085, 6160, 12675, 12945, 13005, 13255, 15220, 15415, 16265, 16410, 17250, 17400, 20270, 20420, 21380, 21410, 21860, 21865, 21905, 21920, 21955, 21965, 22005, 22010, 23210, 23525, 24895, 25135, 25175, 25565, 25790, 26420, 26480, 27295, 31715, 31810, 32915, 34520, 34725, 34930, 35060, 35210, 35415, 35445, 35585, 35805, 38320, 38880, 38940, 39135, 39585, 39825, 44535, 44645, 44785, 44905, 45175, 45540, 48325, 48860, 49115, 49415, 49805, 50420, 50675, 50800, 51450, 51630, 52455, 52570], "representative_frames_count": 85, "static_frames": [5], "static_frames_count": 1}