{"camera_movement_sequences": [], "foi_count_frames": 39445, "foi_count_seconds": 1314.83333, "foi_pct": 0.38728, "foi_sequences": [[15, 100], [135, 160], [590, 650], [1090, 1095], [1155, 1880], [1915, 1940], [1985, 2300], [2430, 2450], [2485, 2745], [2785, 3240], [3285, 3380], [3415, 4105], [4180, 4215], [4330, 4335], [4390, 4405], [4450, 4695], [4925, 5000], [5080, 5090], [5180, 6815], [6875, 6960], [6995, 7065], [7105, 7150], [7245, 7450], [7490, 7495], [7600, 7685], [7740, 7835], [7870, 7955], [7995, 8140], [8175, 8555], [8730, 8740], [9130, 9135], [9690, 11135], [11175, 12530], [12580, 12585], [12660, 12720], [12930, 12995], [13055, 13075], [13115, 13145], [13180, 13215], [13270, 13335], [13385, 13495], [13570, 14670], [14745, 14765], [14945, 14985], [15025, 15075], [15155, 15175], [15375, 15490], [15550, 15590], [15675, 15690], [15730, 15760], [16270, 17440], [17475, 17480], [17525, 17655], [17695, 17790], [17910, 17980], [18075, 18140], [18175, 18190], [18235, 18490], [18575, 18580], [18635, 18665], [18705, 19090], [19205, 19255], [19295, 19385], [19445, 19670], [19715, 19780], [19835, 20005], [20075, 20510], [20550, 20650], [20705, 22060], [22125, 22135], [22355, 22360], [22475, 22480], [23105, 23145], [23260, 23410], [23510, 23555], [23590, 23595], [23670, 23750], [23885, 23915], [23950, 24215], [24575, 24605], [24650, 24655], [24875, 24880], [24980, 25015], [25150, 25155], [25210, 25250], [25370, 25400], [25520, 25545], [25680, 25685], [25850, 25865], [25950, 25955], [26015, 26020], [26290, 26375], [26430, 26555], [26600, 26840], [26880, 26900], [27040, 27065], [27370, 27400], [28115, 28135], [28240, 28270], [28450, 28470], [28510, 28535], [28725, 28750], [28895, 28900], [28940, 30165], [30220, 30265], [30305, 30315], [30740, 30815], [31020, 31040], [31135, 31160], [32555, 34305], [34340, 34385], [36625, 36800], [36905, 36945], [41655, 41820], [42320, 42645], [42720, 42795], [43030, 43035], [43075, 43085], [43215, 43220], [44670, 44830], [44925, 44970], [45015, 45065], [46270, 46295], [46330, 46340], [47885, 47985], [48290, 48405], [48450, 49495], [49800, 49895], [49930, 49935], [50040, 50140], [50420, 50645], [50745, 50960], [51000, 53055], [53110, 53115], [53175, 53225], [53290, 53565], [53600, 55950], [57630, 60935], [61095, 61570], [62290, 62315], [62350, 62395], [62645, 62655], [62855, 62885], [62970, 63000], [63095, 63135], [63250, 63280], [65040, 66215], [68910, 68950], [68985, 69235], [69320, 69580], [69870, 69910], [69965, 69995], [70320, 70345], [70385, 70465], [71700, 71715], [71760, 71810], [71845, 72105], [72210, 72305], [76625, 76650], [76685, 77420], [77470, 77475], [83045, 83450], [83885, 84050], [85390, 85550], [85630, 85645], [85745, 85760], [86355, 86380], [86910, 86930], [87330, 87345], [87955, 88120], [88170, 88815], [89035, 90075], [90145, 90160], [90520, 90545], [90630, 90695], [91280, 91285], [91450, 91535], [91615, 91715], [91940, 91955], [92530, 92545], [94145, 94150], [95505, 95775], [97525, 97830], [99405, 99665], [99700, 99750], [99930, 100195], [100535, 100700], [101375, 101690]], "representative_frames": [5, 15, 100, 135, 160, 590, 650, 1090, 1095, 1155, 1880, 1915, 1940, 1985, 2155, 2300, 2430, 2450, 2485, 2490, 2745, 2785, 3240, 3285, 3380, 3415, 4105, 4180, 4215, 4330, 4335, 4390, 4405, 4450, 4695, 4925, 5000, 5080, 5090, 5180, 6815, 6875, 6960, 6995, 7065, 7105, 7150, 7245, 7450, 7490, 7495, 7600, 7685, 7740, 7835, 7870, 7955, 7995, 8140, 8175, 8555, 8730, 8740, 9130, 9135, 9690, 11135, 11175, 12530, 12580, 12585, 12660, 12720, 12930, 12995, 13055, 13075, 13115, 13145, 13180, 13215, 13270, 13335, 13385, 13495, 13570, 14670, 14745, 14765, 14945, 14985, 15025, 15075, 15155, 15175, 15375, 15490, 15550, 15590, 15675, 15690, 15730, 15760, 16270, 17440, 17475, 17480, 17525, 17655, 17695, 17790, 17910, 17980, 18075, 18140, 18175, 18190, 18235, 18490, 18575, 18580, 18635, 18665, 18705, 19090, 19205, 19255, 19295, 19385, 19445, 19670, 19715, 19780, 19835, 20005, 20075, 20510, 20550, 20650, 20705, 21200, 22060, 22125, 22135, 22355, 22360, 22475, 22480, 23105, 23145, 23260, 23410, 23510, 23555, 23590, 23595, 23670, 23750, 23885, 23915, 23950, 24215, 24575, 24605, 24650, 24655, 24875, 24880, 24980, 25015, 25150, 25155, 25210, 25250, 25370, 25400, 25520, 25545, 25680, 25685, 25850, 25865, 25950, 25955, 26015, 26020, 26290, 26375, 26430, 26555, 26600, 26840, 26880, 26900, 27040, 27065, 27370, 27400, 28115, 28135, 28240, 28270, 28450, 28470, 28510, 28535, 28725, 28750, 28895, 28900, 28940, 30165, 30220, 30265, 30305, 30315, 30740, 30815, 31020, 31040, 31135, 31160, 32555, 33155, 34305, 34340, 34385, 36625, 36800, 36905, 36945, 41655, 41820, 42320, 42645, 42720, 42795, 43030, 43035, 43075, 43085, 43215, 43220, 44670, 44830, 44925, 44970, 45015, 45065, 46270, 46295, 46330, 46340, 47885, 47985, 48290, 48405, 48450, 49495, 49800, 49895, 49930, 49935, 50040, 50140, 50420, 50645, 50745, 50935, 50960, 51000, 51115, 51165, 51205, 51500, 51565, 52135, 53055, 53110, 53115, 53175, 53225, 53290, 53565, 53600, 55030, 55100, 55950, 57630, 58200, 58420, 59205, 59255, 59855, 59930, 60065, 60365, 60410, 60490, 60575, 60670, 60690, 60740, 60840, 60920, 60935, 61095, 61570, 62290, 62315, 62350, 62395, 62645, 62655, 62855, 62885, 62970, 63000, 63095, 63135, 63250, 63280, 65040, 65475, 66215, 68910, 68950, 68985, 69100, 69130, 69235, 69320, 69580, 69870, 69910, 69965, 69995, 70320, 70345, 70385, 70465, 71700, 71715, 71760, 71810, 71845, 72105, 72210, 72305, 76625, 76650, 76685, 76925, 76980, 77420, 77470, 77475, 83045, 83450, 83885, 84050, 85390, 85420, 85550, 85630, 85645, 85745, 85760, 86355, 86380, 86910, 86930, 87330, 87345, 87955, 87970, 88120, 88170, 88815, 89035, 90075, 90145, 90160, 90520, 90545, 90630, 90695, 91280, 91285, 91450, 91535, 91615, 91715, 91940, 91955, 92530, 92545, 94145, 94150, 95505, 95775, 97525, 97830, 99405, 99665, 99700, 99750, 99930, 100195, 100535, 100700, 101375, 101690], "representative_frames_count": 413, "static_frames": [5, 2155, 2490, 21200, 33155, 50935, 51115, 51165, 51205, 51500, 51565, 52135, 55030, 55100, 58200, 58420, 59205, 59255, 59855, 59930, 60065, 60365, 60410, 60490, 60575, 60670, 60690, 60740, 60840, 60920, 65475, 69100, 69130, 76925, 76980, 85420, 87970], "static_frames_count": 37}