{"camera_movement_sequences": [], "foi_count_frames": 5585, "foi_count_seconds": 93.08333333333333, "foi_pct": 0.027919276548307597, "foi_sequences": [[3330, 3705], [7040, 7195], [7260, 7350], [11010, 11080], [12295, 12315], [12390, 12460], [14370, 14380], [14910, 14935], [19300, 20250], [21655, 21690], [22695, 23250], [23430, 23440], [35720, 35790], [36930, 36980], [45415, 45420], [49425, 49485], [49665, 49690], [49785, 49820], [50035, 50145], [50300, 50325], [86250, 86300], [97210, 97245], [107025, 107035], [112390, 112855], [113385, 113950], [132620, 132810], [135780, 135810], [158515, 158580], [158660, 158815], [158890, 158900], [173420, 173950], [175490, 175605], [177360, 177370], [179325, 179890], [180000, 180045]], "representative_frames": [5, 3330, 3705, 7040, 7195, 7260, 7350, 11010, 11080, 12295, 12315, 12390, 12460, 14370, 14380, 14910, 14935, 19300, 20250, 21655, 21690, 22695, 23250, 23430, 23440, 35720, 35790, 36930, 36980, 45415, 45420, 49425, 49485, 49665, 49690, 49785, 49820, 50035, 50145, 50300, 50325, 86250, 86300, 97210, 97245, 107025, 107035, 112390, 112855, 113385, 113950, 132620, 132810, 135780, 135810, 158515, 158580, 158660, 158815, 158890, 158900, 173420, 173950, 175490, 175605, 177360, 177370, 179325, 179890, 180000, 180045], "representative_frames_count": 71, "static_frames": [5], "static_frames_count": 1}