{"camera_movement_sequences": [], "foi_count_frames": 14840, "foi_count_seconds": 247.33333333333334, "foi_pct": 0.13725363250432385, "foi_sequences": [[11890, 12390], [17985, 18540], [32350, 32910], [33885, 34315], [39980, 40150], [48680, 49260], [49350, 49665], [49870, 50840], [50935, 51465], [59430, 59840], [65165, 65170], [66990, 67520], [68170, 68660], [71025, 71590], [74540, 74985], [79535, 79725], [80430, 81420], [81750, 82295], [84780, 85770], [89590, 90030], [96045, 96405], [96475, 98205], [98310, 98730], [100245, 101130], [104660, 105895]], "representative_frames": [5, 11890, 12390, 17985, 18540, 32350, 32910, 33885, 34315, 39980, 40150, 48680, 49260, 49350, 49665, 49870, 50840, 50935, 51465, 59430, 59840, 65165, 65170, 66990, 67520, 68170, 68660, 71025, 71590, 74540, 74985, 79535, 79725, 80430, 81420, 81750, 82295, 84780, 85770, 89590, 90030, 96045, 96405, 96475, 98205, 98310, 98730, 100245, 101130, 104660, 105895], "representative_frames_count": 51, "static_frames": [5], "static_frames_count": 1}