{"camera_movement_sequences": [], "foi_count_frames": 5290, "foi_count_seconds": 88.16666666666667, "foi_pct": 0.026765701448586074, "foi_sequences": [[28095, 28855], [29415, 29440], [29800, 29825], [29895, 30355], [39750, 40360], [122740, 122750], [122850, 123285], [125030, 125620], [129415, 129450], [129555, 130000], [130720, 131815], [137215, 137415], [154110, 154280], [173505, 173935]], "representative_frames": [5, 28095, 28855, 29415, 29440, 29800, 29825, 29895, 30355, 39750, 40360, 122740, 122750, 122850, 123285, 125030, 125620, 129415, 129450, 129555, 130000, 130720, 131815, 137215, 137415, 154110, 154280, 173505, 173935], "representative_frames_count": 29, "static_frames": [5], "static_frames_count": 1}