{"camera_movement_sequences": [], "foi_count_frames": 22525, "foi_count_seconds": 375.4166666666667, "foi_pct": 0.2083314064797773, "foi_sequences": [[1030, 1725], [3910, 5100], [6135, 6140], [6450, 7065], [8790, 9295], [9840, 10500], [10710, 11395], [12175, 12315], [25345, 25880], [26000, 26490], [30435, 30825], [32530, 32815], [34495, 34790], [40580, 40835], [46425, 47050], [49785, 50250], [50350, 51130], [51570, 52820], [53025, 53410], [53480, 54585], [63425, 63610], [65830, 66380], [66455, 69020], [69440, 69855], [70115, 70400], [71170, 71590], [76655, 77725], [77880, 78250], [79165, 79630], [89060, 89280], [89570, 89805], [90345, 91065], [96645, 97700], [98260, 98820], [99600, 100835], [101350, 101590], [102910, 103245], [104020, 104030], [104900, 105135]], "representative_frames": [5, 1030, 1725, 3910, 5100, 6135, 6140, 6450, 7065, 8790, 9295, 9840, 10500, 10710, 11395, 12175, 12315, 25345, 25880, 26000, 26490, 30435, 30825, 32530, 32815, 34495, 34790, 40580, 40835, 46425, 47050, 49785, 50250, 50350, 51130, 51570, 52820, 53025, 53410, 53480, 54585, 63425, 63610, 65830, 66380, 66455, 69020, 69440, 69855, 70115, 70400, 71170, 71590, 76655, 77725, 77880, 78250, 79165, 79630, 89060, 89280, 89570, 89805, 90345, 91065, 96645, 97700, 98260, 98820, 99600, 100835, 101350, 101590, 102910, 103245, 104020, 104030, 104900, 105135], "representative_frames_count": 79, "static_frames": [5], "static_frames_count": 1}