{"camera_movement_sequences": [], "foi_count_frames": 1085, "foi_count_seconds": 36.16667, "foi_pct": 0.01095, "foi_sequences": [[9320, 9325], [9920, 9925], [63740, 63795], [63955, 63960], [75520, 75555], [84750, 84765], [95990, 96000], [96050, 96525], [97700, 98180]], "representative_frames": [5, 9320, 9325, 9920, 9925, 63740, 63795, 63955, 63960, 75520, 75555, 84750, 84765, 95990, 96000, 96050, 96525, 97700, 98180], "representative_frames_count": 19, "static_frames": [5], "static_frames_count": 1}