{"camera_movement_sequences": [], "foi_count_frames": 22420, "foi_count_seconds": 747.33333, "foi_pct": 0.41471, "foi_sequences": [[145, 285], [1100, 1185], [1665, 1745], [1785, 1870], [1920, 2000], [2705, 3025], [3700, 3860], [4045, 4120], [4520, 4695], [4730, 4895], [5270, 5285], [5405, 5410], [6265, 6275], [6620, 7090], [8680, 8855], [8960, 9195], [9280, 9295], [9350, 9365], [9845, 9850], [10030, 10065], [10180, 10645], [10690, 10910], [11265, 11270], [11735, 11830], [11865, 22065], [22155, 22320], [22550, 22990], [23150, 23180], [23570, 23995], [24055, 24115], [24280, 24285], [24335, 24340], [25715, 25840], [26005, 26385], [26685, 26725], [28230, 28660], [29930, 30290], [30370, 30400], [30545, 30725], [31180, 31190], [33365, 33820], [34625, 34655], [34765, 35585], [35870, 36165], [36405, 36725], [37410, 37535], [37650, 38510], [38915, 38975], [39160, 39170], [39940, 41030], [41105, 41425], [41500, 41595], [41630, 42000], [46145, 46150], [46190, 46335], [46385, 46850], [48340, 48580], [53205, 53905]], "representative_frames": [5, 145, 285, 1100, 1185, 1665, 1745, 1785, 1870, 1920, 2000, 2705, 3025, 3700, 3860, 4045, 4120, 4520, 4695, 4730, 4895, 5270, 5285, 5405, 5410, 6265, 6275, 6620, 7090, 8680, 8855, 8960, 9195, 9280, 9295, 9350, 9365, 9845, 9850, 10030, 10065, 10180, 10645, 10690, 10910, 11265, 11270, 11735, 11830, 11865, 12425, 12590, 12825, 12925, 13455, 13620, 14385, 14560, 17180, 17300, 17625, 17860, 19150, 20825, 21235, 22065, 22155, 22320, 22550, 22990, 23150, 23180, 23570, 23995, 24055, 24115, 24280, 24285, 24335, 24340, 25715, 25840, 26005, 26385, 26685, 26725, 28230, 28660, 29930, 30290, 30370, 30400, 30545, 30725, 31180, 31190, 33365, 33820, 34625, 34655, 34765, 35345, 35415, 35585, 35870, 36165, 36405, 36725, 37410, 37535, 37650, 38510, 38915, 38975, 39160, 39170, 39940, 41030, 41105, 41425, 41500, 41595, 41630, 42000, 46145, 46150, 46190, 46335, 46385, 46615, 46850, 48340, 48580, 53205, 53905], "representative_frames_count": 135, "static_frames": [5, 12425, 12590, 12825, 12925, 13455, 13620, 14385, 14560, 17180, 17300, 17625, 17860, 19150, 20825, 21235, 35345, 35415, 46615], "static_frames_count": 19}