{"camera_movement_sequences": [], "foi_count_frames": 5540, "foi_count_seconds": 184.66667, "foi_pct": 0.05539, "foi_sequences": [[50, 55], [1485, 1495], [1665, 1895], [1945, 1970], [3515, 3695], [5465, 5475], [5510, 5545], [6030, 6080], [6130, 6235], [7175, 7195], [7455, 7475], [8515, 8530], [9605, 10140], [10825, 10855], [11320, 11650], [11700, 11740], [12745, 12750], [12860, 12870], [17850, 17960], [18410, 18545], [19205, 19210], [20210, 20215], [20420, 20425], [22100, 22105], [22685, 22715], [22820, 22865], [22955, 23025], [23180, 23195], [24565, 24570], [24655, 24915], [24950, 25180], [39220, 39225], [39600, 39630], [40295, 40350], [40425, 40460], [42980, 42995], [43125, 43180], [48560, 48650], [48745, 48750], [48870, 48880], [48915, 48975], [50600, 50635], [53365, 53395], [53435, 53550], [53930, 53940], [56195, 56495], [56565, 56635], [56690, 56995], [66300, 66475], [67850, 67910], [68700, 68725], [68965, 68990], [79245, 79455], [79495, 79535], [86645, 86980], [87590, 87595], [87700, 87840], [88210, 88215], [88395, 88525], [88680, 88685], [89275, 89305], [89395, 89425], [89500, 89540], [89595, 90040], [90135, 90175]], "representative_frames": [5, 50, 55, 1485, 1495, 1665, 1895, 1945, 1970, 3515, 3695, 5465, 5475, 5510, 5545, 6030, 6080, 6130, 6235, 7175, 7195, 7455, 7475, 8515, 8530, 9605, 10140, 10825, 10855, 11320, 11650, 11700, 11740, 12745, 12750, 12860, 12870, 17850, 17960, 18410, 18545, 19205, 19210, 20210, 20215, 20420, 20425, 22100, 22105, 22685, 22715, 22820, 22865, 22955, 23025, 23180, 23195, 24565, 24570, 24655, 24915, 24950, 25180, 39220, 39225, 39600, 39630, 40295, 40350, 40425, 40460, 42980, 42995, 43125, 43180, 48560, 48650, 48745, 48750, 48870, 48880, 48915, 48975, 50600, 50635, 53365, 53395, 53435, 53550, 53930, 53940, 56195, 56495, 56565, 56635, 56690, 56995, 66300, 66475, 67850, 67910, 68700, 68725, 68965, 68990, 79245, 79455, 79495, 79535, 86645, 86980, 87590, 87595, 87700, 87840, 88210, 88215, 88395, 88525, 88680, 88685, 89275, 89305, 89395, 89425, 89500, 89540, 89595, 90040, 90135, 90175], "representative_frames_count": 131, "static_frames": [5], "static_frames_count": 1}