{"camera_movement_sequences": [], "foi_count_frames": 1745, "foi_count_seconds": 29.083333333333332, "foi_pct": 0.00880241725979994, "foi_sequences": [[143165, 143170], [154385, 154390], [192095, 193030], [195420, 196220]], "representative_frames": [5, 143165, 143170, 154385, 154390, 192095, 193030, 195420, 196220], "representative_frames_count": 9, "static_frames": [5], "static_frames_count": 1}