{"camera_movement_sequences": [], "foi_count_frames": 3020, "foi_count_seconds": 50.333333333333336, "foi_pct": 0.01594837374116106, "foi_sequences": [[21075, 21560], [98190, 98595], [112425, 112485], [112605, 113265], [114380, 114390], [114560, 114660], [114810, 115255], [124500, 124975], [159165, 159540], [186295, 186300]], "representative_frames": [5, 21075, 21560, 98190, 98595, 112425, 112485, 112605, 113265, 114380, 114390, 114560, 114660, 114810, 115255, 124500, 124975, 159165, 159540, 186295, 186300], "representative_frames_count": 21, "static_frames": [5], "static_frames_count": 1}