{"camera_movement_sequences": [], "foi_count_frames": 16895, "foi_count_seconds": 281.5833333333333, "foi_pct": 0.15626011598116923, "foi_sequences": [[1730, 1945], [2425, 2625], [12050, 12685], [19585, 20365], [21495, 22140], [23495, 23760], [26135, 26775], [26965, 28155], [35895, 36625], [42255, 42435], [42505, 42795], [43730, 44765], [44930, 45625], [47640, 48900], [49275, 51675], [52155, 52660], [55980, 56510], [63855, 64560], [74030, 74245], [74920, 74955], [78865, 79000], [79740, 79755], [83725, 83880], [84745, 87060], [90700, 91290], [106965, 107500]], "representative_frames": [5, 1730, 1945, 2425, 2625, 12050, 12685, 19585, 20365, 21495, 22140, 23495, 23760, 26135, 26775, 26965, 28155, 35895, 36625, 42255, 42435, 42505, 42795, 43730, 44765, 44930, 45625, 47640, 48900, 49275, 51675, 52155, 52660, 55980, 56510, 63855, 64560, 74030, 74245, 74920, 74955, 78865, 79000, 79740, 79755, 83725, 83880, 84745, 87060, 90700, 91290, 106965, 107500], "representative_frames_count": 53, "static_frames": [5], "static_frames_count": 1}