{"camera_movement_sequences": [[59125, 59130]], "foi_count_frames": 128180, "foi_count_seconds": 2136.3333333333335, "foi_pct": 0.6215661838513051, "foi_sequences": [[5, 2595], [2955, 3060], [3410, 3445], [3520, 3530], [3600, 3795], [4765, 4895], [5105, 6710], [7910, 12085], [12205, 12445], [12675, 12760], [12890, 12915], [13120, 13130], [13225, 16310], [16380, 17375], [17440, 17690], [17775, 17810], [18085, 18530], [18710, 18715], [18890, 18950], [19370, 19635], [19710, 19995], [20500, 20595], [20680, 24040], [24180, 24480], [24555, 24580], [24710, 24770], [24890, 24915], [25000, 25035], [25240, 25275], [25875, 25885], [25960, 25970], [26330, 27135], [27290, 27565], [28000, 28035], [29150, 29160], [29260, 29560], [30420, 30675], [30750, 31950], [32115, 33375], [33470, 33555], [33625, 33675], [33915, 34000], [34080, 34730], [34825, 34850], [34935, 34995], [35140, 35330], [35940, 35955], [36110, 36205], [36315, 36330], [36555, 36810], [37105, 38355], [38460, 38595], [39085, 39510], [40765, 40840], [42830, 45735], [45960, 46095], [46455, 46985], [47080, 47365], [47430, 47700], [47940, 47955], [49000, 49395], [49560, 51855], [51975, 53750], [53910, 54110], [54520, 54685], [54840, 55785], [55850, 60230], [60315, 60375], [60960, 62930], [63050, 63375], [63460, 65655], [65775, 65835], [66230, 69565], [69795, 76035], [76310, 76490], [76575, 76985], [77065, 77185], [77330, 78110], [78845, 79005], [79110, 83730], [84015, 84135], [84400, 84590], [85995, 86475], [88130, 89005], [90170, 90520], [90630, 91250], [91815, 91875], [92100, 92175], [92750, 92775], [92850, 92930], [94170, 94180], [94250, 94780], [94875, 94900], [95030, 95200], [95380, 95690], [96280, 96290], [96390, 96555], [96630, 97010], [97180, 98380], [98510, 99230], [99360, 99495], [99590, 99650], [99735, 99890], [99990, 100120], [100190, 100875], [100960, 101030], [101305, 103660], [103950, 106395], [106490, 106500], [107030, 107270], [107370, 108950], [109035, 109110], [109215, 111160], [111290, 113880], [114015, 114940], [115010, 116370], [116580, 116700], [116775, 117015], [117915, 117940], [118060, 118670], [118755, 119040], [119115, 119125], [119200, 119870], [119955, 120025], [120565, 120615], [120735, 120780], [120855, 121190], [121440, 121490], [121560, 123290], [123400, 123590], [123855, 123950], [124230, 124250], [124320, 124430], [124575, 124610], [126865, 126870], [126950, 127335], [127420, 127540], [127610, 127670], [127740, 127780], [128070, 128080], [128355, 128390], [128535, 130080], [130850, 131115], [131185, 132060], [132350, 133035], [133250, 133575], [134235, 135805], [135915, 135975], [136190, 136660], [136790, 136910], [137150, 137550], [138865, 138890], [139275, 139430], [139730, 139755], [140210, 140715], [140800, 144180], [144255, 145790], [145875, 145935], [146260, 147750], [148515, 148730], [148815, 150050], [150170, 150590], [150690, 150890], [150975, 151120], [151995, 152065], [152880, 152990], [154350, 154370], [154500, 154695], [154790, 156470], [157225, 157240], [158835, 161690], [161760, 161955], [162060, 162120], [162255, 162495], [162580, 162650], [162890, 163000], [163275, 164450], [164870, 165060], [165135, 166130], [166830, 166850], [167250, 169550], [169660, 169695], [169825, 170115], [170210, 170450], [170690, 170810], [171015, 171145], [171210, 171255], [172370, 172560], [172910, 173115], [173305, 173320], [174570, 174580], [175515, 175525], [175660, 175860], [175995, 176390], [176475, 176535], [177040, 177050], [177255, 178935], [179010, 179415], [179670, 180075], [180315, 180540], [180675, 180685], [180750, 180830], [181635, 181705], [181815, 182400], [182750, 182760], [183795, 183855], [184215, 184875], [186315, 188140], [188535, 188630], [188715, 188750], [188895, 189950], [190080, 190180], [190250, 190300], [191545, 191700], [192060, 192240], [193670, 194100], [194715, 195025], [195100, 195195], [195375, 195495], [195820, 195870], [195950, 196250], [196335, 196465], [197160, 197175], [199405, 201675], [201770, 201780], [201865, 202335], [202515, 202525], [203630, 203690], [204880, 205060], [205240, 205455], [205585, 205590], [205660, 206140]], "representative_frames": [5, 2595, 2955, 3060, 3410, 3445, 3520, 3530, 3600, 3795, 4765, 4895, 5105, 6710, 7910, 12085, 12205, 12445, 12675, 12760, 12890, 12915, 13120, 13130, 13225, 16310, 16380, 17375, 17440, 17690, 17775, 17810, 18085, 18530, 18710, 18715, 18890, 18950, 19370, 19635, 19710, 19995, 20500, 20595, 20680, 24040, 24180, 24480, 24555, 24580, 24710, 24770, 24890, 24915, 25000, 25035, 25240, 25275, 25875, 25885, 25960, 25970, 26330, 27135, 27290, 27565, 28000, 28035, 29150, 29160, 29260, 29560, 30420, 30675, 30750, 31950, 32115, 33375, 33470, 33555, 33625, 33675, 33915, 34000, 34080, 34730, 34825, 34850, 34935, 34995, 35140, 35330, 35940, 35955, 36110, 36205, 36315, 36330, 36555, 36810, 37105, 38355, 38460, 38595, 39085, 39510, 40765, 40840, 42830, 45735, 45960, 46095, 46455, 46985, 47080, 47365, 47430, 47700, 47940, 47955, 49000, 49395, 49560, 51855, 51975, 53750, 53910, 54110, 54520, 54685, 54840, 55785, 55850, 60230, 60315, 60375, 60960, 62930, 63050, 63375, 63460, 65655, 65775, 65835, 66230, 68390, 68475, 68700, 69565, 69795, 70945, 70985, 71020, 76035, 76310, 76490, 76575, 76985, 77065, 77185, 77330, 78110, 78845, 79005, 79110, 81820, 81925, 83730, 84015, 84135, 84400, 84590, 85995, 86475, 88130, 88380, 88425, 89005, 90170, 90520, 90630, 91250, 91815, 91875, 92100, 92175, 92750, 92775, 92850, 92930, 94170, 94180, 94250, 94780, 94875, 94900, 95030, 95200, 95380, 95690, 96280, 96290, 96390, 96555, 96630, 97010, 97180, 98380, 98510, 99230, 99360, 99495, 99590, 99650, 99735, 99890, 99990, 100120, 100190, 100875, 100960, 101030, 101305, 103660, 103950, 106395, 106490, 106500, 107030, 107270, 107370, 108950, 109035, 109110, 109215, 111160, 111290, 113880, 114015, 114940, 115010, 116370, 116580, 116700, 116775, 117015, 117915, 117940, 118060, 118670, 118755, 119040, 119115, 119125, 119200, 119870, 119955, 120025, 120565, 120615, 120735, 120780, 120855, 121190, 121440, 121490, 121560, 123290, 123400, 123590, 123855, 123950, 124230, 124250, 124320, 124430, 124575, 124610, 126865, 126870, 126950, 127335, 127420, 127540, 127610, 127670, 127740, 127780, 128070, 128080, 128355, 128390, 128535, 130080, 130850, 131115, 131185, 132060, 132350, 133035, 133250, 133575, 134235, 135805, 135915, 135975, 136190, 136660, 136790, 136910, 137150, 137550, 138865, 138890, 139275, 139430, 139730, 139755, 140210, 140715, 140800, 144180, 144255, 145790, 145875, 145935, 146260, 147750, 148515, 148730, 148815, 150050, 150170, 150590, 150690, 150890, 150975, 151120, 151995, 152065, 152880, 152990, 154350, 154370, 154500, 154695, 154790, 156470, 157225, 157240, 158835, 161690, 161760, 161955, 162060, 162120, 162255, 162495, 162580, 162650, 162890, 163000, 163275, 164450, 164870, 165060, 165135, 166130, 166830, 166850, 167250, 169550, 169660, 169695, 169825, 170115, 170210, 170450, 170690, 170810, 171015, 171145, 171210, 171255, 172370, 172560, 172910, 173115, 173305, 173320, 174570, 174580, 175515, 175525, 175660, 175860, 175995, 176390, 176475, 176535, 177040, 177050, 177255, 178935, 179010, 179415, 179670, 180075, 180315, 180540, 180675, 180685, 180750, 180830, 181635, 181705, 181815, 182400, 182750, 182760, 183795, 183855, 184215, 184875, 186315, 188140, 188535, 188630, 188715, 188750, 188895, 189950, 190080, 190180, 190250, 190300, 191545, 191700, 192060, 192240, 193670, 194100, 194715, 195025, 195100, 195195, 195375, 195495, 195820, 195870, 195950, 196250, 196335, 196465, 197160, 197175, 199405, 201675, 201770, 201780, 201865, 202335, 202515, 202525, 203630, 203690, 204880, 205060, 205240, 205455, 205585, 205590, 205660, 206140], "representative_frames_count": 474, "static_frames": [5, 68390, 68475, 68700, 70945, 70985, 71020, 81820, 81925, 88380, 88425], "static_frames_count": 11}