{"camera_movement_sequences": [], "foi_count_frames": 2920, "foi_count_seconds": 97.33333, "foi_pct": 0.02914, "foi_sequences": [[4505, 4530], [59345, 59350], [59405, 59660], [64285, 64550], [65865, 66085], [66125, 66145], [66835, 67150], [67465, 67510], [67630, 67660], [73970, 74560], [74830, 74835], [75330, 75380], [75420, 75485], [80095, 80390], [80450, 80455], [83795, 83820], [84910, 84920], [84990, 85235], [85650, 85745], [85820, 85850], [89825, 89845], [89885, 90170], [90225, 90245]], "representative_frames": [5, 4505, 4530, 59345, 59350, 59405, 59660, 64285, 64550, 65865, 66085, 66125, 66145, 66835, 67150, 67465, 67510, 67630, 67660, 73970, 74560, 74830, 74835, 75330, 75380, 75420, 75485, 80095, 80390, 80450, 80455, 83795, 83820, 84910, 84920, 84990, 85235, 85650, 85745, 85820, 85850, 89825, 89845, 89885, 90170, 90225, 90245], "representative_frames_count": 47, "static_frames": [5], "static_frames_count": 1}