{"camera_movement_sequences": [], "foi_count_frames": 9340, "foi_count_seconds": 311.33333, "foi_pct": 0.17276, "foi_sequences": [[870, 975], [1215, 1315], [6025, 6345], [9790, 10195], [10750, 11080], [11750, 11885], [13070, 13395], [13475, 14080], [17945, 18320], [18395, 18425], [21130, 21400], [21870, 22390], [22465, 22815], [23815, 24460], [24585, 25845], [26080, 26375], [27995, 28260], [31665, 31690], [31925, 32285], [35750, 35765], [36905, 36920], [36990, 37190], [37240, 37325], [37415, 37480], [37515, 37545], [37655, 37745], [37785, 37805], [37845, 37865], [38315, 38330], [38410, 38450], [38820, 38840], [39185, 39200], [39435, 39530], [39815, 39895], [40065, 40070], [41865, 41945], [42375, 43535], [45350, 45650], [53485, 53755]], "representative_frames": [5, 870, 975, 1215, 1315, 6025, 6345, 9790, 10195, 10750, 11080, 11750, 11885, 13070, 13395, 13475, 14080, 17945, 18320, 18395, 18425, 21130, 21400, 21870, 22390, 22465, 22815, 23815, 24460, 24585, 25845, 26080, 26375, 27995, 28260, 31665, 31690, 31925, 32285, 35750, 35765, 36905, 36920, 36990, 37190, 37240, 37325, 37415, 37480, 37515, 37545, 37655, 37745, 37785, 37805, 37845, 37865, 38315, 38330, 38410, 38450, 38820, 38840, 39185, 39200, 39435, 39530, 39815, 39895, 40065, 40070, 41865, 41945, 42375, 43535, 45350, 45650, 53485, 53755], "representative_frames_count": 79, "static_frames": [5], "static_frames_count": 1}