{"camera_movement_sequences": [], "foi_count_frames": 83935, "foi_count_seconds": 1398.9166666666667, "foi_pct": 0.776306175488573, "foi_sequences": [[5, 10520], [10630, 16545], [16640, 16770], [16905, 16990], [17145, 17420], [17625, 17650], [17865, 18750], [18825, 18870], [18945, 20170], [20410, 20540], [20710, 20730], [20995, 21250], [21370, 21380], [21465, 22580], [22785, 23410], [23515, 23730], [23815, 24680], [24790, 24990], [25100, 25170], [25245, 25510], [25690, 25880], [25990, 26000], [26095, 29540], [29985, 30550], [30620, 30825], [30895, 31170], [31390, 42010], [42115, 42630], [42705, 42750], [43210, 43425], [43510, 43615], [43965, 44300], [44430, 44480], [44575, 48210], [48310, 48500], [48645, 48740], [48810, 49280], [49375, 50890], [51010, 53890], [53985, 54080], [54165, 56650], [56910, 56925], [57165, 59875], [59985, 60790], [61100, 61160], [61260, 61510], [61590, 62770], [62840, 63130], [63430, 63450], [63550, 66600], [66705, 70690], [70765, 70820], [70890, 72810], [72905, 72930], [73010, 73095], [73170, 77645], [77775, 77850], [77930, 78160], [78450, 80865], [81030, 81135], [81210, 81825], [82025, 82170], [82275, 82545], [83055, 83070], [83560, 83910], [84135, 84160], [84305, 84435], [85035, 85185], [85950, 86000], [86330, 87810], [87905, 87930], [88000, 88085], [88170, 88685], [89020, 89045], [89140, 89535], [90005, 90285], [90785, 90810], [91210, 91880], [92000, 92010], [92085, 92900], [93190, 93295], [93560, 93685], [93790, 94450], [94545, 94870], [94965, 95060], [96165, 96200], [96310, 96320], [96585, 96645], [96730, 96970], [97125, 97170], [97510, 97580], [98025, 98070], [98215, 98230], [98350, 98385], [98830, 99260], [99670, 100170], [100245, 100340], [100450, 100785], [101050, 101350], [101650, 101700], [102190, 102200], [102285, 102500], [102705, 102800], [102895, 103605], [104130, 104155], [104950, 105250], [106870, 106880], [106990, 107110], [107310, 107410], [107590, 107660], [108045, 108115]], "representative_frames": [5, 10520, 10630, 16545, 16640, 16770, 16905, 16990, 17145, 17420, 17625, 17650, 17865, 18750, 18825, 18870, 18945, 20170, 20410, 20540, 20710, 20730, 20995, 21250, 21370, 21380, 21465, 22580, 22785, 23410, 23515, 23730, 23815, 24680, 24790, 24990, 25100, 25170, 25245, 25510, 25690, 25880, 25990, 26000, 26095, 29540, 29985, 30550, 30620, 30825, 30895, 31170, 31390, 42010, 42115, 42630, 42705, 42750, 43210, 43425, 43510, 43615, 43965, 44300, 44430, 44480, 44575, 48210, 48310, 48500, 48645, 48740, 48810, 49280, 49375, 50890, 51010, 53890, 53985, 54080, 54165, 56650, 56910, 56925, 57165, 59875, 59985, 60790, 61100, 61160, 61260, 61510, 61590, 62770, 62840, 63130, 63430, 63450, 63550, 66600, 66705, 70690, 70765, 70820, 70890, 72810, 72905, 72930, 73010, 73095, 73170, 77645, 77775, 77850, 77930, 78160, 78450, 80865, 81030, 81135, 81210, 81825, 82025, 82170, 82275, 82545, 83055, 83070, 83560, 83910, 84135, 84160, 84305, 84435, 85035, 85185, 85950, 86000, 86330, 87810, 87905, 87930, 88000, 88085, 88170, 88685, 89020, 89045, 89140, 89535, 90005, 90285, 90785, 90810, 91210, 91880, 92000, 92010, 92085, 92900, 93190, 93295, 93560, 93685, 93790, 94450, 94545, 94870, 94965, 95060, 96165, 96200, 96310, 96320, 96585, 96645, 96730, 96970, 97125, 97170, 97510, 97580, 98025, 98070, 98215, 98230, 98350, 98385, 98830, 99260, 99670, 100170, 100245, 100340, 100450, 100785, 101050, 101350, 101650, 101700, 102190, 102200, 102285, 102500, 102705, 102800, 102895, 103605, 104130, 104155, 104950, 105250, 106870, 106880, 106990, 107110, 107310, 107410, 107590, 107660, 108045, 108115], "representative_frames_count": 222, "static_frames": [5], "static_frames_count": 1}