{"camera_movement_sequences": [[82425, 82445]], "foi_count_frames": 2090, "foi_count_seconds": 34.833333333333336, "foi_pct": 0.019330194874261245, "foi_sequences": [[61945, 62250], [82125, 82470], [88230, 88550], [89730, 89870], [92790, 92885], [94290, 94665], [97740, 98070], [98190, 98250], [101115, 101235]], "representative_frames": [5, 61945, 62250, 82125, 82470, 88230, 88550, 89730, 89870, 92790, 92885, 94290, 94665, 97740, 98070, 98190, 98250, 101115, 101235], "representative_frames_count": 19, "static_frames": [5], "static_frames_count": 1}