{"camera_movement_sequences": [[235, 245], [35790, 35800], [87370, 87380]], "foi_count_frames": 16555, "foi_count_seconds": 275.9166666666667, "foi_pct": 0.1531154909777009, "foi_sequences": [[5, 785], [7145, 7205], [7470, 7485], [7650, 7995], [11045, 11685], [11750, 12045], [12160, 12965], [15750, 16335], [16445, 16460], [29610, 29685], [29765, 29850], [31515, 31545], [31610, 31890], [32070, 33665], [33870, 33905], [34270, 34830], [34905, 35880], [37330, 37795], [37975, 38050], [39475, 39510], [39825, 40230], [41060, 41730], [42510, 42790], [43305, 44325], [44470, 45055], [47250, 47275], [47565, 47995], [48090, 48200], [82870, 83070], [83145, 83770], [84730, 84895], [85390, 85570], [85870, 87465], [87550, 87765], [87910, 87990], [88315, 88960], [89040, 89045], [89190, 89825], [90125, 90170], [90390, 90450], [90675, 90705], [91000, 91050], [93090, 93150], [94995, 95405], [95610, 95630], [107770, 108030]], "representative_frames": [5, 785, 7145, 7205, 7470, 7485, 7650, 7995, 11045, 11685, 11750, 12045, 12160, 12965, 15750, 16335, 16445, 16460, 29610, 29685, 29765, 29850, 31515, 31545, 31610, 31890, 32070, 33665, 33870, 33905, 34270, 34830, 34905, 35880, 37330, 37795, 37975, 38050, 39475, 39510, 39825, 40230, 41060, 41730, 42510, 42790, 43305, 44325, 44470, 45055, 47250, 47275, 47565, 47995, 48090, 48200, 82870, 83070, 83145, 83770, 84730, 84895, 85390, 85570, 85870, 87465, 87550, 87765, 87910, 87990, 88315, 88960, 89040, 89045, 89190, 89825, 90125, 90170, 90390, 90450, 90675, 90705, 91000, 91050, 93090, 93150, 94995, 95405, 95610, 95630, 107770, 108030], "representative_frames_count": 92, "static_frames": [5], "static_frames_count": 1}