{"camera_movement_sequences": [[120, 125], [17905, 17935]], "foi_count_frames": 9755, "foi_count_seconds": 325.16667, "foi_pct": 0.18044, "foi_sequences": [[5, 400], [435, 490], [555, 570], [3535, 3610], [3715, 3745], [3785, 4000], [5520, 6030], [6080, 6485], [7795, 7805], [7865, 8175], [8215, 8280], [14700, 14940], [15745, 15975], [16030, 16835], [16895, 16960], [17130, 17945], [18270, 18295], [18660, 18900], [18975, 19055], [19740, 19760], [19850, 19860], [19915, 20125], [20165, 20185], [20535, 20895], [21255, 21380], [21655, 22190], [22235, 22530], [23630, 23645], [23735, 23740], [23780, 24005], [24045, 24105], [24185, 24200], [41425, 41915], [42365, 42455], [42695, 42800], [42935, 44000], [44060, 44070], [44155, 44530], [44590, 44920], [45060, 45095], [45190, 45295], [45330, 45360], [45425, 45450], [45505, 45535], [46385, 46390], [46525, 46595], [47495, 47710], [47755, 47825], [47885, 47915], [53795, 53840], [53875, 54025]], "representative_frames": [5, 400, 435, 490, 555, 570, 3535, 3610, 3715, 3745, 3785, 4000, 5520, 6030, 6080, 6485, 7795, 7805, 7865, 8175, 8215, 8280, 14700, 14940, 15745, 15975, 16030, 16835, 16895, 16960, 17130, 17945, 18270, 18295, 18660, 18900, 18975, 19055, 19740, 19760, 19850, 19860, 19915, 20125, 20165, 20185, 20535, 20895, 21255, 21380, 21655, 22190, 22235, 22530, 23630, 23645, 23735, 23740, 23780, 24005, 24045, 24105, 24185, 24200, 41425, 41915, 42365, 42455, 42695, 42800, 42935, 44000, 44060, 44070, 44155, 44530, 44590, 44920, 45060, 45095, 45190, 45295, 45330, 45360, 45425, 45450, 45505, 45535, 46385, 46390, 46525, 46595, 47495, 47710, 47755, 47825, 47885, 47915, 53795, 53840, 53875, 54025], "representative_frames_count": 102, "static_frames": [5], "static_frames_count": 1}