{"camera_movement_sequences": [], "foi_count_frames": 1940, "foi_count_seconds": 64.66667, "foi_pct": 0.03588, "foi_sequences": [[995, 1480], [5255, 5475], [5790, 5795], [5925, 5930], [6065, 6215], [7930, 7935], [27265, 27795], [38820, 38840], [38885, 39405]], "representative_frames": [5, 995, 1480, 5255, 5475, 5790, 5795, 5925, 5930, 6065, 6215, 7930, 7935, 27265, 27795, 38820, 38840, 38885, 39405], "representative_frames_count": 19, "static_frames": [5], "static_frames_count": 1}