{"camera_movement_sequences": [], "foi_count_frames": 3050, "foi_count_seconds": 50.833333333333336, "foi_pct": 0.028209136060524782, "foi_sequences": [[12050, 12125], [12210, 12330], [12410, 13185], [13735, 13770], [15090, 15390], [15605, 16515], [16590, 16650], [16830, 16850], [17610, 17690], [41455, 41765], [41850, 42210], [42400, 42405]], "representative_frames": [5, 12050, 12125, 12210, 12330, 12410, 13185, 13735, 13770, 15090, 15390, 15605, 16515, 16590, 16650, 16830, 16850, 17610, 17690, 41455, 41765, 41850, 42210, 42400, 42405], "representative_frames_count": 25, "static_frames": [5], "static_frames_count": 1}