{"camera_movement_sequences": [[7100, 7105], [8130, 8160], [11700, 11705]], "foi_count_frames": 6935, "foi_count_seconds": 231.16667, "foi_pct": 0.12821, "foi_sequences": [[700, 1050], [1090, 1095], [1845, 2170], [2365, 2385], [3235, 3555], [6820, 7115], [8125, 8345], [9130, 9135], [9250, 9255], [9510, 9520], [9570, 9855], [9925, 9940], [10840, 11120], [11300, 11995], [12040, 12055], [12550, 12560], [12640, 12685], [23590, 24115], [24160, 24170], [24255, 24800], [25945, 26315], [26350, 26405], [27335, 27445], [27485, 27930], [32535, 33130], [38590, 38920], [38965, 38970], [39100, 39130], [43895, 43925], [44205, 44415], [44775, 44845], [44985, 45640], [54040, 54090]], "representative_frames": [5, 700, 1050, 1090, 1095, 1845, 2170, 2365, 2385, 3235, 3555, 6820, 7115, 8125, 8345, 9130, 9135, 9250, 9255, 9510, 9520, 9570, 9855, 9925, 9940, 10840, 11120, 11300, 11995, 12040, 12055, 12550, 12560, 12640, 12685, 23590, 24115, 24160, 24170, 24255, 24800, 25945, 26315, 26350, 26405, 27335, 27445, 27485, 27930, 32535, 33130, 38590, 38920, 38965, 38970, 39100, 39130, 43895, 43925, 44205, 44415, 44775, 44845, 44985, 45640, 54040, 54090], "representative_frames_count": 67, "static_frames": [5], "static_frames_count": 1}