{"camera_movement_sequences": [[16220, 16235]], "foi_count_frames": 16295, "foi_count_seconds": 271.5833333333333, "foi_pct": 0.15071077773975453, "foi_sequences": [[10, 595], [11040, 11060], [12050, 12395], [12780, 12790], [14195, 14340], [14420, 14470], [14600, 14650], [15465, 16250], [27905, 27910], [33300, 33870], [34025, 34030], [38265, 39195], [39660, 40560], [43250, 43260], [43500, 43575], [43740, 45000], [45105, 46460], [46740, 47580], [47700, 48585], [48675, 49950], [53225, 53230], [58820, 59865], [60200, 60300], [60435, 60560], [60645, 60765], [60900, 60995], [61140, 61275], [61390, 62700], [88385, 88390], [90245, 90250], [94140, 94150], [94260, 94280], [94425, 94510], [94620, 95120], [95475, 95650], [95805, 95880], [96000, 96470], [96615, 97800], [106500, 107230]], "representative_frames": [5, 10, 595, 11040, 11060, 12050, 12395, 12780, 12790, 14195, 14340, 14420, 14470, 14600, 14650, 15465, 16250, 27905, 27910, 33300, 33870, 34025, 34030, 38265, 39195, 39660, 40560, 43250, 43260, 43500, 43575, 43740, 45000, 45105, 46460, 46740, 47580, 47700, 48585, 48675, 49950, 53225, 53230, 58820, 59865, 60200, 60300, 60435, 60560, 60645, 60765, 60900, 60995, 61140, 61275, 61390, 62700, 88385, 88390, 90245, 90250, 94140, 94150, 94260, 94280, 94425, 94510, 94620, 95120, 95475, 95650, 95805, 95880, 96000, 96470, 96615, 97800, 106500, 107230], "representative_frames_count": 79, "static_frames": [5], "static_frames_count": 1}