{"camera_movement_sequences": [[13025, 13050], [17530, 17535], [19870, 19900], [47100, 47115]], "foi_count_frames": 11365, "foi_count_seconds": 378.83333, "foi_pct": 0.21023, "foi_sequences": [[9140, 9375], [10475, 10695], [10745, 10780], [12045, 12065], [12155, 12555], [12785, 13060], [14180, 14350], [14405, 14580], [14660, 14750], [15510, 15765], [17525, 17700], [19085, 19095], [19155, 19175], [19265, 19730], [19775, 21320], [21395, 21570], [21785, 21790], [21835, 22085], [22135, 22145], [22755, 22795], [23815, 24085], [24155, 24225], [24760, 24855], [24915, 24920], [24955, 25185], [25220, 25305], [25485, 25755], [25795, 25885], [25925, 25955], [27155, 27450], [27490, 28095], [28165, 28220], [28295, 28305], [37980, 37985], [38055, 38265], [41170, 41285], [41415, 41855], [42105, 42285], [42395, 42530], [42760, 42795], [42945, 42960], [42995, 43055], [43425, 43605], [43665, 43840], [44195, 44215], [44285, 44505], [44625, 44725], [44940, 45055], [45410, 45500], [45595, 45615], [45655, 45980], [46015, 47120], [47165, 47200], [47450, 47535], [47715, 47950], [47990, 47995], [48185, 48195], [53150, 53225], [53295, 53645], [53715, 54060]], "representative_frames": [5, 9140, 9375, 10475, 10695, 10745, 10780, 12045, 12065, 12155, 12555, 12785, 13060, 14180, 14350, 14405, 14580, 14660, 14750, 15510, 15765, 17525, 17700, 19085, 19095, 19155, 19175, 19265, 19730, 19775, 21320, 21395, 21570, 21785, 21790, 21835, 22085, 22135, 22145, 22755, 22795, 23815, 24085, 24155, 24225, 24760, 24855, 24915, 24920, 24955, 25185, 25220, 25305, 25485, 25755, 25795, 25885, 25925, 25955, 27155, 27450, 27490, 28095, 28165, 28220, 28295, 28305, 37980, 37985, 38055, 38265, 41170, 41285, 41415, 41855, 42105, 42285, 42395, 42530, 42760, 42795, 42945, 42960, 42995, 43055, 43425, 43605, 43665, 43840, 44195, 44215, 44285, 44505, 44625, 44725, 44940, 45055, 45410, 45500, 45595, 45615, 45655, 45980, 46015, 47120, 47165, 47200, 47450, 47535, 47715, 47950, 47990, 47995, 48185, 48195, 53150, 53225, 53295, 53645, 53715, 54060], "representative_frames_count": 121, "static_frames": [5], "static_frames_count": 1}