{"camera_movement_sequences": [[8600, 8660], [50770, 50815], [52235, 52320]], "foi_count_frames": 42460, "foi_count_seconds": 707.6666666666666, "foi_pct": 0.3927081695507811, "foi_sequences": [[5, 120], [355, 850], [1210, 1320], [1390, 4605], [4690, 4770], [4955, 5040], [5130, 5310], [5530, 6390], [6480, 12810], [13160, 13185], [13330, 13340], [13425, 13485], [13920, 14840], [14985, 18800], [19195, 19245], [19365, 19565], [22755, 23300], [23510, 24570], [26020, 26080], [27030, 27135], [28170, 28265], [29225, 29285], [30390, 30410], [32025, 32080], [33330, 33350], [33990, 34010], [35130, 35140], [35235, 35550], [36090, 36530], [38530, 38565], [38700, 38880], [39060, 39970], [42020, 42070], [42250, 47310], [47395, 52870], [53530, 54045], [54165, 54920], [55315, 55510], [56265, 56300], [56530, 56865], [57765, 57850], [59985, 60475], [62005, 62480], [62890, 62950], [63190, 63260], [63740, 64160], [69970, 70425], [73485, 73845], [73940, 74050], [75930, 76110], [76950, 77745], [77850, 77855], [79460, 79470], [79640, 80000], [80085, 81140], [82330, 82700], [82905, 82940], [85365, 85570], [86910, 87310], [87480, 87970], [90690, 90930], [91030, 91040], [96890, 96920], [97080, 97095], [98135, 98220], [99190, 99215], [101175, 101650], [101830, 101940], [102790, 103560], [104690, 104710], [104890, 105370], [106845, 107715]], "representative_frames": [5, 120, 355, 850, 1210, 1320, 1390, 4605, 4690, 4770, 4955, 5040, 5130, 5310, 5530, 6390, 6480, 12810, 13160, 13185, 13330, 13340, 13425, 13485, 13920, 14840, 14985, 18800, 19195, 19245, 19365, 19565, 22755, 23300, 23510, 24570, 26020, 26080, 27030, 27135, 28170, 28265, 29225, 29285, 30390, 30410, 32025, 32080, 33330, 33350, 33990, 34010, 35130, 35140, 35235, 35550, 36090, 36530, 38530, 38565, 38700, 38880, 39060, 39970, 42020, 42070, 42250, 47310, 47395, 52870, 53530, 54045, 54165, 54920, 55315, 55510, 56265, 56300, 56530, 56865, 57765, 57850, 59985, 60475, 62005, 62480, 62890, 62950, 63190, 63260, 63740, 64160, 69970, 70425, 73485, 73845, 73940, 74050, 75930, 76110, 76950, 77745, 77850, 77855, 79460, 79470, 79640, 80000, 80085, 81140, 82330, 82700, 82905, 82940, 85365, 85570, 86910, 87310, 87480, 87970, 90690, 90930, 91030, 91040, 96890, 96920, 97080, 97095, 98135, 98220, 99190, 99215, 101175, 101650, 101830, 101940, 102790, 103560, 104690, 104710, 104890, 105370, 106845, 107715], "representative_frames_count": 144, "static_frames": [5], "static_frames_count": 1}