{"camera_movement_sequences": [], "foi_count_frames": 665, "foi_count_seconds": 11.083333333333334, "foi_pct": 0.0061505165509013054, "foi_sequences": [[42930, 43110], [43780, 44265]], "representative_frames": [5, 42930, 43110, 43780, 44265], "representative_frames_count": 5, "static_frames": [5], "static_frames_count": 1}