{"camera_movement_sequences": [], "foi_count_frames": 590, "foi_count_seconds": 19.66667, "foi_pct": 0.01091, "foi_sequences": [[2980, 3390], [3485, 3490], [43405, 43505], [46890, 46965]], "representative_frames": [5, 2980, 3390, 3485, 3490, 43405, 43505, 46890, 46965], "representative_frames_count": 9, "static_frames": [5], "static_frames_count": 1}