{"camera_movement_sequences": [], "foi_count_frames": 1915, "foi_count_seconds": 63.83333, "foi_pct": 0.03542, "foi_sequences": [[6030, 6070], [6110, 6635], [6855, 6900], [6990, 7055], [7350, 7360], [7545, 7725], [7800, 8340], [8415, 8435], [8800, 8850], [8910, 8915], [9065, 9070], [9155, 9160], [20730, 21125], [21180, 21210]], "representative_frames": [5, 6030, 6070, 6110, 6635, 6855, 6900, 6990, 7055, 7350, 7360, 7545, 7725, 7800, 8340, 8415, 8435, 8800, 8850, 8910, 8915, 9065, 9070, 9155, 9160, 20730, 21125, 21180, 21210], "representative_frames_count": 29, "static_frames": [5], "static_frames_count": 1}