{"camera_movement_sequences": [], "foi_count_frames": 12310, "foi_count_seconds": 205.16666666666666, "foi_pct": 0.11379077656889842, "foi_sequences": [[1425, 1870], [1980, 2085], [3720, 4320], [6480, 7095], [13630, 14220], [16240, 16680], [19140, 19695], [21705, 22175], [22680, 23960], [25310, 25365], [47220, 48215], [48515, 49595], [51935, 52520], [52700, 52800], [54670, 54790], [54970, 55785], [65070, 65535], [65685, 66140], [77170, 77830], [87815, 87840], [88440, 88800], [89565, 89685], [90000, 91275], [108080, 108180]], "representative_frames": [5, 1425, 1870, 1980, 2085, 3720, 4320, 6480, 7095, 13630, 14220, 16240, 16680, 19140, 19695, 21705, 22175, 22680, 23960, 25310, 25365, 47220, 48215, 48515, 49595, 51935, 52520, 52700, 52800, 54670, 54790, 54970, 55785, 65070, 65535, 65685, 66140, 77170, 77830, 87815, 87840, 88440, 88800, 89565, 89685, 90000, 91275, 108080, 108180], "representative_frames_count": 49, "static_frames": [5], "static_frames_count": 1}