{"camera_movement_sequences": [], "foi_count_frames": 7435, "foi_count_seconds": 247.83333, "foi_pct": 0.13745, "foi_sequences": [[21915, 22160], [23995, 24220], [24255, 24260], [26320, 26355], [26390, 26545], [27150, 27200], [27250, 27575], [27620, 28640], [28800, 28810], [28890, 29305], [29385, 29480], [30000, 30295], [30345, 30760], [32605, 32640], [32675, 32805], [33070, 33165], [33275, 33285], [33320, 33385], [33625, 35395], [35710, 35775], [35810, 35820], [36380, 36410], [36455, 36595], [38375, 38860], [38900, 38950], [39065, 39085], [39310, 39335], [39645, 39670], [39715, 39990], [43355, 43610], [50355, 50840], [52735, 52840], [53260, 53265], [53655, 53680], [53770, 53810]], "representative_frames": [5, 21915, 22160, 23995, 24220, 24255, 24260, 26320, 26355, 26390, 26545, 27150, 27200, 27250, 27575, 27620, 28640, 28800, 28810, 28890, 29305, 29385, 29480, 30000, 30295, 30345, 30760, 32605, 32640, 32675, 32805, 33070, 33165, 33275, 33285, 33320, 33385, 33625, 35395, 35710, 35775, 35810, 35820, 36380, 36410, 36455, 36595, 38375, 38860, 38900, 38950, 39065, 39085, 39310, 39335, 39645, 39670, 39715, 39990, 43355, 43610, 50355, 50840, 52735, 52840, 53260, 53265, 53655, 53680, 53770, 53810], "representative_frames_count": 71, "static_frames": [5], "static_frames_count": 1}