{"camera_movement_sequences": [[2570, 2580], [4960, 5020]], "foi_count_frames": 14125, "foi_count_seconds": 235.41666666666666, "foi_pct": 0.8407237664424737, "foi_sequences": [[5, 3120], [3220, 7865], [8080, 8610], [9150, 11030], [11945, 12840], [12920, 13900], [14250, 14620], [15090, 16800]], "representative_frames": [5, 210, 1185, 1260, 1445, 2635, 2695, 2905, 3120, 3220, 4550, 4780, 4850, 5000, 5150, 5340, 5365, 5510, 5550, 5600, 5690, 5900, 6080, 6235, 6375, 6580, 6720, 6900, 6965, 7865, 8080, 8610, 9150, 9830, 9885, 9985, 10035, 10160, 10225, 10385, 11030, 11945, 12540, 12585, 12840, 12920, 13315, 13900, 14250, 14445, 14620, 15090, 15905, 16050, 16800], "representative_frames_count": 55, "static_frames": [5, 210, 1185, 1260, 1445, 2635, 2695, 2905, 4550, 4780, 4850, 5000, 5150, 5340, 5365, 5510, 5550, 5600, 5690, 5900, 6080, 6235, 6375, 6580, 6720, 6900, 6965, 9830, 9885, 9985, 10035, 10160, 10225, 10385, 12540, 12585, 13315, 14445, 15905, 16050], "static_frames_count": 40}