{"camera_movement_sequences": [], "foi_count_frames": 10, "foi_count_seconds": 0.16666666666666666, "foi_pct": 4.660679247393515e-05, "foi_sequences": [[163145, 163150], [214085, 214090]], "representative_frames": [5, 163145, 163150, 214085, 214090], "representative_frames_count": 5, "static_frames": [5], "static_frames_count": 1}