{"camera_movement_sequences": [], "foi_count_frames": 100, "foi_count_seconds": 1.6666666666666667, "foi_pct": 0.0004828188898062448, "foi_sequences": [[202430, 202530]], "representative_frames": [5, 202430, 202530], "representative_frames_count": 3, "static_frames": [5, 202430], "static_frames_count": 2}