{"camera_movement_sequences": [], "foi_count_frames": 1900, "foi_count_seconds": 31.666666666666668, "foi_pct": 0.017572904431146587, "foi_sequences": [[34900, 35955], [97875, 98295], [98535, 98960]], "representative_frames": [5, 34900, 35955, 97875, 98295, 98535, 98960], "representative_frames_count": 7, "static_frames": [5], "static_frames_count": 1}