{"camera_movement_sequences": [[21960, 21985], [24685, 24745], [26655, 26765], [26965, 26970]], "foi_count_frames": 18880, "foi_count_seconds": 314.6666666666667, "foi_pct": 0.6976830124533462, "foi_sequences": [[5, 990], [1125, 1185], [2280, 2685], [3215, 3320], [3980, 4130], [6810, 7110], [7450, 9235], [9415, 10400], [10510, 10520], [10915, 11700], [13180, 15310], [15560, 15660], [15980, 27060]], "representative_frames": [5, 990, 1125, 1185, 2280, 2685, 3215, 3320, 3980, 4130, 6810, 7110, 7450, 7725, 7780, 8020, 8730, 9235, 9415, 10400, 10510, 10520, 10915, 11340, 11700, 13180, 13955, 14075, 14110, 15310, 15560, 15660, 15980, 17845, 17895, 18420, 18545, 19300, 19805, 19935, 21990, 22035, 22055, 22105, 22140, 22235, 22365, 22765, 23245, 23440, 23690, 23925, 24205, 24350, 24460, 24580, 24615, 24690, 24760, 24905, 26665, 26715, 26770, 26820, 26830, 26835, 26840, 26845, 26855, 26865, 26870, 26875, 26885, 26890, 26900, 26905, 26910, 26920, 26925, 26930, 26940, 26990, 26995, 27000, 27010, 27015, 27025, 27030, 27035, 27040, 27045, 27060], "representative_frames_count": 92, "static_frames": [5, 7725, 7780, 8020, 8730, 11340, 13955, 14075, 14110, 17845, 17895, 18420, 18545, 19300, 19805, 19935, 21990, 22035, 22055, 22105, 22140, 22235, 22365, 22765, 23245, 23440, 23690, 23925, 24205, 24350, 24460, 24580, 24615, 24690, 24760, 24905, 26665, 26715, 26770, 26820, 26830, 26835, 26840, 26845, 26855, 26865, 26870, 26875, 26885, 26890, 26900, 26905, 26910, 26920, 26925, 26930, 26940, 26990, 26995, 27000, 27010, 27015, 27025, 27030, 27035, 27040, 27045], "static_frames_count": 67}