{"camera_movement_sequences": [], "foi_count_frames": 1055, "foi_count_seconds": 35.16667, "foi_pct": 0.01949, "foi_sequences": [[1885, 2200], [3045, 3145], [3235, 3370], [3445, 3470], [3505, 3525], [8585, 8605], [8675, 8680], [8945, 8965], [9205, 9255], [9365, 9370], [9435, 9795]], "representative_frames": [5, 1885, 2200, 3045, 3145, 3235, 3370, 3445, 3470, 3505, 3525, 8585, 8605, 8675, 8680, 8945, 8965, 9205, 9255, 9365, 9370, 9435, 9795], "representative_frames_count": 23, "static_frames": [5], "static_frames_count": 1}