{"camera_movement_sequences": [], "foi_count_frames": 1280, "foi_count_seconds": 21.333333333333332, "foi_pct": 0.011825463548932475, "foi_sequences": [[3775, 4305], [6525, 6545], [6630, 6655], [6885, 6930], [7015, 7025], [18870, 18895], [18965, 19590]], "representative_frames": [5, 3775, 4305, 6525, 6545, 6630, 6655, 6885, 6930, 7015, 7025, 18870, 18895, 18965, 19590], "representative_frames_count": 15, "static_frames": [5], "static_frames_count": 1}