{"camera_movement_sequences": [], "foi_count_frames": 1000, "foi_count_seconds": 16.666666666666668, "foi_pct": 0.00924889706902452, "foi_sequences": [[30740, 31255], [37565, 38035], [103690, 103705]], "representative_frames": [5, 30740, 31255, 37565, 38035, 103690, 103705], "representative_frames_count": 7, "static_frames": [5], "static_frames_count": 1}