{"camera_movement_sequences": [], "foi_count_frames": 2795, "foi_count_seconds": 46.583333333333336, "foi_pct": 0.02585066730792353, "foi_sequences": [[1740, 2230], [21025, 21435], [21540, 21565], [21635, 21685], [21875, 21910], [22345, 22380], [22560, 22705], [22800, 23265], [27130, 27685], [28525, 28535], [28645, 29220]], "representative_frames": [5, 1740, 2230, 21025, 21435, 21540, 21565, 21635, 21685, 21875, 21910, 22345, 22380, 22560, 22705, 22800, 23265, 27130, 27685, 28525, 28535, 28645, 29080, 29220], "representative_frames_count": 24, "static_frames": [5, 29080], "static_frames_count": 2}