{"camera_movement_sequences": [], "foi_count_frames": 21560, "foi_count_seconds": 359.3333333333333, "foi_pct": 0.10382305777204194, "foi_sequences": [[103140, 103455], [103620, 103840], [105375, 105700], [105870, 105990], [106200, 106335], [107235, 107630], [107790, 107800], [107895, 108125], [108210, 108800], [108890, 109060], [110620, 110790], [117915, 118130], [118385, 119320], [135065, 135520], [135760, 135845], [135930, 135950], [136230, 136250], [136340, 136570], [137920, 138240], [138810, 139050], [144040, 144230], [144845, 145190], [153810, 154040], [160985, 161200], [161320, 161980], [162090, 162350], [164645, 165340], [166155, 166550], [166660, 167470], [167705, 167860], [168170, 168280], [168940, 169145], [169395, 169840], [169950, 170140], [171640, 172695], [174665, 174880], [174990, 175370], [176680, 176885], [177545, 177675], [180720, 181240], [182250, 182790], [183090, 183250], [186080, 186340], [187335, 187470], [187590, 187805], [189675, 191105], [191200, 191250], [193375, 193540], [194190, 194620], [194780, 194850], [195070, 195435], [195630, 197885], [199075, 199230], [199335, 199540], [200020, 200260], [200810, 200825], [200980, 201030], [203250, 203440], [203955, 204390], [205710, 206670], [207030, 207655]], "representative_frames": [5, 103140, 103455, 103620, 103840, 105375, 105700, 105870, 105990, 106200, 106335, 107235, 107630, 107790, 107800, 107895, 108125, 108210, 108800, 108890, 109060, 110620, 110790, 117915, 118130, 118385, 119320, 135065, 135520, 135760, 135845, 135930, 135950, 136230, 136250, 136340, 136570, 137920, 138240, 138810, 139050, 144040, 144230, 144845, 145190, 153810, 154040, 160985, 161200, 161320, 161980, 162090, 162350, 164645, 165340, 166155, 166550, 166660, 167470, 167705, 167860, 168170, 168280, 168940, 169145, 169395, 169840, 169950, 170140, 171640, 172695, 174665, 174880, 174990, 175370, 176680, 176885, 177545, 177675, 180720, 181240, 182250, 182790, 183090, 183250, 186080, 186340, 187335, 187470, 187590, 187805, 189675, 191105, 191200, 191250, 193375, 193540, 194190, 194620, 194780, 194850, 195070, 195435, 195630, 197885, 199075, 199230, 199335, 199540, 200020, 200260, 200810, 200825, 200980, 201030, 203250, 203440, 203955, 204390, 205710, 206670, 207030, 207655], "representative_frames_count": 123, "static_frames": [5], "static_frames_count": 1}