{"camera_movement_sequences": [], "foi_count_frames": 21245, "foi_count_seconds": 354.0833333333333, "foi_pct": 0.10067718378739557, "foi_sequences": [[2010, 2105], [5885, 6560], [7000, 7015], [7085, 7145], [15415, 15605], [19435, 19470], [19985, 19995], [23610, 23825], [25075, 25185], [26685, 26910], [26980, 27605], [31635, 33125], [33270, 33645], [34780, 35830], [38740, 39175], [40015, 40085], [40195, 40205], [52240, 52410], [52595, 52995], [53345, 53525], [53815, 53995], [54360, 54555], [54835, 55025], [55360, 55575], [56215, 56380], [56615, 57415], [62645, 63100], [65635, 65815], [66355, 66545], [67170, 67355], [67675, 67845], [75660, 76240], [76350, 76810], [78105, 78560], [78680, 78690], [80185, 80445], [90180, 90185], [92240, 92245], [96610, 96615], [104480, 104745], [111490, 111710], [111935, 112170], [115050, 115630], [115925, 116290], [119840, 120020], [120920, 121115], [121310, 121810], [122085, 122185], [122780, 123140], [123870, 124085], [124220, 124435], [125455, 125745], [125840, 126090], [127350, 127555], [128780, 129090], [129515, 129520], [129705, 129910], [134280, 134670], [134745, 135090], [135585, 135765], [135980, 136870], [137410, 137695], [138430, 138765], [139100, 139150], [139330, 139340], [144870, 145340], [149300, 149490], [149965, 150200], [150440, 150870], [151785, 152130], [152780, 153010], [184910, 185065], [185180, 185270], [202375, 202915], [203050, 203130], [203230, 203280], [204400, 204465], [204660, 204705]], "representative_frames": [5, 2010, 2105, 5885, 6560, 7000, 7015, 7085, 7145, 15415, 15605, 19435, 19470, 19985, 19995, 23610, 23825, 25075, 25185, 26685, 26910, 26980, 27605, 31635, 32440, 32465, 32595, 32765, 33125, 33270, 33645, 34780, 35830, 38740, 39175, 40015, 40085, 40195, 40205, 52240, 52410, 52595, 52995, 53345, 53525, 53815, 53995, 54360, 54555, 54835, 55025, 55360, 55575, 56215, 56380, 56615, 57415, 62645, 63100, 65635, 65815, 66355, 66545, 67170, 67355, 67675, 67845, 75660, 76240, 76350, 76810, 78105, 78560, 78680, 78690, 80185, 80445, 90180, 90185, 92240, 92245, 96610, 96615, 104480, 104745, 111490, 111710, 111935, 112170, 115050, 115630, 115925, 116290, 119840, 120020, 120920, 121115, 121310, 121810, 122085, 122185, 122780, 123140, 123870, 124085, 124220, 124435, 125455, 125745, 125840, 126090, 127350, 127555, 128780, 129090, 129515, 129520, 129705, 129910, 134280, 134670, 134745, 135090, 135585, 135765, 135980, 136870, 137410, 137695, 138430, 138765, 139100, 139150, 139330, 139340, 144870, 145340, 149300, 149490, 149965, 150200, 150440, 150870, 151785, 152130, 152780, 153010, 184910, 185065, 185180, 185270, 202375, 202915, 203050, 203130, 203230, 203280, 204400, 204465, 204660, 204705], "representative_frames_count": 161, "static_frames": [5, 32440, 32465, 32595, 32765], "static_frames_count": 5}