{"camera_movement_sequences": [], "foi_count_frames": 21280, "foi_count_seconds": 354.6666666666667, "foi_pct": 0.10078573086231475, "foi_sequences": [[210, 305], [4085, 4760], [5285, 5345], [13615, 13805], [17635, 17645], [21810, 22025], [23275, 23385], [24880, 25110], [25180, 25805], [29835, 31325], [31470, 31845], [32980, 34030], [36945, 37375], [38215, 38285], [50440, 50610], [50795, 51195], [51545, 51725], [52015, 52195], [52560, 52755], [53035, 53225], [53560, 53775], [54415, 54580], [54815, 55615], [60845, 61300], [63835, 64015], [64555, 64745], [65370, 65555], [65875, 66045], [73860, 74440], [74550, 75010], [76305, 76890], [78385, 78645], [88380, 88385], [90440, 90445], [94810, 94815], [102680, 102920], [109690, 109910], [110135, 110370], [113250, 113830], [114125, 114490], [118040, 118220], [119120, 119315], [119510, 120010], [120285, 120385], [120980, 121340], [122070, 122300], [122420, 122635], [123655, 123945], [124040, 124290], [125550, 125755], [126980, 127290], [127715, 127720], [127910, 128110], [132480, 132870], [132945, 133290], [133785, 133970], [134180, 135070], [135610, 135895], [136630, 136965], [137300, 137350], [137530, 137550], [143070, 143540], [147500, 147690], [148165, 148400], [148640, 149070], [149985, 150330], [150980, 151210], [183110, 183265], [183380, 183470], [200575, 201115], [201250, 201330], [201440, 201490], [202605, 202640], [202855, 202905]], "representative_frames": [5, 210, 305, 4085, 4760, 5285, 5345, 13615, 13805, 17635, 17645, 21810, 22025, 23275, 23385, 24880, 25110, 25180, 25805, 29835, 30825, 31000, 31325, 31470, 31845, 32980, 34030, 36945, 37375, 38215, 38285, 50440, 50610, 50795, 51195, 51545, 51725, 52015, 52195, 52560, 52755, 53035, 53225, 53560, 53775, 54415, 54580, 54815, 55615, 60845, 61300, 63835, 64015, 64555, 64745, 65370, 65555, 65875, 66045, 73860, 74440, 74550, 75010, 76305, 76890, 78385, 78645, 88380, 88385, 90440, 90445, 94810, 94815, 102680, 102920, 109690, 109910, 110135, 110370, 113250, 113830, 114125, 114490, 118040, 118220, 119120, 119315, 119510, 120010, 120285, 120385, 120980, 121340, 122070, 122300, 122420, 122635, 123655, 123945, 124040, 124290, 125550, 125755, 126980, 127290, 127715, 127720, 127910, 128110, 132480, 132870, 132945, 133290, 133785, 133970, 134180, 135070, 135610, 135895, 136630, 136965, 137300, 137350, 137530, 137550, 143070, 143540, 147500, 147690, 148165, 148400, 148640, 149070, 149985, 150330, 150980, 151210, 169985, 183110, 183115, 183265, 183380, 183470, 200575, 201115, 201250, 201330, 201440, 201490, 202605, 202640, 202855, 202905], "representative_frames_count": 153, "static_frames": [5, 30825, 31000, 169985, 183115], "static_frames_count": 5}