{"camera_movement_sequences": [], "foi_count_frames": 24145, "foi_count_seconds": 402.4166666666667, "foi_pct": 0.1138050819896211, "foi_sequences": [[2530, 2590], [2985, 3860], [6190, 6260], [13375, 15330], [15825, 17170], [19565, 19570], [86925, 87275], [101370, 101460], [101550, 102380], [102465, 105980], [106195, 108030], [108105, 108240], [109195, 109750], [109820, 110145], [110300, 110430], [112785, 112795], [112860, 113000], [113470, 113600], [114070, 114260], [114430, 114550], [115255, 115880], [116250, 118460], [119650, 121610], [121680, 121715], [122630, 122915], [124210, 124305], [125100, 125180], [125530, 125710], [125950, 126170], [126300, 126730], [126925, 127125], [128890, 129310], [129680, 129800], [130270, 130570], [131340, 131470], [131590, 131650], [146640, 146660], [152090, 152410], [153190, 153430], [153780, 153855], [168730, 169040], [169320, 169640], [180180, 181030], [181305, 181460], [194650, 196490]], "representative_frames": [5, 2530, 2590, 2985, 3860, 6190, 6260, 13375, 15330, 15825, 17170, 19565, 19570, 86925, 87275, 101370, 101460, 101550, 102380, 102465, 103405, 103455, 104055, 104765, 105235, 105980, 106195, 107035, 108030, 108105, 108240, 109195, 109750, 109820, 110145, 110300, 110430, 112785, 112795, 112860, 113000, 113470, 113600, 114070, 114260, 114430, 114550, 115255, 115880, 116250, 118460, 119650, 121610, 121680, 121715, 122630, 122915, 124210, 124305, 125100, 125180, 125530, 125710, 125950, 126170, 126300, 126730, 126925, 127125, 128890, 129310, 129680, 129800, 130270, 130570, 131340, 131470, 131590, 131650, 146640, 146660, 152090, 152410, 153190, 153430, 153780, 153855, 168730, 169040, 169320, 169640, 180180, 181030, 181305, 181460, 194650, 196490], "representative_frames_count": 97, "static_frames": [5, 103405, 103455, 104055, 104765, 105235, 107035], "static_frames_count": 7}