{"camera_movement_sequences": [], "foi_count_frames": 21610, "foi_count_seconds": 720.33333, "foi_pct": 0.39973, "foi_sequences": [[280, 460], [1520, 1570], [1685, 1720], [3245, 3560], [3605, 3610], [3710, 4725], [10450, 10535], [10635, 10970], [11830, 14270], [14350, 14530], [14675, 17190], [17225, 18915], [19155, 19185], [19240, 19320], [19370, 19375], [19425, 19435], [19765, 19875], [20010, 20820], [20875, 21030], [21065, 21110], [21160, 21315], [21385, 21400], [21510, 21545], [21640, 21735], [22085, 22300], [24940, 25060], [28730, 29110], [29200, 30190], [31050, 31305], [31370, 31650], [31880, 31885], [32315, 32440], [32475, 32485], [32540, 32565], [32715, 33745], [33790, 33795], [34455, 34460], [35440, 35445], [35720, 35775], [35925, 35955], [36015, 36065], [36495, 36500], [36570, 36575], [37050, 37055], [37300, 37340], [40545, 41420], [41615, 42180], [42235, 42670], [42730, 43730], [44930, 45435], [45635, 45640], [45955, 46000], [46060, 46065], [46105, 48105], [49135, 49180], [49345, 49870], [50495, 50755], [51245, 51365], [52225, 52985], [53165, 53245], [53460, 53560], [53620, 53640], [53735, 53970]], "representative_frames": [5, 280, 460, 1520, 1570, 1685, 1720, 3245, 3560, 3605, 3610, 3710, 4725, 10450, 10535, 10635, 10970, 11830, 14270, 14350, 14530, 14675, 17190, 17225, 18915, 19155, 19185, 19240, 19320, 19370, 19375, 19425, 19435, 19765, 19875, 20010, 20820, 20875, 21030, 21065, 21110, 21160, 21315, 21385, 21400, 21510, 21545, 21640, 21735, 22085, 22300, 24940, 25060, 28730, 29110, 29200, 30190, 31050, 31305, 31370, 31650, 31880, 31885, 32315, 32440, 32475, 32485, 32540, 32565, 32715, 33745, 33790, 33795, 34455, 34460, 35440, 35445, 35720, 35775, 35925, 35955, 36015, 36065, 36495, 36500, 36570, 36575, 37050, 37055, 37300, 37340, 40545, 41420, 41615, 42180, 42235, 42670, 42730, 43730, 44930, 45435, 45635, 45640, 45955, 46000, 46060, 46065, 46105, 48105, 49135, 49180, 49345, 49870, 50495, 50755, 51245, 51365, 52225, 52985, 53165, 53245, 53460, 53560, 53620, 53640, 53735, 53970], "representative_frames_count": 127, "static_frames": [5], "static_frames_count": 1}