{"camera_movement_sequences": [], "foi_count_frames": 113860, "foi_count_seconds": 1897.6666666666667, "foi_pct": 0.5224829181217047, "foi_sequences": [[5, 110], [185, 255], [1385, 2710], [3030, 3135], [3220, 4000], [11490, 12305], [12400, 12450], [13590, 14730], [15100, 15700], [16290, 16310], [16475, 19145], [19240, 19455], [19770, 20250], [20840, 21065], [24245, 30255], [30350, 30460], [30630, 42725], [42975, 43075], [43315, 48485], [48605, 49830], [50595, 51165], [53225, 53475], [53870, 55680], [55770, 55910], [56175, 56260], [56370, 57255], [57385, 59310], [59510, 59645], [59970, 66315], [66400, 66450], [66545, 68355], [68475, 68510], [68790, 68850], [69005, 69135], [72375, 72380], [72675, 72735], [73010, 73050], [73180, 73830], [74610, 75075], [75315, 75330], [76005, 76125], [76375, 76420], [76515, 76600], [80695, 80790], [80870, 80955], [81055, 81175], [81350, 82900], [83335, 83355], [83835, 83970], [84125, 84280], [84425, 84435], [84655, 84665], [86610, 86670], [86815, 87810], [88025, 88575], [88670, 88715], [88925, 91410], [91495, 91725], [93965, 93975], [94770, 95370], [95550, 95645], [96510, 115770], [115935, 117220], [117485, 117820], [118035, 118360], [118505, 118540], [118830, 119635], [120030, 120210], [120290, 120465], [120640, 120820], [120990, 121180], [121360, 121370], [121695, 121720], [122345, 122995], [123090, 123160], [123450, 123760], [123905, 124455], [124635, 125910], [125980, 126090], [126435, 127695], [127865, 128910], [129000, 129165], [129230, 129285], [129365, 130375], [130470, 131035], [131115, 131730], [134085, 134095], [134235, 134535], [134645, 141350], [141535, 142450], [142805, 142895], [143670, 145180], [145755, 147330], [147460, 148530], [148635, 148650], [148840, 153130], [155610, 157410], [157565, 157745], [158085, 158355], [159045, 160135], [160410, 160660], [160845, 161595], [162520, 162675], [163120, 163970], [166110, 166300], [167575, 168065], [168975, 169135], [173680, 173775], [178495, 178670], [180470, 180555], [182270, 182475], [182705, 183495], [184375, 184550], [185030, 185375], [194225, 194430], [195250, 196205], [197115, 197430], [197525, 197815], [198090, 198725], [208460, 208625]], "representative_frames": [5, 110, 185, 255, 1385, 2710, 3030, 3135, 3220, 4000, 11490, 12305, 12400, 12450, 13590, 14730, 15100, 15700, 16290, 16310, 16475, 19145, 19240, 19455, 19770, 20250, 20840, 21065, 24245, 30255, 30350, 30460, 30630, 31360, 32235, 33020, 33045, 33110, 33185, 33215, 33245, 33340, 33385, 33415, 33530, 34015, 34170, 34580, 34865, 34965, 35060, 35285, 35470, 35640, 35740, 35865, 36270, 37615, 37995, 38685, 38915, 39250, 39595, 39830, 40400, 41575, 42140, 42200, 42680, 42725, 42975, 43075, 43315, 48485, 48605, 49830, 50595, 51165, 53225, 53475, 53870, 55680, 55770, 55910, 56175, 56260, 56370, 57255, 57385, 59310, 59510, 59645, 59970, 64215, 64270, 64465, 65165, 66315, 66400, 66450, 66545, 67855, 67885, 68030, 68075, 68355, 68475, 68510, 68790, 68850, 69005, 69135, 72375, 72380, 72675, 72735, 73010, 73050, 73180, 73830, 74610, 75075, 75315, 75330, 76005, 76125, 76375, 76420, 76515, 76600, 80695, 80790, 80870, 80955, 81055, 81175, 81350, 82900, 83335, 83355, 83835, 83970, 84125, 84280, 84425, 84435, 84655, 84665, 86610, 86670, 86815, 87810, 88025, 88575, 88670, 88715, 88925, 91410, 91495, 91725, 93965, 93975, 94770, 95370, 95550, 95645, 96510, 99125, 99355, 100880, 101140, 101200, 101225, 101245, 102915, 103290, 103335, 103415, 103740, 103870, 103960, 104010, 104115, 104465, 104815, 105380, 106970, 107150, 107615, 107665, 107825, 107905, 108365, 108445, 108580, 108750, 109220, 109380, 109430, 109590, 110140, 110335, 110380, 110440, 110490, 110575, 111160, 111235, 111290, 111390, 111485, 111595, 111705, 111820, 111945, 112005, 112050, 112085, 112150, 112330, 112410, 113705, 115770, 115935, 117220, 117485, 117820, 118035, 118360, 118505, 118540, 118830, 119635, 120030, 120210, 120290, 120465, 120640, 120820, 120990, 121180, 121360, 121370, 121695, 121720, 122345, 122995, 123090, 123160, 123450, 123760, 123905, 124455, 124635, 125910, 125980, 126090, 126435, 127695, 127865, 128910, 129000, 129165, 129230, 129285, 129365, 130375, 130470, 131035, 131115, 131730, 134085, 134095, 134235, 134535, 134645, 138545, 138705, 138745, 138895, 139240, 139390, 139690, 139755, 140240, 141350, 141535, 142450, 142805, 142895, 143670, 144565, 144645, 144720, 145180, 145755, 147330, 147460, 148530, 148635, 148650, 148840, 150655, 150810, 150925, 151300, 151465, 151900, 152020, 152080, 153130, 155610, 157410, 157565, 157745, 158085, 158355, 159045, 160135, 160410, 160660, 160845, 161595, 162520, 162675, 163120, 163970, 166110, 166300, 167575, 168065, 168975, 169135, 173680, 173775, 178495, 178670, 180470, 180555, 182270, 182475, 182705, 183495, 184375, 184550, 185030, 185375, 194225, 194430, 195250, 196205, 197115, 197430, 197525, 197815, 198090, 198725, 208460, 208625], "representative_frames_count": 359, "static_frames": [5, 31360, 32235, 33020, 33045, 33110, 33185, 33215, 33245, 33340, 33385, 33415, 33530, 34015, 34170, 34580, 34865, 34965, 35060, 35285, 35470, 35640, 35740, 35865, 36270, 37615, 37995, 38685, 38915, 39250, 39595, 39830, 40400, 41575, 42140, 42200, 42680, 64215, 64270, 64465, 65165, 67855, 67885, 68030, 68075, 99125, 99355, 100880, 101140, 101200, 101225, 101245, 102915, 103290, 103335, 103415, 103740, 103870, 103960, 104010, 104115, 104465, 104815, 105380, 106970, 107150, 107615, 107665, 107825, 107905, 108365, 108445, 108580, 108750, 109220, 109380, 109430, 109590, 110140, 110335, 110380, 110440, 110490, 110575, 111160, 111235, 111290, 111390, 111485, 111595, 111705, 111820, 111945, 112005, 112050, 112085, 112150, 112330, 112410, 113705, 138545, 138705, 138745, 138895, 139240, 139390, 139690, 139755, 140240, 144565, 144645, 144720, 150655, 150810, 150925, 151300, 151465, 151900, 152020, 152080], "static_frames_count": 120}