{"camera_movement_sequences": [], "foi_count_frames": 115955, "foi_count_seconds": 1932.5833333333333, "foi_pct": 0.5318036516068079, "foi_sequences": [[10, 2030], [2105, 2175], [3305, 4635], [4950, 5055], [5140, 5920], [13385, 14225], [14310, 14370], [15510, 16650], [17020, 17620], [18210, 18230], [18395, 20080], [20150, 21065], [21160, 21375], [21690, 22170], [22760, 22985], [26175, 32190], [32270, 32380], [32550, 44645], [44895, 44995], [45235, 50405], [50510, 51760], [52515, 53095], [55145, 55395], [55780, 57595], [57690, 57870], [58095, 58180], [58290, 59175], [59305, 61230], [61430, 61650], [61890, 68235], [68320, 68370], [68465, 70275], [70395, 70430], [70710, 70770], [70925, 71055], [74595, 74655], [74930, 74970], [75100, 75750], [76530, 76995], [77235, 77250], [77925, 78045], [78295, 78340], [78435, 78520], [82615, 82710], [82790, 82875], [82975, 83095], [83270, 84820], [85255, 85275], [85755, 85840], [86045, 86200], [86335, 86380], [86550, 86585], [88530, 88590], [88735, 89730], [89945, 90495], [90590, 90635], [90845, 93330], [93415, 93645], [95885, 95895], [96690, 97290], [97470, 97565], [98430, 117690], [117855, 119080], [119405, 119740], [119955, 120280], [120425, 120470], [120750, 121555], [121950, 122130], [122210, 122385], [122550, 122750], [122910, 123005], [123075, 123100], [123280, 123290], [123615, 123640], [124265, 124915], [125010, 125080], [125370, 125670], [125800, 126365], [126555, 127830], [127900, 128010], [128355, 129655], [129785, 130830], [130900, 131085], [131150, 131205], [131285, 132270], [132390, 132955], [133035, 133650], [136005, 136015], [136085, 136455], [136565, 143270], [143455, 144370], [144725, 144815], [145590, 147125], [147675, 149250], [149380, 150450], [150555, 150570], [150760, 155050], [157530, 159075], [159140, 159330], [159485, 159675], [160015, 160275], [160965, 162055], [162315, 162580], [162765, 163515], [164440, 164595], [165040, 165890], [168030, 168220], [169495, 169985], [170895, 171055], [175600, 175695], [180415, 180590], [182390, 182475], [184190, 184395], [184625, 185415], [186245, 186470], [186950, 187295], [196145, 196350], [197170, 198125], [199035, 199350], [199445, 199735], [200010, 200645], [210380, 210545]], "representative_frames": [5, 10, 2030, 2105, 2175, 3305, 4635, 4950, 5055, 5140, 5920, 13385, 14225, 14310, 14370, 15510, 16650, 17020, 17620, 18210, 18230, 18395, 20080, 20150, 21065, 21160, 21375, 21690, 22170, 22760, 22985, 26175, 27315, 27405, 29235, 29550, 30415, 30785, 31420, 32190, 32270, 32380, 32550, 33250, 34310, 34915, 34955, 34970, 35115, 35290, 35310, 35385, 35590, 35790, 36040, 36115, 36485, 36545, 36890, 36980, 37205, 37395, 37555, 37660, 37700, 38840, 39475, 39960, 40555, 41160, 41635, 41775, 42355, 42525, 43110, 43220, 43650, 43740, 43980, 44080, 44140, 44645, 44895, 44995, 45235, 45810, 47650, 49435, 50405, 50510, 51760, 52515, 53095, 55145, 55395, 55780, 56940, 57595, 57690, 57870, 58095, 58180, 58290, 59175, 59305, 61230, 61430, 61650, 61890, 66355, 68235, 68320, 68370, 68465, 69135, 69600, 69685, 69790, 69830, 69930, 70025, 70275, 70395, 70430, 70710, 70770, 70925, 71055, 74595, 74655, 74930, 74970, 75100, 75750, 76530, 76995, 77235, 77250, 77925, 78045, 78295, 78340, 78435, 78520, 82615, 82710, 82790, 82875, 82975, 83095, 83270, 83810, 83890, 84820, 85255, 85275, 85755, 85840, 86045, 86200, 86335, 86380, 86550, 86585, 88530, 88590, 88735, 89730, 89945, 90495, 90590, 90635, 90845, 93330, 93415, 93645, 95885, 95895, 96690, 97290, 97470, 97565, 98430, 101220, 101270, 101605, 102460, 102870, 103080, 103125, 103280, 103320, 103345, 104835, 105210, 105630, 105805, 105880, 105930, 106035, 106385, 106780, 107030, 107300, 108885, 109060, 109540, 109585, 109745, 109835, 110285, 110400, 110525, 110600, 110715, 111050, 111170, 111345, 111480, 112075, 112255, 112305, 112360, 112455, 113080, 113160, 113455, 113525, 113640, 113870, 113925, 113970, 114005, 114060, 114190, 114240, 114315, 114425, 115615, 116155, 116225, 116375, 117690, 117855, 118925, 119080, 119405, 119740, 119955, 120280, 120425, 120470, 120750, 121555, 121950, 122130, 122210, 122385, 122550, 122750, 122910, 123005, 123075, 123100, 123280, 123290, 123615, 123640, 124265, 124915, 125010, 125080, 125370, 125670, 125800, 126365, 126555, 127830, 127900, 128010, 128355, 129655, 129785, 130830, 130900, 131085, 131150, 131205, 131285, 132270, 132390, 132955, 133035, 133650, 136005, 136015, 136085, 136455, 136565, 140620, 140665, 140815, 140880, 141025, 141250, 141510, 141665, 141960, 143270, 143455, 143820, 144370, 144725, 144815, 145590, 147125, 147675, 149250, 149380, 150450, 150555, 150570, 150760, 152485, 153240, 153445, 153990, 154065, 154300, 155050, 157530, 159075, 159140, 159330, 159485, 159675, 160015, 160275, 160965, 162055, 162315, 162580, 162765, 163515, 164440, 164595, 165040, 165890, 168030, 168220, 169495, 169985, 170895, 171055, 175600, 175695, 180415, 180590, 182390, 182475, 184190, 184395, 184625, 185415, 186245, 186470, 186950, 187295, 196145, 196350, 197170, 198125, 199035, 199350, 199445, 199735, 200010, 200645, 210380, 210545], "representative_frames_count": 380, "static_frames": [5, 27315, 27405, 29235, 29550, 30415, 30785, 31420, 33250, 34310, 34915, 34955, 34970, 35115, 35290, 35310, 35385, 35590, 35790, 36040, 36115, 36485, 36545, 36890, 36980, 37205, 37395, 37555, 37660, 37700, 38840, 39475, 39960, 40555, 41160, 41635, 41775, 42355, 42525, 43110, 43220, 43650, 43740, 43980, 44080, 44140, 45810, 47650, 49435, 56940, 66355, 69135, 69600, 69685, 69790, 69830, 69930, 70025, 83810, 83890, 101220, 101270, 101605, 102460, 102870, 103080, 103125, 103280, 103320, 103345, 104835, 105210, 105630, 105805, 105880, 105930, 106035, 106385, 106780, 107030, 107300, 108885, 109060, 109540, 109585, 109745, 109835, 110285, 110400, 110525, 110600, 110715, 111050, 111170, 111345, 111480, 112075, 112255, 112305, 112360, 112455, 113080, 113160, 113455, 113525, 113640, 113870, 113925, 113970, 114005, 114060, 114190, 114240, 114315, 114425, 115615, 116155, 116225, 116375, 118925, 140620, 140665, 140815, 140880, 141025, 141250, 141510, 141665, 141960, 143820, 152485, 153240, 153445, 153990, 154065, 154300], "static_frames_count": 136}