{"camera_movement_sequences": [], "foi_count_frames": 25, "foi_count_seconds": 0.4166666666666667, "foi_pct": 0.00011638679521976155, "foi_sequences": [[9800, 9825]], "representative_frames": [5, 2075, 2250, 2390, 2500, 9795, 9800, 9805, 9825], "representative_frames_count": 9, "static_frames": [5, 2075, 2250, 2390, 2500, 9795, 9805], "static_frames_count": 7}