{"camera_movement_sequences": [], "foi_count_frames": 12515, "foi_count_seconds": 417.16667, "foi_pct": 0.16257, "foi_sequences": [[9710, 9825], [17535, 17685], [18885, 19630], [19775, 19820], [20685, 20755], [20835, 21165], [22020, 22095], [22130, 22295], [22340, 22460], [26745, 26775], [26855, 26885], [32865, 33335], [39440, 40730], [40775, 40780], [40840, 40910], [41015, 41135], [41575, 41630], [41795, 41900], [43105, 43205], [43280, 43415], [43455, 43475], [43580, 44015], [44875, 45095], [46215, 46555], [46695, 46725], [46760, 46765], [54940, 55160], [55265, 55270], [56940, 57115], [58500, 58655], [60840, 62355], [64080, 65450], [65500, 65555], [65980, 66075], [68000, 68025], [68250, 68260], [68345, 68435], [68650, 68930], [68975, 69055], [69320, 69325], [69400, 71830], [71915, 71950], [72070, 72555], [74915, 75105], [75145, 75165]], "representative_frames": [5, 9710, 9825, 17535, 17685, 18885, 19630, 19775, 19820, 20685, 20755, 20835, 21165, 22020, 22095, 22130, 22295, 22340, 22460, 26745, 26775, 26855, 26885, 32865, 33335, 39440, 39950, 39975, 39985, 40005, 40020, 40050, 40730, 40775, 40780, 40840, 40910, 41015, 41135, 41575, 41630, 41795, 41900, 43105, 43205, 43280, 43415, 43455, 43475, 43580, 44015, 44875, 45095, 46215, 46555, 46695, 46725, 46760, 46765, 54940, 55160, 55265, 55270, 56940, 57115, 58500, 58655, 60840, 61545, 61645, 62355, 64080, 64970, 65450, 65500, 65555, 65980, 66075, 68000, 68025, 68250, 68260, 68345, 68435, 68650, 68930, 68975, 69055, 69320, 69325, 69400, 70080, 70110, 70120, 70275, 70310, 70430, 70870, 70955, 71830, 71915, 71950, 72070, 72555, 74915, 75105, 75145, 75165], "representative_frames_count": 108, "static_frames": [5, 39950, 39975, 39985, 40005, 40020, 40050, 61545, 61645, 64970, 70080, 70110, 70120, 70275, 70310, 70430, 70870, 70955], "static_frames_count": 18}