{"camera_movement_sequences": [], "foi_count_frames": 59510, "foi_count_seconds": 991.8333333333334, "foi_pct": 0.5504018645776492, "foi_sequences": [[470, 540], [635, 855], [1130, 1155], [1655, 1680], [2280, 2295], [2460, 2735], [3000, 3965], [4560, 4575], [4680, 5280], [5415, 8340], [8450, 8495], [8690, 9205], [9275, 9300], [9540, 9660], [9735, 10395], [10515, 15135], [15480, 15985], [16440, 17175], [17280, 19635], [19730, 20975], [21050, 21255], [21360, 21650], [22115, 22165], [22250, 22335], [22405, 23435], [23675, 24435], [24540, 25825], [25920, 27960], [28080, 28130], [28335, 28620], [28695, 28895], [29055, 31310], [31475, 31635], [31730, 32220], [32390, 33000], [33120, 33195], [33360, 33395], [33470, 33985], [34225, 35415], [35520, 35555], [35905, 42815], [42890, 43895], [43970, 44160], [44340, 44595], [44715, 47245], [47535, 48075], [48195, 48270], [48350, 50970], [51075, 51120], [51240, 51255], [51375, 52695], [52790, 52825], [52980, 53080], [53150, 57135], [57710, 57770], [58120, 58130], [58250, 58290], [58600, 58610], [58780, 58790], [59210, 60590], [60675, 60690], [60770, 60840], [60950, 61310], [61420, 61430], [62295, 62370], [62460, 62750], [63230, 63450], [63530, 63540], [63735, 63745], [65150, 65620], [65690, 65835], [66735, 66770], [67010, 67020], [67250, 67730], [67825, 67980], [68270, 69120], [69205, 69985], [70080, 70180], [70285, 70455], [70550, 70770], [70875, 70910], [71295, 71895], [71965, 71970], [72060, 72890], [72975, 73010], [73215, 73815], [73885, 73920], [74090, 74150], [74630, 74655], [74730, 74820], [75160, 75445], [75520, 76070], [76140, 76165], [76335, 76370], [76995, 77030], [78000, 78770], [79070, 79225], [79300, 79350], [79455, 79500], [79610, 79945], [80160, 80485], [80880, 82215], [82335, 82370]], "representative_frames": [5, 470, 540, 635, 855, 1130, 1155, 1655, 1680, 2280, 2295, 2460, 2735, 3000, 3965, 4560, 4575, 4680, 5280, 5415, 8340, 8450, 8495, 8690, 9205, 9275, 9300, 9540, 9660, 9735, 10395, 10515, 15135, 15480, 15985, 16440, 17175, 17280, 19635, 19730, 20975, 21050, 21255, 21360, 21650, 22115, 22165, 22250, 22335, 22405, 23435, 23675, 24435, 24540, 25825, 25920, 27960, 28080, 28130, 28335, 28620, 28695, 28895, 29055, 31310, 31475, 31635, 31730, 32220, 32390, 33000, 33120, 33195, 33360, 33395, 33470, 33985, 34225, 35415, 35520, 35555, 35905, 38940, 39060, 39240, 39755, 40165, 42815, 42890, 43895, 43970, 44160, 44340, 44595, 44715, 46075, 47245, 47535, 48075, 48195, 48270, 48350, 50970, 51075, 51120, 51240, 51255, 51375, 52695, 52790, 52825, 52980, 53080, 53150, 57135, 57710, 57770, 58120, 58130, 58250, 58290, 58600, 58610, 58780, 58790, 59210, 60590, 60675, 60690, 60770, 60840, 60950, 61310, 61420, 61430, 62295, 62370, 62460, 62750, 63230, 63450, 63530, 63540, 63735, 63745, 65150, 65620, 65690, 65835, 66735, 66770, 67010, 67020, 67250, 67730, 67825, 67980, 68270, 69120, 69205, 69985, 70080, 70180, 70285, 70455, 70550, 70770, 70875, 70910, 71295, 71895, 71965, 71970, 72060, 72890, 72975, 73010, 73215, 73815, 73885, 73920, 74090, 74150, 74630, 74655, 74730, 74820, 75160, 75445, 75520, 76070, 76140, 76165, 76335, 76370, 76995, 77030, 78000, 78770, 79070, 79225, 79300, 79350, 79455, 79500, 79610, 79945, 80160, 80485, 80880, 82215, 82335, 82370], "representative_frames_count": 213, "static_frames": [5, 38940, 39060, 39240, 39755, 40165, 46075], "static_frames_count": 7}