{"camera_movement_sequences": [], "foi_count_frames": 60410, "foi_count_seconds": 2013.66667, "foi_pct": 0.55441, "foi_sequences": [[5, 130], [685, 1360], [1510, 2045], [5735, 6225], [6800, 7365], [7515, 7865], [8145, 8165], [8240, 9730], [9885, 10130], [10415, 10535], [12120, 15140], [15175, 21380], [21485, 21550], [21655, 24975], [25295, 25605], [26610, 26745], [26915, 27990], [28050, 28655], [28690, 29665], [29755, 29885], [29985, 33240], [33275, 34185], [34235, 34305], [34395, 34440], [34500, 34605], [34800, 34805], [34860, 34865], [36190, 36195], [36335, 36395], [36505, 36555], [36595, 36915], [37305, 37540], [37595, 37615], [37655, 37685], [38005, 38065], [38185, 38215], [38255, 38310], [40325, 41460], [41670, 41685], [41915, 42005], [42060, 42165], [42205, 42250], [42285, 42340], [42630, 42645], [43300, 43340], [43385, 43905], [43945, 44395], [44435, 45705], [45745, 45875], [46980, 47015], [47385, 47690], [47780, 47835], [48255, 57905], [57955, 58660], [58735, 58915], [58950, 59190], [59255, 59280], [59415, 59825], [60000, 60425], [60490, 60605], [60680, 60695], [60845, 60870], [61170, 61585], [61725, 62230], [62320, 63055], [63220, 65520], [65555, 65885], [66545, 66570], [67015, 67270], [67320, 70685], [70770, 71230], [71405, 71450], [71835, 72605], [72870, 73685], [73735, 74285], [74320, 74325], [74405, 76570], [77805, 78705], [78780, 78880], [78955, 79185], [79525, 80075], [80165, 80335], [80425, 80805], [81260, 81345], [81545, 81995], [83055, 83155], [83785, 84035], [84485, 84570], [86845, 86895], [87330, 87385], [89250, 89340], [90145, 90165], [90235, 90310], [90420, 90450], [90775, 90790], [91135, 91240], [91355, 91765], [92095, 92110], [92155, 92285], [92505, 92690], [97110, 97220], [97625, 98110], [98550, 98915], [99035, 99405], [104230, 104320]], "representative_frames": [5, 130, 685, 1360, 1510, 2045, 5735, 6225, 6800, 7365, 7515, 7865, 8145, 8165, 8240, 9730, 9885, 10130, 10415, 10535, 12120, 15140, 15175, 15805, 16110, 16465, 16495, 16520, 16530, 16590, 16685, 16695, 16720, 16775, 17005, 17070, 17345, 17490, 17620, 17655, 17700, 17775, 17885, 18345, 18810, 19000, 19345, 19470, 19590, 19625, 19855, 19935, 20220, 20410, 20820, 20890, 20980, 21120, 21380, 21485, 21550, 21655, 21800, 23210, 23275, 24975, 25295, 25605, 26610, 26745, 26915, 27990, 28050, 28655, 28690, 29665, 29755, 29885, 29985, 31120, 31255, 32515, 32585, 33240, 33275, 33935, 33955, 34010, 34040, 34185, 34235, 34305, 34395, 34440, 34500, 34605, 34800, 34805, 34860, 34865, 36190, 36195, 36335, 36395, 36505, 36555, 36595, 36915, 37305, 37540, 37595, 37615, 37655, 37685, 38005, 38065, 38185, 38215, 38255, 38310, 40325, 41460, 41670, 41685, 41915, 42005, 42060, 42165, 42205, 42250, 42285, 42340, 42630, 42645, 43300, 43340, 43385, 43905, 43945, 44395, 44435, 45705, 45745, 45875, 46980, 47015, 47385, 47690, 47780, 47835, 48255, 49640, 49690, 49860, 50360, 50545, 50605, 50725, 51120, 51345, 51465, 51490, 51670, 51720, 51955, 51985, 52010, 52060, 52235, 52410, 52695, 52755, 52840, 53200, 53415, 53505, 53575, 53810, 53840, 53900, 53935, 54170, 54220, 54295, 54345, 54400, 54590, 54635, 54725, 54770, 55120, 55175, 55195, 55225, 55270, 55585, 55625, 55770, 55805, 55865, 55915, 56010, 56070, 56165, 56200, 56325, 56690, 57125, 57165, 57190, 57905, 57955, 58660, 58735, 58915, 58950, 59190, 59255, 59280, 59415, 59825, 60000, 60425, 60490, 60605, 60680, 60695, 60845, 60870, 61170, 61585, 61725, 62230, 62320, 63055, 63220, 65520, 65555, 65885, 66545, 66570, 67015, 67270, 67320, 69220, 69375, 69445, 69495, 69570, 69700, 69785, 69860, 69895, 70055, 70685, 70770, 71230, 71405, 71450, 71835, 72290, 72325, 72360, 72605, 72870, 73685, 73735, 74285, 74320, 74325, 74405, 75070, 75655, 75735, 75965, 76020, 76045, 76570, 77805, 78705, 78780, 78880, 78955, 79185, 79525, 80075, 80165, 80335, 80425, 80805, 81260, 81345, 81545, 81995, 83055, 83155, 83785, 84035, 84485, 84570, 86845, 86895, 87330, 87385, 89250, 89340, 90145, 90165, 90235, 90310, 90420, 90450, 90775, 90790, 91135, 91240, 91355, 91765, 92095, 92110, 92155, 92285, 92505, 92690, 97110, 97220, 97625, 98110, 98550, 98915, 99035, 99405, 104230, 104320], "representative_frames_count": 334, "static_frames": [5, 15805, 16110, 16465, 16495, 16520, 16530, 16590, 16685, 16695, 16720, 16775, 17005, 17070, 17345, 17490, 17620, 17655, 17700, 17775, 17885, 18345, 18810, 19000, 19345, 19470, 19590, 19625, 19855, 19935, 20220, 20410, 20820, 20890, 20980, 21120, 21800, 23210, 23275, 31120, 31255, 32515, 32585, 33935, 33955, 34010, 34040, 49640, 49690, 49860, 50360, 50545, 50605, 50725, 51120, 51345, 51465, 51490, 51670, 51720, 51955, 51985, 52010, 52060, 52235, 52410, 52695, 52755, 52840, 53200, 53415, 53505, 53575, 53810, 53840, 53900, 53935, 54170, 54220, 54295, 54345, 54400, 54590, 54635, 54725, 54770, 55120, 55175, 55195, 55225, 55270, 55585, 55625, 55770, 55805, 55865, 55915, 56010, 56070, 56165, 56200, 56325, 56690, 57125, 57165, 57190, 69220, 69375, 69445, 69495, 69570, 69700, 69785, 69860, 69895, 70055, 72290, 72325, 72360, 75070, 75655, 75735, 75965, 76020, 76045], "static_frames_count": 125}