{"camera_movement_sequences": [], "foi_count_frames": 12085, "foi_count_seconds": 402.83333, "foi_pct": 0.11454, "foi_sequences": [[1005, 1055], [2910, 3280], [3485, 3575], [7710, 7815], [9715, 9745], [9995, 10005], [10200, 10210], [11610, 11625], [11800, 11915], [12540, 12605], [13330, 13805], [15735, 15775], [15810, 16890], [17390, 17920], [19135, 19145], [19200, 19215], [19345, 19715], [19990, 20115], [26110, 26205], [26300, 26500], [26675, 26765], [26910, 27000], [27180, 27300], [27405, 27515], [27685, 27795], [28110, 28195], [28310, 28715], [31320, 31550], [32820, 32910], [33180, 33280], [33575, 33680], [33840, 33945], [37835, 38125], [38175, 38415], [39050, 39350], [40095, 40230], [45490, 45495], [52230, 52405], [55730, 55860], [55970, 56105], [57525, 57815], [57965, 58145], [59925, 60015], [60450, 60565], [60660, 60910], [61045, 61095], [61395, 61580], [61940, 62070], [62115, 62235], [62720, 62885], [62925, 63080], [63665, 63780], [64395, 64550], [64595, 64615], [64760, 64765], [64855, 64960], [67145, 67550], [67795, 67890], [67995, 68450], [68705, 68850], [69215, 69390], [69545, 69585], [69655, 69695], [72440, 72680], [74650, 74750], [74985, 75110], [75200, 75440], [75890, 76085], [76395, 76505], [92455, 92535], [92595, 92640], [101105, 101475], [101525, 101645], [102200, 102290], [102330, 102365]], "representative_frames": [5, 1005, 1055, 2910, 3280, 3485, 3575, 7710, 7815, 9715, 9745, 9995, 10005, 10200, 10210, 11610, 11625, 11800, 11915, 12540, 12605, 13330, 13805, 15735, 15775, 15810, 16315, 16460, 16890, 17390, 17920, 19135, 19145, 19200, 19215, 19345, 19715, 19990, 20115, 26110, 26205, 26300, 26500, 26675, 26765, 26910, 27000, 27180, 27300, 27405, 27515, 27685, 27795, 28110, 28195, 28310, 28715, 31320, 31550, 32820, 32910, 33180, 33280, 33575, 33680, 33840, 33945, 37835, 38125, 38175, 38415, 39050, 39350, 40095, 40230, 45490, 45495, 52230, 52405, 55730, 55860, 55970, 56105, 57525, 57815, 57965, 58145, 59925, 60015, 60450, 60565, 60660, 60910, 61045, 61095, 61395, 61580, 61940, 62070, 62115, 62235, 62720, 62885, 62925, 63080, 63665, 63780, 64395, 64550, 64595, 64615, 64760, 64765, 64855, 64960, 67145, 67550, 67795, 67890, 67995, 68450, 68705, 68850, 69215, 69390, 69545, 69585, 69655, 69695, 72440, 72680, 74650, 74750, 74985, 75110, 75200, 75440, 75890, 76085, 76395, 76505, 92455, 92535, 92595, 92640, 101105, 101475, 101525, 101645, 102200, 102290, 102330, 102365], "representative_frames_count": 153, "static_frames": [5, 16315, 16460], "static_frames_count": 3}