{"camera_movement_sequences": [], "foi_count_frames": 695, "foi_count_seconds": 23.16667, "foi_pct": 0.00675, "foi_sequences": [[56350, 56515], [56555, 56575], [56730, 56825], [56905, 56955], [57030, 57065], [57390, 57550], [57685, 57855]], "representative_frames": [5, 56350, 56515, 56555, 56575, 56730, 56825, 56905, 56955, 57030, 57065, 57390, 57550, 57685, 57855], "representative_frames_count": 15, "static_frames": [5], "static_frames_count": 1}