{"camera_movement_sequences": [], "foi_count_frames": 40615, "foi_count_seconds": 1353.83333, "foi_pct": 0.75127, "foi_sequences": [[395, 400], [545, 550], [635, 1130], [1365, 3530], [3570, 3605], [4485, 4490], [4535, 4730], [4810, 4900], [5075, 6905], [7025, 7030], [7065, 7090], [7850, 7865], [7955, 8000], [8250, 9915], [10845, 10880], [11230, 11735], [11825, 11860], [12075, 12100], [12145, 12185], [12235, 12800], [12900, 12905], [13055, 13175], [13485, 13530], [13580, 13685], [13775, 13800], [13905, 13955], [14675, 14740], [14855, 14915], [14960, 15760], [15830, 16820], [16865, 17045], [17610, 17615], [18035, 19620], [19660, 19865], [19935, 20050], [20130, 20925], [21060, 21170], [21205, 21260], [21485, 23000], [23135, 27710], [27780, 27910], [28090, 28145], [28235, 28240], [28310, 28610], [28680, 28685], [28770, 29690], [29735, 30215], [30485, 31615], [31655, 31710], [31800, 31870], [31955, 34125], [34205, 34235], [34400, 34425], [34475, 34780], [35020, 35030], [35140, 35150], [35240, 35335], [35450, 35465], [35505, 35545], [35685, 35710], [35930, 36095], [36165, 38200], [38240, 38590], [38710, 39160], [39220, 39325], [39385, 39465], [39500, 39610], [39645, 39695], [39905, 39910], [40070, 40105], [40240, 40250], [40290, 40440], [40500, 40510], [40625, 40650], [40985, 41020], [41065, 41095], [41135, 42020], [42120, 42245], [42290, 42300], [42350, 42370], [42405, 42590], [42635, 42665], [42765, 43720], [43835, 43880], [43950, 44410], [44460, 44465], [44735, 44840], [44930, 45570], [45620, 54060]], "representative_frames": [5, 395, 400, 545, 550, 635, 1130, 1365, 3530, 3570, 3605, 4485, 4490, 4535, 4730, 4810, 4900, 5075, 6905, 7025, 7030, 7065, 7090, 7850, 7865, 7955, 8000, 8250, 9915, 10845, 10880, 11230, 11735, 11825, 11860, 12075, 12100, 12145, 12185, 12235, 12800, 12900, 12905, 13055, 13175, 13485, 13530, 13580, 13685, 13775, 13800, 13905, 13955, 14675, 14740, 14855, 14915, 14960, 15760, 15830, 16820, 16865, 17045, 17610, 17615, 18035, 19150, 19165, 19620, 19660, 19865, 19935, 20050, 20130, 20925, 21060, 21170, 21205, 21260, 21485, 22170, 22305, 22420, 23000, 23135, 25965, 26555, 27710, 27780, 27910, 28090, 28145, 28235, 28240, 28310, 28610, 28680, 28685, 28770, 29690, 29735, 30215, 30485, 31615, 31655, 31710, 31800, 31870, 31955, 34125, 34205, 34235, 34400, 34425, 34475, 34780, 35020, 35030, 35140, 35150, 35240, 35335, 35450, 35465, 35505, 35545, 35685, 35710, 35930, 36095, 36165, 36910, 37095, 38200, 38240, 38590, 38710, 39160, 39220, 39325, 39385, 39465, 39500, 39610, 39645, 39695, 39905, 39910, 40070, 40105, 40240, 40250, 40290, 40440, 40500, 40510, 40625, 40650, 40985, 41020, 41065, 41095, 41135, 42020, 42120, 42245, 42290, 42300, 42350, 42370, 42405, 42590, 42635, 42665, 42765, 43720, 43835, 43880, 43950, 44410, 44460, 44465, 44735, 44840, 44930, 45570, 45620, 46175, 46275, 46310, 46365, 46495, 46520, 46535, 46595, 46875, 46925, 46955, 47120, 47170, 47235, 47265, 47280, 47305, 47415, 47475, 47585, 47660, 47690, 47735, 47890, 47945, 47990, 48285, 48410, 48460, 48560, 48630, 50310, 52680, 52910, 54060], "representative_frames_count": 222, "static_frames": [5, 19150, 19165, 22170, 22305, 22420, 25965, 26555, 36910, 37095, 46175, 46275, 46310, 46365, 46495, 46520, 46535, 46595, 46875, 46925, 46955, 47120, 47170, 47235, 47265, 47280, 47305, 47415, 47475, 47585, 47660, 47690, 47735, 47890, 47945, 47990, 48285, 48410, 48460, 48560, 48630, 50310, 52680, 52910], "static_frames_count": 44}