{"camera_movement_sequences": [], "foi_count_frames": 12110, "foi_count_seconds": 403.66667, "foi_pct": 0.11663, "foi_sequences": [[51570, 51730], [51810, 51930], [52645, 52870], [52935, 53000], [53040, 53070], [53105, 53175], [53615, 53825], [53895, 54405], [54445, 54530], [55315, 55405], [58955, 59085], [59195, 59670], [67530, 67765], [67885, 67985], [68105, 68290], [68965, 69125], [69410, 69530], [70695, 70710], [72025, 72125], [72420, 72600], [76905, 77020], [80490, 80605], [80655, 81005], [81045, 81180], [82325, 82675], [83080, 83295], [83335, 83740], [83855, 83965], [84085, 84155], [84455, 84575], [84700, 85095], [85805, 86355], [86395, 86435], [87335, 87695], [88345, 88445], [88775, 88845], [90360, 90630], [91115, 91415], [91545, 91625], [93045, 93175], [93670, 93735], [93775, 93905], [94835, 95670], [96690, 96785], [97085, 97345], [97380, 97500], [97535, 97750], [97820, 98955], [99540, 99780], [100010, 100135], [100395, 100445], [100490, 100535], [101625, 101725], [101775, 101790], [101965, 102215], [102845, 103355], [103410, 103415], [103460, 103830]], "representative_frames": [5, 51570, 51730, 51810, 51930, 52645, 52870, 52935, 53000, 53040, 53070, 53105, 53175, 53615, 53825, 53895, 54405, 54445, 54530, 55315, 55405, 58955, 59085, 59195, 59670, 67530, 67765, 67885, 67985, 68105, 68290, 68965, 69125, 69410, 69530, 70695, 70710, 72025, 72125, 72420, 72600, 76905, 77020, 80490, 80605, 80655, 81005, 81045, 81180, 82325, 82675, 83080, 83295, 83335, 83740, 83855, 83965, 84085, 84155, 84455, 84575, 84700, 85095, 85805, 86355, 86395, 86435, 87335, 87695, 88345, 88445, 88775, 88845, 90360, 90630, 91115, 91415, 91545, 91625, 93045, 93175, 93670, 93735, 93775, 93905, 94835, 95670, 96690, 96785, 97085, 97345, 97380, 97500, 97535, 97750, 97820, 98955, 99540, 99780, 100010, 100135, 100395, 100445, 100490, 100535, 101625, 101725, 101775, 101790, 101965, 102215, 102845, 103355, 103410, 103415, 103460, 103830], "representative_frames_count": 117, "static_frames": [5], "static_frames_count": 1}