{"camera_movement_sequences": [], "foi_count_frames": 43450, "foi_count_seconds": 1448.33333, "foi_pct": 0.80371, "foi_sequences": [[110, 2135], [2185, 2440], [2555, 2560], [2635, 3005], [3160, 3180], [3280, 3400], [3435, 4350], [4715, 5725], [6060, 9965], [10220, 10275], [10515, 10545], [10905, 10930], [10985, 11055], [11605, 19360], [19395, 19910], [19990, 23000], [23430, 24400], [24435, 24440], [24540, 25585], [26135, 26425], [26480, 29000], [29125, 29180], [29395, 29505], [29545, 29745], [29785, 30040], [30085, 30970], [31010, 31015], [31055, 31520], [31600, 31915], [31975, 32270], [32320, 33695], [33735, 33755], [33830, 33905], [33965, 34150], [34215, 34480], [34545, 34750], [35125, 35320], [35935, 36185], [36245, 36515], [36615, 36850], [37025, 37040], [37085, 37170], [37270, 39860], [39905, 40660], [40775, 40825], [40860, 40905], [41060, 41065], [41285, 41290], [41690, 41720], [42020, 42025], [42080, 42380], [42510, 42740], [42805, 45690], [45730, 45755], [45795, 46665], [46830, 46960], [47015, 48175], [48495, 48970], [49120, 49325], [49365, 49395], [49490, 49495], [49610, 49795], [49850, 49885], [50065, 50090], [50125, 50520], [50560, 51310], [51350, 52035], [52145, 52285], [52355, 53115]], "representative_frames": [5, 110, 2135, 2185, 2440, 2555, 2560, 2635, 3005, 3160, 3180, 3280, 3400, 3435, 4350, 4715, 5725, 6060, 9965, 10220, 10275, 10515, 10545, 10905, 10930, 10985, 11055, 11605, 14155, 14245, 14590, 18320, 18820, 19360, 19395, 19910, 19990, 23000, 23430, 24400, 24435, 24440, 24540, 25585, 26135, 26425, 26480, 27795, 29000, 29125, 29180, 29395, 29505, 29545, 29745, 29785, 30040, 30085, 30970, 31010, 31015, 31055, 31520, 31600, 31915, 31975, 32270, 32320, 33105, 33180, 33695, 33735, 33755, 33830, 33905, 33965, 34150, 34215, 34480, 34545, 34750, 35125, 35320, 35935, 35960, 36165, 36185, 36245, 36515, 36615, 36850, 37025, 37040, 37085, 37170, 37270, 37750, 38225, 39860, 39905, 40495, 40545, 40660, 40775, 40825, 40860, 40905, 41060, 41065, 41285, 41290, 41690, 41720, 42020, 42025, 42080, 42380, 42510, 42740, 42805, 42910, 42970, 43280, 43330, 43730, 44415, 45690, 45730, 45755, 45795, 46665, 46830, 46960, 47015, 48175, 48495, 48970, 49120, 49325, 49365, 49395, 49490, 49495, 49610, 49795, 49850, 49885, 50065, 50090, 50125, 50520, 50560, 51310, 51350, 52035, 52145, 52285, 52355, 53115], "representative_frames_count": 159, "static_frames": [5, 14155, 14245, 14590, 18320, 18820, 27795, 33105, 33180, 35960, 36165, 37750, 38225, 40495, 40545, 42910, 42970, 43280, 43330, 43730, 44415], "static_frames_count": 21}