{"camera_movement_sequences": [], "foi_count_frames": 4450, "foi_count_seconds": 74.16666666666667, "foi_pct": 0.04115759195715911, "foi_sequences": [[4130, 5315], [5385, 5400], [5510, 5545], [5625, 5725], [5955, 6300], [6420, 7070], [17155, 17415], [17555, 19275], [19455, 19595]], "representative_frames": [5, 4130, 5315, 5385, 5400, 5510, 5545, 5625, 5725, 5955, 6300, 6420, 7070, 17155, 17415, 17555, 19275, 19455, 19595], "representative_frames_count": 19, "static_frames": [5], "static_frames_count": 1}