{"camera_movement_sequences": [], "foi_count_frames": 2740, "foi_count_seconds": 45.666666666666664, "foi_pct": 0.025341977969127183, "foi_sequences": [[10485, 10590], [12420, 12440], [14085, 14115], [14310, 14320], [16410, 16770], [16850, 16890], [16960, 17055], [27210, 27230], [27300, 27305], [27390, 27835], [27990, 28000], [29235, 29260], [30285, 30380], [32040, 32115], [32310, 32370], [32680, 32685], [36450, 36950], [37025, 37085], [43390, 43510], [43770, 43830], [52890, 52995], [53070, 53550], [54150, 54165]], "representative_frames": [5, 10485, 10590, 12420, 12440, 14085, 14115, 14310, 14320, 16410, 16770, 16850, 16890, 16960, 17055, 27210, 27230, 27300, 27305, 27390, 27835, 27990, 28000, 29235, 29260, 30285, 30380, 32040, 32115, 32310, 32370, 32680, 32685, 36450, 36950, 37025, 37085, 43390, 43510, 43770, 43830, 52890, 52995, 53070, 53550, 54150, 54165], "representative_frames_count": 47, "static_frames": [5], "static_frames_count": 1}