{"camera_movement_sequences": [], "foi_count_frames": 1670, "foi_count_seconds": 55.66667, "foi_pct": 0.03089, "foi_sequences": [[630, 960], [995, 1025], [10640, 10655], [10770, 11360], [11500, 11510], [13670, 13685], [13785, 14425], [14470, 14510]], "representative_frames": [5, 630, 960, 995, 1025, 10640, 10655, 10770, 11360, 11500, 11510, 13670, 13685, 13785, 14425, 14470, 14510], "representative_frames_count": 17, "static_frames": [5], "static_frames_count": 1}