{"camera_movement_sequences": [], "foi_count_frames": 1390, "foi_count_seconds": 46.33333, "foi_pct": 0.02571, "foi_sequences": [[15470, 15870], [15905, 16075], [16235, 16280], [16445, 16505], [16715, 16775], [16985, 17205], [18505, 18940]], "representative_frames": [5, 15470, 15870, 15905, 16075, 16235, 16280, 16445, 16505, 16715, 16775, 16985, 17205, 18505, 18940], "representative_frames_count": 15, "static_frames": [5], "static_frames_count": 1}