{"camera_movement_sequences": [], "foi_count_frames": 1955, "foi_count_seconds": 32.583333333333336, "foi_pct": 0.018081593769942936, "foi_sequences": [[31020, 31030], [31110, 31735], [31965, 32145], [32480, 32520], [32985, 33010], [33450, 33490], [34040, 34400], [37005, 37620], [37690, 37740], [103250, 103260]], "representative_frames": [5, 31020, 31030, 31110, 31735, 31965, 32145, 32480, 32520, 32985, 33010, 33450, 33490, 34040, 34400, 37005, 37620, 37690, 37740, 103250, 103260], "representative_frames_count": 21, "static_frames": [5], "static_frames_count": 1}