{"camera_movement_sequences": [], "foi_count_frames": 19760, "foi_count_seconds": 329.3333333333333, "foi_pct": 0.021151764984195052, "foi_sequences": [[4740, 5365], [442030, 442470], [524880, 525360], [689605, 690170], [692475, 692785], [692850, 692880], [694660, 695130], [752720, 753365], [753645, 754250], [754370, 754430], [756030, 756605], [758210, 758645], [759225, 759770], [761645, 761945], [763805, 764235], [764490, 765020], [766720, 767190], [782045, 782780], [785100, 785600], [788865, 789345], [808610, 808970], [821670, 822075], [823665, 824045], [843990, 844025], [855795, 856230], [885730, 886030], [887310, 888080], [888225, 888990], [891645, 891705], [891790, 893530], [895125, 895330], [907605, 908685], [909370, 909375], [910750, 911960], [917350, 917610], [918465, 918890], [918970, 918990], [919245, 919905], [921370, 921955], [922630, 922760], [924585, 925020], [929145, 929155], [930825, 931080]], "representative_frames": [5, 4740, 5365, 442030, 442470, 470250, 524880, 525360, 689605, 690170, 692475, 692785, 692850, 692880, 694660, 695130, 752720, 753365, 753645, 754250, 754370, 754430, 756030, 756605, 758210, 758645, 759225, 759770, 761645, 761945, 763805, 764235, 764490, 765020, 766720, 767190, 782045, 782780, 785100, 785600, 788865, 789345, 808610, 808970, 821670, 822075, 823665, 824045, 843990, 844025, 855795, 856230, 885730, 886030, 887310, 888080, 888225, 888990, 891645, 891705, 891790, 893530, 895125, 895330, 907605, 908685, 909370, 909375, 910750, 911960, 917350, 917610, 918465, 918890, 918970, 918990, 919245, 919905, 921370, 921955, 922630, 922760, 924585, 925020, 929145, 929155, 930825, 931080], "representative_frames_count": 88, "static_frames": [5, 470250], "static_frames_count": 2}