{"camera_movement_sequences": [], "foi_count_frames": 9700, "foi_count_seconds": 323.33333, "foi_pct": 0.02443, "foi_sequences": [[2835, 2865], [5745, 5915], [11025, 11275], [12825, 13015], [15465, 15640], [17425, 17705], [17785, 17900], [29935, 30045], [30085, 30095], [31715, 32145], [33095, 33530], [35885, 36145], [79610, 79895], [80835, 81020], [81070, 81080], [85475, 85795], [86725, 87000], [89980, 90300], [91175, 91185], [91375, 91560], [102475, 102505], [102930, 102990], [103220, 103585], [123245, 123505], [124575, 124630], [126215, 126255], [129305, 129535], [130425, 130630], [133750, 134240], [164105, 164150], [165835, 166005], [167735, 167940], [170580, 170755], [172895, 173115], [177435, 177445], [177485, 177520], [192195, 192345], [192380, 192395], [193425, 193660], [195655, 195945], [197015, 197020], [259255, 259420], [260160, 260345], [273965, 274185], [291400, 291605], [301505, 301585], [302585, 302810], [353260, 353575], [360460, 360495], [361005, 361375], [365895, 365915], [365955, 365980], [367055, 367310], [391690, 391955]], "representative_frames": [5, 2835, 2865, 5745, 5915, 11025, 11275, 12825, 13015, 15465, 15640, 17425, 17705, 17785, 17900, 29935, 30045, 30085, 30095, 31715, 32145, 33095, 33530, 35885, 36145, 79610, 79895, 80835, 81020, 81070, 81080, 85475, 85795, 86725, 87000, 89980, 90300, 91175, 91185, 91375, 91560, 102475, 102505, 102930, 102990, 103220, 103585, 123245, 123505, 124575, 124630, 126215, 126255, 129305, 129535, 130425, 130630, 133750, 134240, 164105, 164150, 165835, 166005, 167735, 167940, 170580, 170755, 172895, 173115, 177435, 177445, 177485, 177520, 192195, 192345, 192380, 192395, 193425, 193660, 195655, 195945, 197015, 197020, 259255, 259420, 260160, 260345, 273965, 274185, 291400, 291605, 301505, 301585, 302585, 302810, 353260, 353575, 360460, 360495, 361005, 361375, 365895, 365915, 365955, 365980, 367055, 367310, 391690, 391955], "representative_frames_count": 109, "static_frames": [5], "static_frames_count": 1}