{"camera_movement_sequences": [], "foi_count_frames": 755, "foi_count_seconds": 12.583333333333334, "foi_pct": 0.0075258420470290365, "foi_sequences": [[45085, 45090], [57335, 57415], [58550, 59055], [59130, 59295]], "representative_frames": [5, 45085, 45090, 57335, 57415, 58550, 59055, 59130, 59295], "representative_frames_count": 9, "static_frames": [5], "static_frames_count": 1}