{"camera_movement_sequences": [], "foi_count_frames": 235, "foi_count_seconds": 7.83333, "foi_pct": 0.00257, "foi_sequences": [[12995, 13010], [16745, 16790], [17510, 17570], [40270, 40280], [84015, 84115], [84185, 84190]], "representative_frames": [5, 12995, 13010, 16745, 16790, 17510, 17570, 40270, 40280, 84015, 84115, 84185, 84190], "representative_frames_count": 13, "static_frames": [5], "static_frames_count": 1}