{"camera_movement_sequences": [], "foi_count_frames": 2105, "foi_count_seconds": 35.083333333333336, "foi_pct": 0.01051023312246294, "foi_sequences": [[32660, 32730], [32825, 32870], [33005, 33400], [38645, 39605], [54305, 54630], [55515, 55790], [55865, 55900]], "representative_frames": [5, 32660, 32730, 32825, 32870, 33005, 33400, 38645, 39605, 54305, 54630, 55515, 55790, 55865, 55900], "representative_frames_count": 15, "static_frames": [5], "static_frames_count": 1}