{"camera_movement_sequences": [], "foi_count_frames": 5635, "foi_count_seconds": 187.83333, "foi_pct": 0.06495, "foi_sequences": [[81125, 86760]], "representative_frames": [5, 81125, 81500, 83615, 83700, 83755, 83785, 83935, 85350, 85505, 85525, 85565, 85835, 85855, 85875, 85970, 86050, 86515, 86560, 86630, 86665, 86730, 86750, 86760], "representative_frames_count": 24, "static_frames": [5, 81500, 83615, 83700, 83755, 83785, 83935, 85350, 85505, 85525, 85565, 85835, 85855, 85875, 85970, 86050, 86515, 86560, 86630, 86665, 86730, 86750], "static_frames_count": 22}