{"camera_movement_sequences": [[115, 175], [14600, 14605]], "foi_count_frames": 9160, "foi_count_seconds": 152.66666666666666, "foi_pct": 0.08471989715226459, "foi_sequences": [[75, 200], [715, 740], [1725, 1740], [6635, 6660], [6925, 6990], [14565, 15500], [15705, 16820], [17010, 17265], [17670, 17715], [19725, 19820], [23360, 23490], [26450, 26515], [29800, 29865], [30950, 30995], [32410, 32480], [33525, 33790], [37740, 37810], [41985, 42080], [44660, 44685], [45815, 45850], [46090, 46830], [47550, 47925], [48150, 48190], [48865, 48955], [49340, 49425], [49520, 49545], [50815, 50865], [51740, 51885], [53220, 53475], [53670, 53730], [54020, 54045], [54140, 54210], [54405, 54920], [57795, 57810], [59170, 59190], [62120, 62145], [66080, 66140], [66585, 66595], [76425, 76460], [76535, 77710], [77875, 78570], [78885, 78920], [79215, 79270], [79340, 79380], [80300, 80325], [80580, 80640], [81030, 81055], [81825, 81880], [88455, 88540], [89825, 90400], [90605, 90620], [91400, 91460], [92445, 92490], [100360, 100370]], "representative_frames": [5, 75, 200, 715, 740, 1725, 1740, 6635, 6660, 6925, 6990, 14565, 14935, 15140, 15500, 15705, 16005, 16335, 16475, 16545, 16820, 17010, 17095, 17265, 17670, 17715, 19725, 19820, 23360, 23490, 26450, 26515, 29800, 29865, 30950, 30995, 32410, 32480, 33525, 33790, 37740, 37810, 41985, 42080, 44660, 44685, 45815, 45850, 46090, 46830, 47550, 47630, 47680, 47715, 47925, 48150, 48190, 48865, 48955, 49340, 49425, 49520, 49545, 50815, 50865, 51740, 51885, 53220, 53475, 53670, 53730, 54020, 54045, 54140, 54210, 54405, 54920, 57795, 57810, 59170, 59190, 62120, 62145, 66080, 66140, 66585, 66595, 76425, 76460, 76535, 77710, 77875, 78180, 78570, 78885, 78920, 79215, 79270, 79340, 79380, 80300, 80325, 80580, 80640, 81030, 81055, 81825, 81880, 88455, 88540, 89825, 90400, 90605, 90620, 91400, 91460, 92445, 92490, 100360, 100370], "representative_frames_count": 120, "static_frames": [5, 14935, 15140, 16005, 16335, 16475, 16545, 17095, 47630, 47680, 47715, 78180], "static_frames_count": 12}