{"camera_movement_sequences": [[420, 465], [47990, 48010]], "foi_count_frames": 16040, "foi_count_seconds": 534.66667, "foi_pct": 0.29686, "foi_sequences": [[65, 475], [19535, 19815], [20655, 20660], [20730, 20740], [20810, 21140], [21250, 21255], [22015, 22030], [22075, 22090], [22970, 23750], [23805, 24760], [25210, 25275], [25335, 25345], [25430, 27180], [27515, 27625], [27815, 28105], [28355, 28735], [29360, 29380], [29440, 29505], [29570, 29600], [29720, 29790], [29870, 30425], [30470, 30905], [30950, 31095], [31145, 31610], [31675, 31680], [31880, 31910], [32040, 32090], [32370, 32375], [32505, 32510], [32835, 33050], [34115, 34270], [34445, 34685], [38875, 38880], [38945, 39065], [40775, 41030], [41885, 41920], [41970, 42380], [42470, 43240], [43410, 43425], [43460, 48570], [49625, 49670], [49730, 49895], [50070, 50090], [50315, 50690], [50990, 51145], [52850, 53350], [53445, 53585], [54010, 54030]], "representative_frames": [5, 65, 320, 380, 435, 475, 19535, 19815, 20655, 20660, 20730, 20740, 20810, 20910, 20965, 21000, 21140, 21250, 21255, 22015, 22030, 22075, 22090, 22970, 23375, 23400, 23415, 23540, 23665, 23750, 23805, 24060, 24760, 25210, 25275, 25335, 25345, 25430, 25980, 26060, 26150, 26275, 27180, 27515, 27625, 27815, 28000, 28105, 28355, 28425, 28490, 28735, 29360, 29380, 29440, 29505, 29570, 29600, 29720, 29790, 29870, 30425, 30470, 30905, 30950, 31095, 31145, 31610, 31675, 31680, 31880, 31910, 32040, 32090, 32370, 32375, 32505, 32510, 32835, 33050, 34115, 34270, 34445, 34685, 38875, 38880, 38945, 39065, 40775, 41030, 41885, 41920, 41970, 42380, 42470, 43240, 43410, 43425, 43460, 43650, 43670, 43785, 44030, 44090, 44120, 44165, 44265, 45005, 45095, 46345, 46615, 46765, 46820, 47365, 47865, 47985, 48030, 48115, 48135, 48155, 48185, 48305, 48460, 48570, 49625, 49670, 49730, 49895, 50070, 50090, 50315, 50690, 50990, 51145, 52850, 53350, 53445, 53585, 54010, 54030], "representative_frames_count": 140, "static_frames": [5, 320, 380, 435, 20910, 20965, 21000, 23375, 23400, 23415, 23540, 23665, 24060, 25980, 26060, 26150, 26275, 28000, 28425, 28490, 43650, 43670, 43785, 44030, 44090, 44120, 44165, 44265, 45005, 45095, 46345, 46615, 46765, 46820, 47365, 47865, 47985, 48030, 48115, 48135, 48155, 48185, 48305, 48460], "static_frames_count": 44}