{"camera_movement_sequences": [], "foi_count_frames": 1225, "foi_count_seconds": 20.416666666666668, "foi_pct": 0.0066460142902870535, "foi_sequences": [[41630, 42480], [44450, 44610], [52585, 52800]], "representative_frames": [5, 41630, 42480, 44450, 44610, 52585, 52800], "representative_frames_count": 7, "static_frames": [5], "static_frames_count": 1}