{"camera_movement_sequences": [[18160, 18165], [18535, 18545], [18930, 18945], [19010, 19020], [19070, 19090], [26880, 26890], [27130, 27145], [27210, 27220], [38885, 38895], [39000, 39015]], "foi_count_frames": 3770, "foi_count_seconds": 125.66667, "foi_pct": 0.06966, "foi_sequences": [[2235, 2275], [3740, 3745], [3795, 4485], [7605, 7820], [11930, 12130], [17605, 17840], [17880, 18065], [18145, 18265], [18380, 18560], [18605, 19095], [24880, 25005], [26775, 27000], [27050, 27160], [27195, 27240], [32425, 32640], [37760, 37925], [38710, 39020], [46940, 47155]], "representative_frames": [5, 2235, 2275, 3740, 3745, 3795, 4485, 7605, 7820, 11930, 12130, 17605, 17840, 17880, 18065, 18145, 18265, 18380, 18560, 18605, 18925, 18935, 18950, 19040, 19050, 19095, 24880, 25005, 26775, 26850, 27000, 27050, 27160, 27195, 27240, 32425, 32640, 37760, 37925, 38710, 38865, 38915, 38980, 39020, 46940, 46950, 47155], "representative_frames_count": 47, "static_frames": [5, 18925, 18935, 18950, 19040, 19050, 26850, 38865, 38915, 38980, 46950], "static_frames_count": 11}