{"camera_movement_sequences": [[93780, 93870]], "foi_count_frames": 1630, "foi_count_seconds": 27.166666666666668, "foi_pct": 0.015075702222509965, "foi_sequences": [[69945, 70195], [73940, 73980], [74250, 74275], [74695, 74985], [76995, 77390], [86420, 86840], [93685, 93895]], "representative_frames": [5, 69945, 70195, 73940, 73980, 74250, 74275, 74695, 74985, 76995, 77390, 86420, 86840, 93685, 93895], "representative_frames_count": 15, "static_frames": [5], "static_frames_count": 1}