{"camera_movement_sequences": [], "foi_count_frames": 700, "foi_count_seconds": 23.33333, "foi_pct": 0.00781, "foi_sequences": [[14200, 14230], [14280, 14345], [14850, 14990], [42590, 42640], [47345, 47350], [47570, 47640], [49235, 49240], [57995, 58000], [58165, 58220], [63640, 63660], [65735, 65785], [66815, 66830], [67205, 67220], [67265, 67285], [73810, 73855], [73925, 73960], [74075, 74135], [77735, 77750]], "representative_frames": [5, 14200, 14230, 14280, 14345, 14850, 14990, 42590, 42640, 47345, 47350, 47570, 47640, 49235, 49240, 57995, 58000, 58165, 58220, 63640, 63660, 65735, 65785, 66815, 66830, 67205, 67220, 67265, 67285, 73810, 73855, 73925, 73960, 74075, 74135, 77735, 77750], "representative_frames_count": 37, "static_frames": [5], "static_frames_count": 1}