{"camera_movement_sequences": [], "foi_count_frames": 2900, "foi_count_seconds": 48.333333333333336, "foi_pct": 0.026821801500171105, "foi_sequences": [[11895, 12700], [41505, 42830], [54830, 54855], [56330, 56355], [73110, 73770], [73900, 73960]], "representative_frames": [5, 11895, 12700, 41505, 42830, 54830, 54855, 56330, 56355, 73110, 73770, 73900, 73960], "representative_frames_count": 13, "static_frames": [5], "static_frames_count": 1}