{"camera_movement_sequences": [[36300, 36320], [37065, 37080], [37850, 37880], [38130, 38150], [53760, 53770], [54130, 54165], [54260, 54300], [77760, 77770], [77995, 78010]], "foi_count_frames": 6800, "foi_count_seconds": 113.33333333333333, "foi_pct": 0.06282277510370378, "foi_sequences": [[4470, 4545], [7630, 8950], [15250, 15630], [23925, 24250], [35310, 35675], [35755, 36105], [36285, 36525], [36765, 37100], [37220, 37400], [37470, 38180], [49775, 49990], [53555, 54000], [54095, 54310], [54380, 54470], [64870, 65280], [75540, 75610], [75695, 75800], [77435, 78030], [93870, 94245]], "representative_frames": [5, 4470, 4545, 7630, 8415, 8525, 8950, 15250, 15575, 15595, 15630, 23925, 24250, 35310, 35675, 35755, 36105, 36285, 36525, 36765, 37100, 37220, 37400, 37470, 37845, 37865, 37895, 38020, 38070, 38100, 38180, 49775, 49990, 53555, 53695, 54000, 54095, 54235, 54310, 54380, 54470, 64870, 65280, 75540, 75610, 75695, 75800, 77435, 77680, 77730, 77835, 77935, 77975, 78030, 93870, 93920, 94245], "representative_frames_count": 57, "static_frames": [5, 8415, 8525, 15575, 15595, 37845, 37865, 37895, 38020, 38070, 38100, 53695, 54235, 77680, 77730, 77835, 77935, 77975, 93920], "static_frames_count": 19}