{"camera_movement_sequences": [[96665, 96725], [96845, 96880]], "foi_count_frames": 29615, "foi_count_seconds": 493.5833333333333, "foi_pct": 0.274058170847947, "foi_sequences": [[210, 945], [39060, 39620], [41310, 41360], [41455, 41470], [41610, 42225], [44025, 44050], [44145, 44160], [45945, 46200], [46305, 47495], [47605, 47910], [47985, 49515], [50415, 50490], [50670, 50685], [50865, 54285], [54440, 54500], [55090, 55220], [55735, 56205], [56700, 57465], [58710, 58755], [58890, 58990], [59460, 59575], [59730, 60840], [60980, 61020], [61125, 61450], [61570, 61800], [61965, 62180], [62350, 62865], [62970, 63070], [63140, 63165], [63345, 63360], [64075, 64125], [65660, 66070], [68290, 68530], [68900, 69240], [77890, 78105], [81610, 82050], [83775, 83825], [83945, 84750], [84930, 85000], [85110, 86455], [86945, 97135], [99270, 99320], [99480, 99780], [100135, 100170], [100640, 101205], [101980, 102285], [105825, 106680], [106905, 107145], [108015, 108060]], "representative_frames": [5, 210, 635, 745, 855, 900, 945, 39060, 39140, 39620, 41310, 41360, 41455, 41470, 41610, 41770, 42225, 44025, 44050, 44145, 44160, 45945, 46200, 46305, 46790, 46820, 47080, 47330, 47495, 47605, 47910, 47985, 48115, 49515, 50415, 50490, 50670, 50685, 50865, 51955, 52110, 52205, 52380, 52550, 54285, 54440, 54500, 55090, 55220, 55735, 55995, 56205, 56700, 56855, 56975, 57465, 58710, 58755, 58890, 58990, 59460, 59575, 59730, 60840, 60980, 61020, 61125, 61450, 61570, 61800, 61965, 62180, 62350, 62865, 62970, 63070, 63140, 63165, 63345, 63360, 64075, 64125, 65660, 66070, 68290, 68530, 68900, 69240, 77890, 78105, 81610, 82050, 83775, 83825, 83945, 84750, 84930, 85000, 85110, 86455, 86945, 87290, 87330, 88050, 88180, 88245, 88335, 88530, 89265, 89450, 90095, 91360, 92075, 92160, 93210, 93450, 93985, 94740, 95275, 95515, 95960, 96185, 96255, 96305, 96360, 96605, 96800, 97135, 99270, 99320, 99480, 99780, 100135, 100170, 100640, 101205, 101980, 102285, 105825, 106680, 106905, 107145, 108015, 108060], "representative_frames_count": 144, "static_frames": [5, 635, 745, 855, 900, 39140, 41770, 46790, 46820, 47080, 47330, 48115, 51955, 52110, 52205, 52380, 52550, 55995, 56855, 56975, 87290, 87330, 88050, 88180, 88245, 88335, 88530, 89265, 89450, 90095, 91360, 92075, 92160, 93210, 93450, 93985, 94740, 95275, 95515, 95960, 96185, 96255, 96305, 96360, 96605, 96800], "static_frames_count": 46}