{"camera_movement_sequences": [], "foi_count_frames": 1145, "foi_count_seconds": 38.16667, "foi_pct": 0.01143, "foi_sequences": [[16325, 16380], [16415, 16440], [16505, 16735], [19295, 19810], [27155, 27315], [27760, 27900], [27935, 27955]], "representative_frames": [5, 16325, 16380, 16415, 16440, 16505, 16735, 19295, 19810, 27155, 27315, 27760, 27900, 27935, 27955], "representative_frames_count": 15, "static_frames": [5], "static_frames_count": 1}