{"camera_movement_sequences": [[4520, 4530], [4810, 4820], [9490, 9510], [10445, 10450], [18290, 18305], [21555, 21560]], "foi_count_frames": 1265, "foi_count_seconds": 42.16667, "foi_pct": 0.02341, "foi_sequences": [[4510, 4605], [4785, 4830], [9390, 9515], [10430, 10520], [14935, 15095], [15170, 15175], [17990, 18310], [21540, 21860], [44315, 44420]], "representative_frames": [5, 4510, 4605, 4785, 4830, 9390, 9515, 10430, 10520, 14935, 15095, 15170, 15175, 17990, 18245, 18265, 18285, 18310, 21540, 21860, 44315, 44420], "representative_frames_count": 22, "static_frames": [5, 18245, 18265, 18285], "static_frames_count": 4}