{"camera_movement_sequences": [[69220, 69235]], "foi_count_frames": 6490, "foi_count_seconds": 216.33333, "foi_pct": 0.07154, "foi_sequences": [[15730, 15745], [27515, 27630], [28435, 28475], [28510, 28830], [28890, 28925], [30505, 30830], [30870, 30900], [30940, 31275], [34875, 35220], [36910, 37390], [37430, 37435], [37555, 37585], [38885, 38950], [38990, 39000], [39340, 39460], [42365, 44205], [61720, 62060], [68020, 69800], [75365, 75605], [75750, 75770]], "representative_frames": [5, 15730, 15745, 27515, 27630, 28435, 28475, 28510, 28830, 28890, 28925, 30505, 30830, 30870, 30900, 30940, 31275, 34875, 35220, 36910, 37390, 37430, 37435, 37555, 37585, 38885, 38950, 38990, 39000, 39340, 39460, 42365, 42565, 42765, 43820, 43955, 44205, 61555, 61720, 62060, 68020, 68735, 68880, 69230, 69800, 75365, 75605, 75750, 75770], "representative_frames_count": 49, "static_frames": [5, 42565, 42765, 43820, 43955, 61555, 68735, 68880, 69230], "static_frames_count": 9}