{"camera_movement_sequences": [[4435, 4470]], "foi_count_frames": 1310, "foi_count_seconds": 43.66667, "foi_pct": 0.02424, "foi_sequences": [[1570, 1830], [4405, 4715], [6155, 6245], [6280, 6650], [7260, 7510], [24605, 24635]], "representative_frames": [5, 1570, 1830, 4405, 4530, 4550, 4570, 4715, 6155, 6245, 6280, 6570, 6650, 7260, 7510, 24605, 24635], "representative_frames_count": 17, "static_frames": [5, 4530, 4550, 4570, 6570], "static_frames_count": 5}