{"camera_movement_sequences": [], "foi_count_frames": 25, "foi_count_seconds": 0.4166666666666667, "foi_pct": 0.00013371772722653387, "foi_sequences": [[12515, 12520], [134155, 134175]], "representative_frames": [5, 12515, 12520, 134155, 134175], "representative_frames_count": 5, "static_frames": [5], "static_frames_count": 1}