{"camera_movement_sequences": [[8970, 8980]], "foi_count_frames": 2465, "foi_count_seconds": 41.083333333333336, "foi_pct": 0.022811189976032056, "foi_sequences": [[3150, 3660], [8800, 9425], [12315, 12460], [12570, 12640], [12750, 13300], [14510, 15015], [49205, 49265]], "representative_frames": [5, 3150, 3660, 8800, 9050, 9090, 9130, 9425, 12315, 12460, 12570, 12640, 12750, 13145, 13300, 14510, 15015, 49205, 49265], "representative_frames_count": 19, "static_frames": [5, 9050, 9090, 9130, 13145], "static_frames_count": 5}