{"camera_movement_sequences": [[124390, 124400]], "foi_count_frames": 70, "foi_count_seconds": 1.1666666666666667, "foi_pct": 0.00032993811303679753, "foi_sequences": [[124395, 124465]], "representative_frames": [124395, 124465], "representative_frames_count": 2, "static_frames": [124395], "static_frames_count": 1}