{"camera_movement_sequences": [[167600, 167630]], "foi_count_frames": 11195, "foi_count_seconds": 186.58333333333334, "foi_pct": 0.0645166867410861, "foi_sequences": [[9545, 9550], [162330, 173520]], "representative_frames": [5, 9545, 9550, 162330, 162950, 167290, 167730, 167960, 171005, 171060, 171105, 171480, 171705, 171875, 171990, 173410, 173520], "representative_frames_count": 17, "static_frames": [5, 162950, 167290, 167730, 167960, 171005, 171060, 171105, 171480, 171705, 171875, 171990, 173410], "static_frames_count": 13}