{"camera_movement_sequences": [[46895, 46905]], "foi_count_frames": 1030, "foi_count_seconds": 34.33333, "foi_pct": 0.01905, "foi_sequences": [[34955, 35120], [36965, 37000], [37115, 37175], [37350, 37530], [38495, 38695], [42995, 43055], [43195, 43420], [46845, 46950]], "representative_frames": [5, 34955, 35120, 36965, 37000, 37115, 37175, 37350, 37530, 38495, 38695, 42995, 43055, 43195, 43420, 46845, 46950], "representative_frames_count": 17, "static_frames": [5], "static_frames_count": 1}