{"camera_movement_sequences": [[9030, 9050], [9630, 9635]], "foi_count_frames": 2345, "foi_count_seconds": 39.083333333333336, "foi_pct": 0.021700706082675526, "foi_sequences": [[9015, 9205], [9560, 9655], [18790, 19020], [20850, 21030], [29865, 30165], [35985, 36610], [43075, 43570], [43640, 43700], [88630, 88800]], "representative_frames": [5, 9015, 9205, 9560, 9655, 18790, 19020, 20850, 21030, 29865, 30165, 35985, 36475, 36520, 36610, 43075, 43190, 43570, 43640, 43700, 88630, 88800], "representative_frames_count": 22, "static_frames": [5, 36475, 36520, 43190], "static_frames_count": 4}