{"camera_movement_sequences": [[19185, 19190], [19410, 19415]], "foi_count_frames": 1340, "foi_count_seconds": 44.66667, "foi_pct": 0.02479, "foi_sequences": [[2630, 2690], [6065, 6200], [7255, 7515], [7600, 7620], [14180, 14185], [14255, 14620], [19145, 19205], [19395, 19440], [25565, 25755], [49865, 50065]], "representative_frames": [5, 2630, 2690, 6065, 6200, 7255, 7515, 7600, 7620, 14180, 14185, 14255, 14620, 19145, 19205, 19395, 19440, 25565, 25755, 49865, 50065], "representative_frames_count": 21, "static_frames": [5], "static_frames_count": 1}