{"camera_movement_sequences": [], "foi_count_frames": 1525, "foi_count_seconds": 50.83333, "foi_pct": 0.02821, "foi_sequences": [[5945, 6360], [20755, 21420], [27395, 27460], [28170, 28180], [36560, 36890], [36950, 36990]], "representative_frames": [5, 5945, 6360, 20755, 21420, 27395, 27460, 28170, 28180, 36560, 36890, 36950, 36990], "representative_frames_count": 13, "static_frames": [5], "static_frames_count": 1}