{"camera_movement_sequences": [[22025, 22035]], "foi_count_frames": 16255, "foi_count_seconds": 541.83333, "foi_pct": 0.30051, "foi_sequences": [[810, 825], [865, 870], [910, 955], [6745, 7050], [7735, 7920], [7985, 8160], [9775, 10575], [14845, 14875], [15085, 15090], [15300, 15305], [15400, 15440], [15475, 16300], [16340, 16465], [16520, 16550], [16585, 16705], [16845, 17010], [17065, 17315], [17400, 17405], [17525, 17545], [17825, 17845], [17880, 17955], [18135, 18335], [19095, 19115], [19745, 19750], [19960, 19990], [20135, 20160], [20305, 20320], [20875, 20945], [20980, 21095], [21185, 21360], [21765, 21825], [22020, 25640], [25860, 25990], [26275, 26515], [26550, 27370], [27565, 27855], [28340, 28415], [28480, 28735], [29310, 29940], [30150, 30215], [30390, 30520], [30695, 30705], [31225, 31230], [31740, 31785], [34255, 35135], [35200, 35325], [35975, 36005], [36080, 36100], [36150, 36205], [36315, 36340], [36375, 36665], [37530, 37590], [39490, 40020], [40205, 42305], [42400, 42410], [42510, 42730], [42765, 43485], [43540, 43790], [43840, 43845], [44140, 44155], [44215, 44220], [44285, 44675], [45540, 45550], [46310, 46315], [46495, 46500], [47965, 47970], [48040, 48265]], "representative_frames": [5, 810, 825, 865, 870, 910, 955, 6745, 7050, 7735, 7920, 7985, 8160, 9775, 10575, 14845, 14875, 15085, 15090, 15300, 15305, 15400, 15440, 15475, 16300, 16340, 16465, 16520, 16550, 16585, 16705, 16845, 17010, 17065, 17315, 17400, 17405, 17525, 17545, 17825, 17845, 17880, 17955, 18135, 18335, 19095, 19115, 19745, 19750, 19960, 19990, 20135, 20160, 20305, 20320, 20875, 20945, 20980, 21095, 21185, 21360, 21765, 21825, 22020, 22145, 22165, 22180, 22260, 22345, 22705, 22730, 22815, 23395, 23445, 23665, 23875, 23985, 24015, 24035, 24085, 24110, 24230, 24475, 24555, 25640, 25860, 25990, 26275, 26515, 26550, 26760, 26860, 27370, 27565, 27610, 27640, 27730, 27855, 28340, 28415, 28480, 28735, 29310, 29940, 30150, 30215, 30390, 30520, 30695, 30705, 31225, 31230, 31740, 31785, 34255, 34530, 34790, 35135, 35200, 35325, 35975, 36005, 36080, 36100, 36150, 36205, 36315, 36340, 36375, 36465, 36665, 37530, 37590, 39490, 40020, 40205, 42305, 42400, 42410, 42510, 42730, 42765, 43250, 43265, 43290, 43485, 43540, 43790, 43840, 43845, 44140, 44155, 44215, 44220, 44285, 44675, 45540, 45550, 46310, 46315, 46495, 46500, 47965, 47970, 48040, 48265], "representative_frames_count": 166, "static_frames": [5, 22145, 22165, 22180, 22260, 22345, 22705, 22730, 22815, 23395, 23445, 23665, 23875, 23985, 24015, 24035, 24085, 24110, 24230, 24475, 24555, 26760, 26860, 27610, 27640, 27730, 34530, 34790, 36465, 43250, 43265, 43290], "static_frames_count": 32}