{"camera_movement_sequences": [], "foi_count_frames": 12490, "foi_count_seconds": 208.16666666666666, "foi_pct": 0.06883780402444872, "foi_sequences": [[31450, 31485], [55020, 55210], [56865, 57650], [57790, 57840], [61005, 61655], [61740, 61790], [61880, 62530], [69770, 70395], [73810, 74770], [75105, 75155], [77770, 77890], [78670, 78860], [84730, 88305], [123480, 124070], [136035, 138875], [138940, 139570], [150730, 151200], [151490, 151520]], "representative_frames": [5, 31450, 31485, 55020, 55210, 56865, 57650, 57790, 57840, 61005, 61655, 61740, 61790, 61880, 62530, 69770, 70395, 73810, 74770, 75105, 75155, 77770, 77890, 78670, 78860, 84730, 85125, 85295, 85690, 86525, 87850, 88305, 123480, 123685, 124070, 136035, 136530, 136765, 136905, 138875, 138940, 139205, 139570, 150730, 151070, 151200, 151490, 151520], "representative_frames_count": 48, "static_frames": [5, 85125, 85295, 85690, 86525, 87850, 123685, 136530, 136765, 136905, 139205, 151070], "static_frames_count": 12}