{"camera_movement_sequences": [[350, 375], [870, 895], [950, 990], [17865, 17880], [28240, 28245], [28615, 28620], [29005, 29025], [29090, 29100], [29150, 29155], [36965, 36970], [37215, 37225]], "foi_count_frames": 5375, "foi_count_seconds": 179.16667, "foi_pct": 0.08226, "foi_sequences": [[5, 1255], [1355, 1585], [1885, 2075], [8010, 8030], [12315, 12355], [13875, 14570], [17685, 17900], [22010, 22205], [27720, 27920], [27960, 28145], [28225, 28345], [28460, 28635], [28685, 29175], [34965, 35085], [36855, 37080], [37130, 37240], [37275, 37320], [42505, 42720], [47840, 47885], [47920, 48005], [48790, 49100], [57020, 57235]], "representative_frames": [5, 85, 115, 290, 310, 555, 785, 905, 930, 975, 995, 1055, 1070, 1100, 1145, 1185, 1255, 1355, 1430, 1545, 1565, 1585, 1885, 2075, 8010, 8030, 12315, 12355, 13875, 14240, 14570, 17685, 17825, 17870, 17895, 17900, 22010, 22205, 27720, 27920, 27960, 28145, 28225, 28345, 28460, 28635, 28685, 29175, 34965, 35085, 36855, 37080, 37130, 37240, 37275, 37320, 42505, 42720, 47840, 47885, 47920, 48005, 48790, 49100, 57020, 57235], "representative_frames_count": 66, "static_frames": [5, 85, 115, 290, 310, 555, 785, 905, 930, 975, 995, 1055, 1070, 1100, 1145, 1185, 1430, 1545, 1565, 14240, 17825, 17870, 17895], "static_frames_count": 23}