{"camera_movement_sequences": [[615, 645], [915, 930], [1215, 1240], [1515, 1550], [1815, 1850], [2115, 2165], [2415, 2440], [2720, 2725], [4250, 4270], [4550, 4575], [6075, 6105], [6375, 6390], [6675, 6705], [6975, 7010], [7275, 7315], [7575, 7625], [7885, 7900], [8180, 8195], [8805, 8835], [9105, 9120], [9405, 9430], [9705, 9735], [10005, 10035], [10305, 10315], [11565, 11570], [11835, 11850], [12135, 12165], [12435, 12465], [12740, 12765], [13035, 13085], [13335, 13360], [13640, 13645], [14265, 14290], [14565, 14575], [14865, 14895], [15165, 15195], [15465, 15495], [15765, 15805], [16070, 16090], [16365, 16375], [16995, 17020], [17295, 17305], [17595, 17620], [17895, 17925], [18195, 18240], [18495, 18535], [18800, 18820], [19095, 19110]], "foi_count_frames": 4240, "foi_count_seconds": 141.33333333333334, "foi_pct": 0.22017967492340448, "foi_sequences": [[650, 685], [970, 1010], [1245, 1305], [1545, 1585], [1810, 1965], [2065, 2070], [2130, 2205], [2445, 2450], [2715, 2735], [3350, 3410], [3645, 3745], [3945, 4000], [4035, 4040], [4075, 4080], [4245, 4315], [4540, 4545], [4580, 4705], [4845, 5005], [5140, 5185], [5445, 5480], [6110, 6145], [6395, 6470], [6670, 6745], [6780, 6785], [7000, 7045], [7270, 7445], [7590, 7720], [7875, 7910], [8175, 8205], [8840, 8870], [9125, 9205], [9435, 9460], [9495, 9500], [9740, 9745], [10015, 10045], [10080, 10225], [10320, 10450], [10600, 10645], [10905, 10930], [11535, 11605], [11890, 11905], [12130, 12225], [12450, 12520], [12570, 12585], [12730, 12735], [12770, 13030], [13090, 13115], [13160, 13180], [13630, 13655], [14295, 14300], [14385, 14410], [14560, 14635], [14860, 14920], [14970, 14975], [15160, 15210], [15295, 15310], [15500, 15680], [15810, 15955], [16060, 16100], [16360, 16380], [17025, 17075], [17290, 17315], [17395, 17440], [17590, 17680], [17890, 17965], [18020, 18040], [18230, 18490], [18540, 18710], [18790, 18825], [19090, 19115]], "representative_frames": [5, 650, 685, 935, 970, 1010, 1245, 1305, 1545, 1555, 1585, 1810, 1825, 1860, 1965, 2065, 2070, 2130, 2175, 2205, 2445, 2450, 2715, 2735, 2845, 3350, 3365, 3370, 3410, 3645, 3655, 3685, 3745, 3945, 3960, 4000, 4035, 4040, 4075, 4080, 4245, 4280, 4315, 4540, 4545, 4580, 4585, 4705, 4845, 4850, 4875, 4880, 4895, 5005, 5140, 5160, 5170, 5185, 5445, 5450, 5455, 5480, 6110, 6145, 6395, 6400, 6470, 6670, 6700, 6745, 6780, 6785, 7000, 7005, 7045, 7270, 7285, 7320, 7445, 7590, 7720, 7875, 7910, 8175, 8190, 8205, 8840, 8870, 9125, 9205, 9435, 9445, 9460, 9495, 9500, 9740, 9745, 9785, 10015, 10045, 10080, 10150, 10225, 10320, 10335, 10345, 10355, 10450, 10600, 10615, 10645, 10905, 10920, 10930, 11535, 11540, 11560, 11605, 11890, 11905, 12130, 12225, 12450, 12460, 12480, 12520, 12570, 12585, 12730, 12735, 12770, 12775, 13030, 13090, 13115, 13160, 13180, 13375, 13630, 13655, 13700, 14295, 14300, 14385, 14410, 14560, 14630, 14635, 14860, 14885, 14920, 14970, 14975, 15160, 15200, 15210, 15295, 15310, 15500, 15680, 15810, 15815, 15955, 16060, 16095, 16100, 16360, 16380, 17025, 17075, 17095, 17290, 17315, 17395, 17440, 17590, 17615, 17680, 17890, 17935, 17965, 18020, 18040, 18230, 18490, 18540, 18545, 18710, 18790, 18825, 19090, 19115], "representative_frames_count": 192, "static_frames": [5, 650, 935, 1245, 1555, 1825, 1860, 2175, 2445, 2845, 3350, 3365, 3370, 3645, 3655, 3685, 3960, 4245, 4280, 4545, 4585, 4845, 4850, 4875, 4880, 4895, 5160, 5170, 5445, 5450, 5455, 6110, 6400, 6700, 7005, 7285, 7320, 7875, 8190, 8840, 9445, 9785, 10015, 10045, 10150, 10320, 10335, 10345, 10355, 10615, 10645, 10920, 11535, 11540, 11560, 12460, 12480, 12775, 13115, 13375, 13700, 14295, 14630, 14885, 15200, 15500, 15815, 16095, 17095, 17615, 17935, 18230, 18545], "static_frames_count": 73}