{"camera_movement_sequences": [[560, 585], [860, 875], [1160, 1170], [1465, 1490], [1760, 1800], [2060, 2115], [2365, 2385], [2665, 2675], [3290, 3315], [3590, 3605], [3890, 4010], [4190, 4220], [4490, 4530], [4790, 4840], [5095, 5115], [5395, 5405], [6020, 6050], [6320, 6330], [6620, 6630], [6925, 6950], [7220, 7250], [7520, 7575], [7825, 7845], [8125, 8140], [8750, 8775], [9050, 9060], [9350, 9370], [9650, 9685], [9950, 9985], [10250, 10290], [11495, 11510], [11780, 11790], [12080, 12100], [12380, 12415], [12685, 12710], [12980, 13005], [14220, 14240], [14510, 14520], [14810, 14830], [15110, 15140], [15410, 15440], [15710, 15735], [16950, 16965], [17240, 17250], [17540, 17560], [17840, 17870], [18140, 18175], [18440, 18465], [19680, 19695], [19970, 19980], [20270, 20280], [20575, 20600], [20870, 20905], [21170, 21195], [22415, 22425], [22700, 22710], [23305, 23335], [23600, 23630], [23905, 23925], [25140, 25155], [25430, 25440], [26035, 26065], [26330, 26365], [26630, 26660], [26730, 26845], [26885, 26895], [26945, 26950], [29695, 29765], [29995, 30025], [30295, 30310], [30595, 30610], [30895, 30925], [31200, 31230], [31500, 31520], [32740, 32755], [33025, 33035], [33325, 33335], [33630, 33655], [33925, 33960], [34225, 34280], [34530, 34555], [35105, 35170], [35250, 35315], [35455, 35485], [35755, 35770], [36055, 36075], [36355, 36385], [36660, 36670], [36960, 36980], [37700, 37740], [38185, 38210], [38485, 38495], [38785, 38805], [39085, 39115], [39385, 39425], [39685, 39725], [40935, 40945], [41215, 41230], [41515, 41535], [41815, 41820], [42420, 42470], [42720, 42745], [43020, 43025], [43295, 43320], [43645, 43675], [43945, 43960], [44245, 44255], [44550, 44575], [44845, 44880], [45145, 45200], [45450, 45475], [45755, 45780], [46205, 46230], [46375, 46405], [46675, 46690], [46975, 46995], [47275, 47305], [47580, 47610], [47875, 47900], [49115, 49135], [49405, 49415], [49705, 49725], [50005, 50035], [50305, 50345], [50605, 50630], [51855, 51865], [52135, 52150], [52435, 52455], [52735, 52765], [53040, 53065], [53340, 53360]], "foi_count_frames": 20315, "foi_count_seconds": 677.16667, "foi_pct": 0.37577, "foi_sequences": [[135, 170], [915, 930], [975, 1230], [1455, 1460], [1495, 1535], [1765, 1845], [2010, 2015], [2120, 2130], [2355, 2400], [2655, 2680], [3320, 3660], [3920, 4185], [4225, 4255], [4535, 4550], [4845, 5130], [5390, 5410], [6275, 6400], [6635, 6990], [7230, 7300], [7580, 7590], [7815, 7850], [8115, 8145], [8780, 8790], [9045, 9125], [9375, 9750], [9960, 9995], [10030, 10050], [10295, 10350], [10545, 10590], [10850, 10865], [11480, 11515], [11775, 11850], [12075, 12120], [12340, 12680], [12715, 12760], [12810, 12975], [13010, 13050], [13280, 13310], [13575, 13595], [14205, 14250], [14505, 14610], [14835, 14855], [15145, 15180], [15445, 15510], [15555, 15615], [15740, 15860], [15945, 16050], [16310, 16385], [16940, 16970], [17080, 17320], [17565, 17610], [17875, 17915], [18150, 18315], [18365, 18435], [18470, 18505], [18735, 18770], [19035, 19055], [19665, 19710], [19815, 19825], [19985, 20070], [20265, 20315], [20570, 20640], [20880, 21165], [21200, 21225], [21470, 21510], [21765, 21785], [22395, 22430], [22695, 22770], [23000, 23060], [23295, 23300], [23340, 23370], [23610, 23730], [23895, 23970], [24200, 24235], [24495, 24645], [25130, 25205], [25425, 25510], [25730, 25785], [25830, 25835], [26025, 26255], [26325, 26725], [26780, 29040], [29080, 29320], [29430, 29570], [29660, 29690], [29730, 29990], [30140, 30150], [30290, 30390], [30590, 30640], [30930, 30990], [31235, 31290], [31495, 31550], [31790, 32760], [33020, 33115], [33320, 33390], [33620, 34045], [34285, 34290], [34520, 34525], [34560, 34670], [34760, 34915], [35005, 35030], [35075, 35450], [35600, 35610], [35775, 35840], [36050, 36100], [36390, 36450], [36655, 36750], [36905, 36920], [36955, 37050], [37250, 38180], [38500, 38550], [38780, 38850], [39120, 39160], [39215, 39230], [39430, 39680], [39730, 39750], [39830, 39885], [39980, 40050], [40090, 40535], [40580, 40610], [40790, 40950], [41020, 41300], [41360, 41560], [41810, 41910], [41955, 42210], [42410, 42415], [42455, 42510], [42710, 42715], [42750, 43375], [43940, 44045], [44260, 44310], [44545, 44815], [44855, 44940], [44975, 44990], [45040, 45045], [45120, 45140], [45205, 45210], [45440, 45445], [45585, 45785], [46165, 46370], [46520, 46530], [46695, 46760], [46955, 47020], [47310, 47370], [47615, 47870], [47905, 47970], [48175, 49010], [49105, 49140], [49400, 49495], [49730, 50255], [50350, 50600], [50635, 50705], [50900, 50940], [51205, 51235], [51835, 51870], [51980, 51990], [52130, 52220], [52460, 52480], [52770, 52830], [53070, 53085], [53120, 53215], [53335, 53430], [53630, 53695], [53935, 53955]],