{"camera_movement_sequences": [[105, 120], [730, 760], [1035, 1045], [1335, 1350], [1635, 1665], [1935, 1970], [2235, 2285], [2535, 2560], [2835, 2850], [3460, 3490], [3765, 3775], [4065, 4080], [4365, 4395], [4665, 4700], [4965, 4985], [7110, 7125], [7395, 7425], [7695, 7715], [8940, 8950], [9225, 9235], [9525, 9540], [9825, 9855], [10125, 10160], [10425, 10475], [10725, 10750], [11025, 11040], [11650, 11680], [11955, 11965], [12255, 12270], [12555, 12585], [12855, 12890], [13155, 13205], [13455, 13480], [13755, 13770], [14380, 14410], [14685, 14695], [14985, 15005], [15285, 15315], [15585, 15615], [15885, 15935], [16190, 16210], [16485, 16500], [17110, 17140], [17415, 17425], [17715, 17730], [18015, 18045], [18315, 18350], [18615, 18665], [18915, 18940], [19220, 19230], [19840, 19870], [20145, 20155], [20445, 20465], [20745, 20775], [21045, 21080], [21345, 21395], [21645, 21670], [21945, 21960], [22570, 22600], [22875, 22885], [23175, 23190], [23475, 23505], [23775, 23805], [24075, 24125], [24380, 24400], [24675, 24690], [25300, 25330], [25605, 25615], [25905, 25920], [26205, 26235], [26505, 26535], [26805, 26855], [27105, 27130], [27405, 27420], [28030, 28060], [28335, 28345], [28635, 28650], [28935, 28960], [29235, 29250], [29550, 29585], [29840, 29860], [30135, 30150], [30760, 30790], [31065, 31075], [31365, 31380], [31665, 31695], [31965, 32000], [32265, 32315], [32565, 32590], [32865, 32880], [33490, 33520], [33795, 33805], [34095, 34110], [34395, 34405], [35010, 35045], [35295, 35320], [35595, 35625], [36220, 36235], [37740, 37775], [38025, 38050], [38325, 38340], [38955, 38965], [40470, 40505], [41700, 41710], [41985, 41995], [42285, 42300], [42585, 42615], [42885, 42900], [43195, 43235], [45315, 45340], [45615, 45630], [45925, 45965], [46215, 46240], [46520, 46530], [47140, 47150], [48045, 48080], [48345, 48360], [48655, 48695], [48950, 48970], [49245, 49260], [49870, 49900], [50175, 50185], [50475, 50490], [50775, 50800], [51075, 51090], [51385, 51425], [51675, 51700], [51975, 51985], [52560, 52630], [52905, 52915], [53205, 53220], [53505, 53540], [53805, 53820]], "foi_count_frames": 9395, "foi_count_seconds": 313.1666666666667, "foi_pct": 0.17378195405275423, "foi_sequences": [[100, 125], [1030, 1115], [1330, 1405], [1670, 1715], [1975, 2020], [2290, 2305], [2565, 2570], [2830, 2855], [3495, 3505], [3760, 3845], [4060, 4120], [4400, 4465], [4705, 4765], [4960, 5020], [5260, 5305], [5560, 5580], [6190, 6225], [6490, 6565], [6790, 6865], [7090, 7170], [7430, 7475], [7690, 7765], [7990, 8030], [8290, 8310], [8920, 8965], [9220, 9325], [9520, 9565], [9860, 9865], [10165, 10170], [10205, 10225], [10755, 10765], [11020, 11045], [11950, 12035], [12250, 12295], [12590, 12695], [12895, 12985], [13210, 13225], [13300, 13345], [13420, 13450], [13750, 13775], [14415, 14425], [14680, 14785], [14980, 15360], [15620, 15630], [15665, 15685], [16180, 16225], [16480, 16505], [17145, 17185], [17410, 17495], [17710, 17755], [18050, 18090], [18355, 18400], [18435, 18460], [18670, 18685], [19210, 19235], [19270, 19280], [19875, 19885], [20140, 20225], [20440, 20740], [20780, 20845], [21085, 21265], [21675, 21685], [21790, 21805], [21940, 21965], [22870, 22945], [23170, 23230], [23510, 23550], [23810, 23860], [24130, 24145], [24370, 24405], [24670, 24725], [25335, 25345], [25600, 25680], [25900, 25945], [26240, 26305], [26540, 26605], [27135, 27145], [27400, 27425], [28330, 28420], [28630, 28705], [28965, 29010], [29230, 29485], [29530, 29545], [29590, 29605], [29830, 29865], [30130, 30155], [30795, 30805], [31060, 31150], [31360, 31415], [31700, 31705], [32005, 32065], [32595, 32605], [32860, 32915], [33790, 33865], [34090, 34165], [34390, 34470], [34690, 34780], [34990, 35005], [35050, 35065], [35590, 35630], [36240, 36265], [36520, 36605], [36820, 36865], [37120, 37165], [37420, 37525], [37720, 37735], [38055, 38065], [38320, 38345], [38950, 38985], [39250, 39275], [39310, 39340], [39550, 39625], [39850, 39935], [40150, 40235], [40410, 40465], [40510, 40525], [40750, 40825], [41050, 41070], [41115, 41125], [41680, 41725], [41980, 42050], [42280, 42340], [42620, 42625], [42880, 42930], [42965, 42985], [43180, 43190], [43240, 43255], [43480, 43525], [43780, 43795], [43840, 43850], [44410, 44445], [44710, 44800], [45010, 45085], [45345, 45395], [45610, 45700], [45805, 45920], [45970, 45985], [46245, 46285], [46510, 46535], [46570, 46585], [47155, 47185], [47440, 47510], [47740, 47785], [48075, 48115], [48340, 48445], [48640, 48650], [48700, 48985], [49240, 49300], [50170, 50245], [50465, 50545], [50805, 50885], [50920, 50945], [51005, 51160], [51205, 51220], [51370, 51380], [51430, 51670], [51705, 51915], [51970, 51990], [52030, 52040], [52365, 52440], [52565, 52595], [52635, 52645], [52900, 52990], [53200, 53255], [53310, 53500], [53535, 53585], [53800, 54055]], "representative_frames": [5, 100, 125, 765, 1030, 1050, 1115, 1330, 1355, 1405, 1670, 1715, 1975, 1980, 2020, 2290, 2295, 2305, 2565, 2570, 2830, 2855, 2880, 3495, 3505, 3760, 3845, 4060, 4105, 4120, 4400, 4420, 4465, 4705, 4715, 4765, 4960, 5010, 5020, 5260, 5265, 5285, 5305, 5560, 5565, 5580, 6190, 6195, 6205, 6215, 6220, 6225, 6490, 6495, 6500, 6565, 6790, 6795, 6800, 6805, 6865, 6960, 7090, 7095, 7135, 7170, 7430, 7435, 7475, 7690, 7765, 7990, 7995, 8015, 8030, 8290, 8300, 8310, 8920, 8935, 8960, 8965, 9220, 9325, 9520, 9565, 9820, 9860, 9865, 9875, 10165, 10170, 10205, 10225, 10420, 10520, 10755, 10765, 11020, 11045, 11310, 11695, 11950, 12035, 12250, 12295, 12590, 12695, 12895, 12905, 12985, 13210, 13225, 13300, 13330, 13345, 13420, 13450, 13620, 13750, 13775, 14415, 14425, 14470, 14680, 14785, 14980, 15025, 15305, 15320, 15360, 15620, 15630, 15665, 15685, 16180, 16225, 16480, 16505, 16585, 17145, 17185, 17410, 17495, 17710, 17755, 18050, 18085, 18090, 18355, 18400, 18435, 18460, 18670, 18685, 18695, 19210, 19215, 19235, 19270, 19280, 19875, 19885, 20140, 20225, 20440, 20475, 20740, 20780, 20845, 21085, 21230, 21265, 21570, 21675, 21685, 21715, 21790, 21805, 21940, 21965, 22870, 22945, 23170, 23230, 23510, 23550, 23810, 23860, 24130, 24145, 24370, 24405, 24670, 24725, 24825, 25335, 25345, 25600, 25680, 25900, 25945, 26240, 26245, 26305, 26540, 26605, 27135, 27145, 27400, 27425, 28330, 28420, 28630, 28705, 28725, 28965, 29010, 29230, 29255, 29260, 29265, 29485, 29530, 29545, 29590, 29605, 29830, 29865, 30130, 30155, 30550, 30795, 30805, 31060, 31125, 31150, 31360, 31415, 31700, 31705, 31735, 32005, 32065, 32595, 32605, 32860, 32915, 33320, 33790, 33865, 34090, 34140, 34165, 34390, 34420, 34470, 34690, 34700, 34780, 34990, 35005, 35050, 35065, 35590, 35615, 35630, 36240, 36245, 36250, 36265, 36520, 36530, 36605, 36675, 36820, 36825, 36830, 36835, 36840, 36865, 37120, 37150, 37165, 37420, 37425, 37435, 37455, 37525, 37720, 37735, 38055, 38065, 38320, 38345, 38950, 38970, 38975, 38980, 38985, 39250, 39275, 39310, 39340, 39550, 39560, 39565, 39625, 39850, 39875, 39935, 40150, 40165, 40180, 40235, 40410, 40465, 40510, 40525, 40750, 40775, 40825, 41050, 41055, 41070, 41115, 41125, 41680, 41685, 41695, 41725, 41980, 42050, 42280, 42340, 42620, 42625, 42880, 42930, 42965, 42985, 43180, 43190, 43240, 43255, 43480, 43490, 43495, 43510, 43525, 43780, 43790, 43795, 43840, 43850, 44410, 44415, 44445, 44710, 44715, 44720, 44725, 44800, 45010, 45025, 45085, 45310, 45345, 45395, 45610, 45640, 45700, 45805, 45920, 45970, 45985, 46210, 46245, 46285, 46510, 46535, 46570, 46585, 47155, 47185, 47440, 47445, 47510, 47740, 47745, 47755, 47785, 48075, 48115, 48340, 48365, 48370, 48375, 48445, 48640, 48650, 48700, 48900, 48945, 48985, 49240, 49300, 50170, 50245, 50465, 50470, 50545, 50805, 50885, 50910, 50920, 50945, 51005, 51100, 51160, 51205, 51220, 51370, 51380, 51430, 51540, 51670, 51705, 51915, 51970, 51990, 52030, 52040, 52365, 52390, 52440, 52635, 52645, 52900, 52990, 53200, 53255, 53310, 53340, 53360, 53500, 53535, 53585, 53800, 53830, 53840, 54055], "representative_frames_count": 452,