{"camera_movement_sequences": [[780, 815], [2010, 2020], [2295, 2305], [2595, 2610], [2895, 2930], [3195, 3215], [3505, 3545], [4740, 4750], [5025, 5035], [5325, 5340], [5625, 5660], [5925, 5960], [6225, 6275], [7470, 7480], [7755, 7765], [8055, 8070], [8355, 8385], [8655, 8690], [8955, 9005], [10200, 10210], [10485, 10495], [10785, 10800], [11085, 11115], [11385, 11420], [11685, 11735], [12930, 12940], [13215, 13225], [13515, 13520], [13830, 13840], [14115, 14150], [14415, 14465], [15660, 15670], [15945, 15955], [16245, 16260], [16545, 16580], [16845, 16880], [17145, 17185], [18390, 18400], [18675, 18685], [18975, 18990], [19275, 19310], [19575, 19610], [19875, 19895], [21120, 21130], [21405, 21415], [21705, 21720], [22005, 22035], [22305, 22340], [22605, 22655], [22905, 22930], [23210, 23250], [23835, 23860], [24135, 24145], [24435, 24450], [24735, 24765], [25035, 25070], [25335, 25385], [26580, 26590], [26865, 26875], [27165, 27180], [27465, 27500], [27765, 27800], [28065, 28115], [29310, 29320], [29595, 29605], [29895, 29900], [30195, 30225], [30495, 30530], [30795, 30845], [32040, 32050], [32325, 32335], [32625, 32640], [32925, 32960], [33225, 33260], [33525, 33575], [33825, 33850], [34125, 34140], [34755, 34780], [35055, 35080], [35355, 35370], [35655, 35685], [35955, 35990], [36255, 36305], [36560, 36580], [36855, 36865], [37480, 37510], [37785, 37795], [38085, 38100], [38385, 38420], [38685, 38720], [38985, 39035], [39290, 39310], [39585, 39600], [40210, 40240], [40515, 40525], [40815, 40830], [41115, 41140], [41415, 41450], [41715, 41765], [42020, 42040], [42315, 42330], [42940, 42970], [43245, 43255], [43545, 43560], [43845, 43880], [44145, 44180], [44445, 44500], [44750, 44770], [45045, 45060], [45670, 45700], [45975, 45985], [46275, 46290], [46575, 46600], [46875, 46910], [47175, 47235], [47475, 47500], [47775, 47785], [48400, 48430], [48705, 48715], [49005, 49020], [49305, 49330], [49605, 49655], [49905, 49955], [50210, 50235], [50510, 50520], [51130, 51160], [51435, 51445], [51735, 51750], [52035, 52070], [52335, 52370], [52635, 52685], [52940, 52960], [53235, 53250], [53860, 53890]], "foi_count_frames": 15085, "foi_count_seconds": 502.8333333333333, "foi_pct": 0.2790314823720913, "foi_sequences": [[160, 205], [275, 310], [460, 775], [1060, 1120], [1360, 1380], [1990, 2040], [2290, 2370], [2590, 2665], [2935, 2970], [3190, 3280], [3325, 3500], [3550, 3565], [3790, 3825], [4090, 4105], [4150, 4160], [4720, 4765], [5020, 5105], [5320, 5370], [5965, 6220], [6280, 6295], [6520, 6565], [6820, 6835], [7450, 7490], [7750, 7775], [7810, 7840], [8050, 8125], [8390, 8430], [8650, 8950], [9010, 9025], [9250, 9325], [9550, 9570], [10180, 10225], [10480, 10555], [10670, 10830], [11120, 11125], [11425, 11680], [11740, 12045], [12280, 12300], [12910, 12945], [13210, 13465], [13510, 13585], [13810, 13885], [14155, 14410], [14470, 14485], [14710, 14755], [15010, 15030], [15640, 15685], [15940, 16090], [16240, 16285], [16585, 16615], [16885, 17140], [17190, 17200], [17290, 17375], [17440, 17485], [17740, 17760], [18370, 18450], [18670, 18755], [18970, 19315], [19615, 20040], [20170, 20245], [20470, 20490], [20535, 20545], [21100, 21145], [21400, 21505], [21700, 21755], [22040, 22045], [22080, 22300], [22345, 22600], [22935, 22970], [23200, 23255], [24130, 24215], [24430, 24505], [24770, 24845], [24880, 24900], [24935, 24945], [25030, 25135], [25175, 25330], [25390, 25405], [25480, 25545], [25630, 25665], [25930, 25950], [26560, 26605], [26860, 26965], [27160, 27310], [27385, 27540], [27805, 27880], [27920, 28060], [28360, 28425], [28660, 28680], [29290, 29325], [29590, 29675], [29890, 29965], [30230, 30280], [30490, 30790], [30850, 30865], [31090, 31130], [31390, 31410], [32020, 32065], [32320, 32395], [32620, 32670], [32920, 32965], [33220, 33520], [33580, 33625], [33855, 33880], [34120, 34145], [34785, 34790], [34865, 35425], [35690, 35725], [35950, 36250], [36310, 36325], [36550, 36595], [36850, 36870], [37515, 37525], [37780, 37865], [37930, 37960], [38035, 38140], [38380, 38485], [38655, 38680], [38725, 38980], [39040, 39055], [39280, 39340], [39515, 39545], [39580, 39605], [39640, 39655], [40510, 40585], [40660, 40885], [41145, 41410], [41455, 41510], [41560, 41710], [41770, 41785], [42010, 42085], [42310, 42335], [42370, 42385], [42975, 42985], [43240, 43595], [43750, 43840], [43875, 43955], [44185, 44440], [44505, 44545], [44740, 44785], [45040, 45065], [45970, 45990], [46025, 46345], [46605, 46645], [46915, 47170], [47230, 47350], [47410, 47470], [47770, 47790], [48435, 48445], [48700, 48805], [49000, 49210], [49335, 49345], [49465, 49915], [49960, 50005], [50200, 50205], [50240, 50245], [50500, 50525], [51165, 51170], [51430, 51625], [51685, 51805], [52065, 52330], [52375, 52420], [52690, 52705], [52930, 53035], [53230, 53255], [53895, 53905], [53960, 54050]],