{"camera_movement_sequences": [[560, 585], [860, 875], [1160, 1180], [1460, 1490], [1760, 1790], [2065, 2110], [2365, 2385], [2665, 2675], [3290, 3315], [3590, 3600], [3890, 4010], [4190, 4220], [4490, 4530], [4790, 4840], [5095, 5115], [5395, 5405], [6020, 6050], [6320, 6330], [6620, 6640], [6920, 6950], [7220, 7255], [7520, 7560], [8760, 8775], [9050, 9065], [9350, 9390], [9650, 9685], [9950, 9990], [10250, 10305], [10555, 10575], [10855, 10865], [11480, 11510], [11780, 11790], [12080, 12100], [12380, 12415], [12685, 12715], [12980, 13035], [13285, 13305], [13585, 13595], [14210, 14240], [14510, 14520], [14810, 14820], [15115, 15140], [15410, 15445], [15710, 15735], [16950, 16965], [17240, 17250], [17540, 17560], [17840, 17875], [18140, 18170], [18445, 18495], [18745, 18765], [19050, 19055], [19670, 19695], [19970, 19980], [20270, 20290], [20570, 20600], [20870, 20905], [21170, 21220], [21475, 21495], [22400, 22430], [22700, 22710], [23305, 23330], [23600, 23665], [23900, 23955], [24205, 24225], [24505, 24580], [25130, 25155], [25430, 25440], [26035, 26060], [26330, 26365], [26630, 26660], [26730, 26850], [26885, 26895], [26945, 26950], [29695, 29745], [29995, 30025], [30295, 30310], [30595, 30615], [30895, 30925], [31200, 31230], [31500, 31550], [31800, 31820], [32095, 32100], [32230, 32255], [32725, 32755], [33025, 33035], [33325, 33340], [33625, 33660], [33925, 33960], [34225, 34280], [34530, 34550], [35105, 35170], [35250, 35335], [35460, 35485], [35755, 35770], [36055, 36075], [36355, 36390], [36660, 36695], [36955, 36980], [37565, 37570], [37720, 37745], [38185, 38195], [39090, 39095], [39690, 39740], [39990, 40010], [40290, 40300], [40935, 40945], [41215, 41230], [41515, 41535], [41815, 41845], [42120, 42150], [42415, 42470], [42720, 42730], [43655, 43675], [43945, 43960], [44245, 44265], [44545, 44575], [44845, 44880], [45145, 45170], [47280, 47305], [47580, 47600], [47880, 47900], [49115, 49135], [49405, 49415], [49705, 49715], [50010, 50040], [50305, 50365], [50605, 50630], [51855, 51865], [52135, 52150], [52435, 52455], [52735, 52765], [53040, 53065], [53340, 53360]], "foi_count_frames": 20485, "foi_count_seconds": 682.8333333333334, "foi_pct": 0.37891679923051313, "foi_sequences": [[135, 170], [880, 935], [975, 1230], [1495, 1535], [1770, 1845], [2010, 2015], [2115, 2130], [2355, 2400], [2655, 2680], [3320, 3660], [3920, 4185], [4225, 4255], [4500, 4550], [4845, 5130], [5390, 5410], [6275, 6400], [6645, 6990], [7230, 7305], [7565, 7590], [7815, 7850], [8115, 8145], [8745, 8790], [9045, 9125], [9380, 9750], [9955, 9960], [9995, 10050], [10545, 10590], [10850, 10870], [11775, 11850], [11910, 11925], [12075, 12120], [12340, 12375], [12420, 12680], [12720, 12760], [12810, 12975], [13040, 13050], [13280, 13315], [13575, 13600], [14245, 14250], [14505, 14610], [14825, 14855], [15105, 15110], [15145, 15180], [15420, 15510], [15555, 15600], [15740, 15860], [15945, 16050], [16310, 16385], [16940, 16970], [17080, 17320], [17565, 17610], [17880, 17915], [18145, 18330], [18370, 18440], [18500, 18505], [18735, 18770], [19035, 19060], [19665, 19710], [19815, 19825], [19985, 20070], [20265, 20315], [20605, 20640], [20880, 21165], [21470, 21510], [21765, 21790], [22695, 22770], [23000, 23060], [23295, 23370], [23645, 23730], [23960, 23970], [24200, 24235], [24495, 24645], [25160, 25205], [25425, 25510], [25730, 25785], [26025, 26230], [26325, 26725], [26780, 29150], [29210, 29320], [29430, 29570], [29660, 29690], [29730, 30030], [30140, 30150], [30290, 30390], [30590, 30640], [30890, 30990], [31235, 31290], [31530, 31590], [31790, 32720], [33020, 33115], [33320, 33390], [33620, 34045], [34285, 34290], [34520, 34670], [34760, 34915], [35005, 35030], [35075, 35455], [35490, 35495], [35600, 35610], [35775, 35850], [36050, 36100], [36395, 36450], [36690, 36750], [36905, 36920], [36985, 37050], [37250, 38215], [38485, 38550], [38780, 38850], [39080, 39160], [39220, 39230], [39385, 39685], [39745, 39750], [39830, 39885], [39980, 40050], [40090, 40535], [40580, 40605], [40745, 40750], [40790, 40960], [41025, 41300], [41360, 41560], [41850, 41910], [41955, 42115], [42155, 42210], [42475, 42510], [42710, 43375], [43645, 43680], [43940, 44045], [44270, 44310], [44570, 44815], [44855, 44990], [45040, 45045], [45120, 45140], [45175, 45210], [45440, 45480], [45585, 45780], [46165, 46410], [46520, 46530], [46675, 46760], [46955, 47020], [47275, 47370], [47575, 47970], [48175, 49010], [49105, 49140], [49400, 49495], [49720, 50255], [50310, 50600], [50635, 50705], [50900, 50940], [51205, 51235], [51280, 51290], [51835, 51870], [51980, 51990], [52130, 52220], [52460, 52480], [52760, 52830], [53070, 53215], [53335, 53430], [53630, 53695], [53935, 53955]],