{"camera_movement_sequences": [[295, 330], [595, 650], [900, 920], [1200, 1210], [1825, 1850], [2125, 2135], [2425, 2440], [2725, 2755], [3025, 3060], [3325, 3365], [4575, 4580], [5470, 5485], [5755, 5790], [6055, 6080], [7300, 7310], [7585, 7595], [7885, 8215], [8485, 8520], [8785, 8825], [10035, 10040], [10930, 10945], [11215, 11250], [11515, 11555], [12760, 12770], [13045, 13055], [13345, 13360], [13645, 13675], [13945, 13980], [14245, 14285], [15495, 15500], [16390, 16405], [16675, 16710], [16975, 17030], [17280, 17300], [17580, 17590], [18205, 18230], [18505, 18515], [18805, 18820], [19105, 19135], [19405, 19440], [19705, 19745], [20950, 20960], [21840, 21865], [22135, 22170], [22435, 22485], [22740, 22760], [23035, 23050], [23665, 23690], [23965, 23975], [24265, 24280], [24565, 24595], [24865, 24900], [25165, 25185], [26410, 26425], [26695, 26710], [26995, 27010], [27295, 27325], [27595, 27630], [27895, 27950], [28200, 28220], [28495, 28510], [29125, 29150], [29425, 29435], [29725, 29740], [30025, 30055], [30325, 30360], [30625, 30665], [31870, 31885], [32155, 32170], [32455, 32475], [32755, 32785], [33055, 33090], [33355, 33380], [34600, 34610], [34885, 34895], [35185, 35200], [35485, 35515], [35785, 35820], [36085, 36125], [37335, 37345], [37615, 37630], [37915, 37935], [38215, 38250], [38515, 38545], [38815, 38840], [40060, 40075], [40345, 40360], [40645, 40660], [40945, 40975], [41245, 41265], [41550, 41585], [43695, 43710], [43975, 44010], [44280, 44330], [44580, 44610], [44880, 44890], [45505, 45535], [45805, 45815], [46105, 46120], [46405, 46435], [46705, 46740], [47005, 47045]], "foi_count_frames": 10580, "foi_count_seconds": 352.6666666666667, "foi_pct": 0.19570123191890793, "foi_sequences": [[5, 35], [335, 590], [655, 690], [890, 930], [1195, 1215], [2120, 2190], [2420, 2490], [2760, 2800], [3035, 3110], [3370, 3390], [3620, 3655], [3920, 3935], [4550, 4590], [4855, 4940], [5155, 5200], [5450, 5520], [5795, 5850], [6085, 6150], [6350, 6390], [6650, 6670], [7280, 7315], [7640, 7670], [7905, 8180], [8220, 8275], [8435, 8480], [8525, 8560], [8830, 8850], [9085, 9115], [9380, 9400], [10015, 10050], [10160, 10170], [10310, 10400], [10615, 10660], [10910, 10985], [11255, 11310], [11560, 11575], [11810, 11850], [12115, 12170], [12740, 12775], [13040, 13125], [13365, 13490], [13680, 13720], [13985, 14030], [14290, 14310], [14545, 14575], [14840, 14855], [15470, 15510], [15620, 15630], [15770, 15860], [16075, 16130], [16195, 16310], [16370, 16445], [16715, 16770], [17270, 17310], [17575, 17630], [18500, 18570], [18825, 18870], [19130, 19175], [19445, 19485], [19750, 19770], [20000, 20045], [20305, 20320], [20930, 20970], [21080, 21090], [21230, 21320], [21535, 21580], [21830, 21910], [22175, 22230], [22490, 22495], [22730, 22770], [23030, 23055], [23960, 24030], [24285, 24330], [24600, 24640], [24905, 24945], [25190, 25230], [25460, 25495], [25765, 25780], [26395, 26430], [26690, 26780], [27015, 27040], [27330, 27380], [27635, 27690], [28190, 28230], [28490, 28515], [29420, 29490], [29745, 29790], [30060, 30100], [30335, 30405], [30670, 30690], [30920, 30965], [31220, 31240], [31855, 31890], [32000, 32010], [32150, 32240], [32480, 32500], [32790, 32795], [32945, 33050], [33095, 33150], [33185, 33300], [33385, 33415], [33650, 33690], [33955, 33970], [34585, 34615], [34880, 34900], [34940, 34970], [35205, 35250], [35475, 35560], [35600, 35780], [35825, 35865], [36130, 36150], [36380, 36415], [36685, 36700], [37315, 37350], [37460, 37470], [37610, 37700], [37940, 37970], [38210, 38260], [38295, 38310], [38520, 38610], [38845, 38910], [39110, 39150], [39410, 39430], [40040, 40080], [40365, 40415], [40640, 40710], [40980, 41015], [41270, 41325], [41590, 41610], [41845, 41875], [42140, 42190], [42235, 42245], [42770, 42810], [43070, 43420], [43670, 43720], [44015, 44070], [44335, 44370], [44570, 44615], [44875, 44930], [45800, 45870], [46100, 46170], [46440, 46480], [46745, 46790], [47050, 47070], [47300, 47345], [47495, 47610], [47645, 47920], [47955, 48010], [48055, 48270], [48310, 48500], [48535, 48630], [49320, 49365], [49475, 49495], [49535, 49770], [49910, 49960], [50155, 50190], [50335, 50955], [51265, 51400], [51445, 51810], [51850, 51895], [52605, 52915], [52975, 53675]],