{"camera_movement_sequences": [[135, 165], [435, 450], [735, 760], [1035, 1075], [1340, 1370], [1635, 1675], [2880, 2890], [3770, 3795], [4065, 4095], [4370, 4420], [4670, 4690], [4965, 4980], [5595, 5620], [7100, 7135], [8340, 8350], [9230, 9255], [9525, 9555], [9830, 9880], [10130, 10155], [10435, 10440], [11055, 11080], [11425, 11465], [11655, 11675], [11955, 11985], [12255, 12290], [12555, 12575], [13790, 13815], [14085, 14100], [14365, 14405], [14685, 14715], [14985, 15025], [15285, 15310], [16535, 16545], [16815, 16830], [17115, 17135], [17415, 17425], [19260, 19270], [19545, 19555], [19845, 19860], [20145, 20175], [20445, 20480], [20745, 20800], [21050, 21065], [21990, 22005], [22275, 22285], [22575, 22590], [22875, 22905], [23175, 23210], [23475, 23500], [24720, 24730], [25005, 25015], [25305, 25320], [25605, 25635], [25905, 25940], [26205, 26260], [26505, 26530], [26810, 26820], [27435, 27465], [27735, 27750], [28035, 28050], [28335, 28365], [28635, 28665], [28940, 28975], [30180, 30190], [30465, 30475], [30765, 30790], [31065, 31100], [31365, 31395], [31670, 31705], [32905, 32920], [33195, 33210], [33495, 33510], [33795, 33825], [34100, 34130], [34395, 34435], [35635, 35650], [35925, 35940], [36225, 36245], [36525, 36555], [36825, 36860], [37125, 37165], [38370, 38380], [38655, 38670], [38955, 38970], [39255, 39285], [39555, 39590], [39855, 39910], [40160, 40180], [40460, 40470], [41085, 41115], [41385, 41395], [41685, 41700], [41985, 42015], [42285, 42320], [42585, 42625], [43825, 43840], [44115, 44130], [44415, 44430], [44715, 44745], [45015, 45060], [45315, 45355], [46560, 46570], [46845, 46855], [47145, 47160], [47445, 47475], [47745, 47780], [48045, 48085], [49290, 49300], [49575, 49585], [49875, 49885], [50180, 50215], [50475, 50510], [50775, 50830], [51080, 51100], [51385, 51390], [52005, 52015], [52910, 52935], [53205, 53240], [53505, 53560], [53810, 53815]], "foi_count_frames": 11105, "foi_count_seconds": 370.16667, "foi_pct": 0.20541, "foi_sequences": [[430, 510], [765, 910], [1030, 1120], [1375, 1415], [1680, 1710], [1930, 1995], [2235, 2250], [2865, 2910], [3165, 3250], [3460, 3765], [3800, 3830], [3940, 4060], [4100, 4110], [4150, 4170], [4425, 4470], [4560, 4570], [4665, 4710], [5895, 5980], [6195, 6270], [6495, 6570], [6795, 6885], [7140, 7170], [7390, 7470], [7695, 7710], [8320, 8370], [8625, 8710], [8920, 8980], [9260, 9520], [9560, 9575], [9610, 9630], [9820, 9895], [10120, 10125], [10160, 10170], [10425, 10445], [11355, 11550], [11680, 11730], [11990, 12250], [12295, 12345], [12550, 12630], [12855, 12890], [13150, 13170], [13780, 13785], [13820, 13830], [14080, 14430], [14720, 14980], [15030, 15090], [15315, 15355], [15585, 15630], [15880, 15910], [16510, 16550], [16810, 16835], [16870, 16900], [17130, 17220], [17410, 17455], [17715, 17790], [18015, 18090], [18310, 18355], [18610, 18625], [19240, 19290], [19540, 19630], [19840, 19890], [20180, 20215], [20485, 20550], [21040, 21090], [21340, 21360], [21975, 22010], [22270, 22290], [22325, 22360], [22570, 22650], [22705, 22960], [23215, 23255], [23505, 23550], [23770, 23810], [24070, 24090], [24700, 24750], [25000, 25060], [25115, 25350], [25545, 25600], [25640, 25675], [25945, 26010], [26535, 26550], [26805, 26825], [27430, 27470], [27755, 27810], [28030, 28090], [28370, 28415], [28670, 28710], [28930, 28935], [28980, 29010], [29235, 29270], [29530, 29550], [30160, 30210], [30460, 30520], [30795, 31060], [31105, 31140], [31210, 31360], [31400, 31470], [31710, 31735], [31960, 32010], [32265, 32285], [32890, 32925], [33190, 33270], [33490, 33550], [33820, 34030], [34065, 34095], [34135, 34175], [34440, 34470], [34690, 34840], [34995, 35010], [35050, 35065], [35620, 35815], [35920, 35980], [36250, 36280], [36550, 36700], [36865, 36870], [36905, 36930], [36970, 37015], [37170, 37195], [37420, 37470], [37720, 37745], [38350, 38385], [38565, 38675], [38710, 38730], [38795, 39010], [39290, 39330], [39595, 39635], [39895, 39930], [40155, 40185], [40455, 40475], [41120, 41130], [41380, 41440], [41705, 41740], [41980, 42060], [42290, 42330], [42365, 42390], [42630, 42655], [42880, 42930], [43030, 43060], [43180, 43200], [43815, 43855], [44110, 44215], [44410, 44470], [44750, 44790], [45055, 45090], [45360, 45390], [45610, 45650], [45760, 45775], [45915, 45930], [46545, 46590], [46840, 46930], [47140, 47250], [47480, 47520], [47740, 47850], [48090, 48115], [48340, 48390], [48640, 48660], [49270, 49305], [49590, 49650], [49870, 50250], [50480, 50560], [50620, 50770], [50815, 50850], [51075, 51105], [51370, 51395], [51435, 51445], [52000, 52050], [52300, 52360], [52605, 52660], [52900, 53200], [53245, 53250], [53285, 53310], [53565, 53575], [53800, 53850]],