{"camera_movement_sequences": [[135, 160], [1640, 1675], [2880, 2890], [3770, 3795], [4065, 4095], [4370, 4420], [4670, 4695], [4970, 4980], [5595, 5620], [7100, 7135], [8340, 8350], [9230, 9255], [9525, 9555], [9830, 9865], [11070, 11080], [11425, 11465], [11655, 11675], [11955, 11985], [12255, 12290], [12555, 12595], [13790, 13810], [14690, 14715], [14985, 15025], [15285, 15310], [16535, 16545], [16815, 16830], [17115, 17135], [17415, 17425], [19260, 19270], [19545, 19555], [19845, 19860], [20145, 20175], [20445, 20480], [20745, 20800], [21050, 21080], [21345, 21360], [21975, 22005], [22275, 22285], [22575, 22590], [22875, 22905], [23175, 23210], [23475, 23530], [23775, 23805], [24075, 24090], [24700, 24730], [25005, 25015], [25305, 25320], [25605, 25610], [26220, 26260], [26505, 26530], [26810, 26820], [27435, 27460], [27735, 27750], [28035, 28050], [28335, 28365], [28635, 28670], [28935, 28975], [30180, 30190], [30465, 30480], [30765, 30805], [30935, 30985], [31065, 31100], [31365, 31395], [31665, 31705], [32905, 32920], [33195, 33210], [33495, 33510], [33795, 33825], [34095, 34130], [34395, 34435], [35635, 35650], [35925, 35940], [36225, 36245], [36525, 36555], [36830, 36860], [37125, 37180], [37430, 37450], [37725, 37745], [38355, 38380], [38655, 38665], [38955, 38970], [39255, 39285], [39555, 39590], [39855, 39910], [40160, 40180], [40460, 40470], [41085, 41115], [41385, 41395], [41685, 41700], [41985, 42015], [42285, 42320], [42585, 42640], [42890, 42910], [43190, 43200], [43815, 43840], [44115, 44130], [44415, 44430], [44715, 44745], [45015, 45055], [45315, 45355], [46560, 46570], [46845, 46855], [47145, 47180], [47445, 47475], [47745, 47780], [48045, 48100], [48350, 48365], [49290, 49300], [49575, 49585], [49875, 49900], [50175, 50215], [50475, 50510], [50775, 50830], [51080, 51100], [52910, 52935], [53205, 53240], [53505, 53560], [53810, 53835]], "foi_count_frames": 10970, "foi_count_seconds": 365.6666666666667, "foi_pct": 0.20291517146979393, "foi_sequences": [[430, 510], [735, 910], [1030, 1120], [1335, 1415], [1680, 1710], [1930, 2010], [2235, 2250], [2865, 2910], [3165, 3250], [3460, 3765], [3800, 3830], [3945, 4060], [4100, 4110], [4150, 4170], [4425, 4430], [4560, 4570], [4700, 4710], [4965, 4985], [5895, 5980], [6190, 6270], [6495, 6570], [6795, 6885], [7140, 7170], [7390, 7470], [7695, 7710], [8320, 8370], [8625, 8710], [8920, 8980], [9260, 9520], [9560, 9575], [9610, 9630], [9820, 9825], [9870, 9895], [10120, 10170], [10425, 10440], [11055, 11085], [11355, 11550], [11680, 11730], [11990, 12250], [12295, 12345], [12600, 12630], [12855, 12890], [13150, 13170], [13780, 13830], [14080, 14430], [14680, 14685], [14720, 14980], [15030, 15090], [15315, 15355], [15585, 15630], [15880, 15910], [16510, 16550], [16810, 16900], [17130, 17260], [17410, 17455], [17715, 17790], [18010, 18090], [18310, 18355], [18610, 18625], [18665, 18675], [19240, 19290], [19540, 19605], [19840, 19890], [20140, 20215], [20485, 20550], [21040, 21090], [21340, 21365], [22270, 22290], [22330, 22360], [22570, 22620], [22705, 22960], [23215, 23255], [23535, 23550], [24070, 24095], [24735, 24750], [25000, 25060], [25115, 25350], [25545, 25675], [25905, 26010], [26205, 26215], [26535, 26550], [26805, 26825], [27755, 27810], [28055, 28090], [28370, 28415], [28675, 28710], [28980, 29010], [29235, 29270], [29530, 29550], [30160, 30210], [30460, 30520], [30785, 31060], [31105, 31140], [31210, 31360], [31400, 31470], [31710, 31735], [31960, 32010], [32265, 32285], [32890, 32925], [33190, 33270], [33490, 33570], [33820, 34030], [34065, 34090], [34135, 34175], [34440, 34470], [34690, 34840], [34995, 35010], [35050, 35065], [35620, 35815], [35920, 35980], [36250, 36280], [36550, 36700], [36865, 36870], [36905, 36930], [36970, 37015], [37165, 37195], [37420, 37470], [37720, 37750], [38565, 38670], [38710, 38730], [38795, 39010], [39290, 39330], [39595, 39635], [39895, 39930], [40155, 40185], [40455, 40475], [41120, 41130], [41380, 41440], [41705, 41740], [41980, 42060], [42290, 42330], [42365, 42390], [42625, 42645], [42880, 42930], [43030, 43060], [43180, 43205], [43845, 43855], [44110, 44215], [44410, 44490], [44750, 44790], [45050, 45090], [45360, 45390], [45610, 45650], [45760, 45775], [45915, 45930], [46545, 46590], [46840, 46930], [47140, 47250], [47480, 47520], [47785, 47850], [48105, 48115], [48340, 48390], [48640, 48660], [49270, 49305], [49590, 49650], [49905, 50170], [50220, 50250], [50515, 50560], [50620, 50770], [50815, 50850], [51075, 51110], [51370, 51390], [51435, 51445], [52000, 52050], [52300, 52360], [52605, 52660], [52900, 53310], [53545, 53575], [53800, 53805], [53840, 53850]], "representative_frames": [5, 165, 430, 435, 440, 445, 510, 735, 745, 750, 755, 910, 1030, 1035, 1040, 1060, 1120, 1335, 1340, 1345, 1350, 1355, 1370, 1415, 1635, 1680, 1685, 1710, 1930, 1940, 1945, 1955, 1960, 2010, 2235, 2245, 2250, 2865, 2875, 2895, 2910, 3165, 3180, 3250, 3460, 3475, 3480, 3485, 3765, 3800, 3830, 3945, 4060, 4100, 4105, 4110, 4150, 4170, 4425, 4430, 4560, 4570, 4700, 4705, 4710, 4965, 4985, 5635, 5895, 5910, 5980, 6190, 6205, 6210, 6225, 6270, 6495, 6520, 6535, 6570, 6795, 6800, 6805, 6810, 6815, 6830, 6885, 7095, 7140, 7150, 7170, 7390, 7400, 7430, 7470, 7695, 7710, 7780, 8320, 8370, 8420, 8625, 8710, 8920, 8930, 8935, 8980, 9260, 9265, 9520, 9560, 9575, 9610, 9630, 9820, 9825, 9870, 9875, 9895, 10120, 10135, 10145, 10155, 10170, 10425, 10435, 10440, 11055, 11060, 11065, 11085, 11120, 11355, 11360, 11375, 11550, 11680, 11730, 11990, 12250, 12295, 12345, 12600, 12630, 12695, 12855, 12890, 12965, 13150, 13170, 13225, 13780, 13785, 13830, 14080, 14085, 14090, 14100, 14390, 14430, 14680, 14685, 14720, 14980, 15030, 15090, 15315, 15320, 15325, 15330, 15355, 15585, 15590, 15595, 15610, 15630, 15880, 15910, 16210, 16510, 16515, 16550, 16810, 16900, 17130, 17140, 17260, 17410, 17440, 17455, 17715, 17725, 17790, 18010, 18040, 18055, 18065, 18090, 18310, 18320, 18325, 18355, 18610, 18620, 18625, 18665, 18675, 19240, 19245, 19250, 19255, 19290, 19540, 19605, 19840, 19870, 19890, 20140, 20150, 20215, 20290, 20485, 20550, 20815, 21040, 21090, 21340, 21365, 22270, 22290, 22330, 22360, 22570, 22620, 22705, 22730, 22910, 22960, 23215, 23255, 23535, 23550, 23745, 24070, 24095, 24735, 24750, 25000, 25060, 25115, 25120, 25350, 25545, 25565, 25630, 25675, 25905, 25915, 25920, 25925, 25935, 26010, 26205, 26215, 26500, 26535, 26550, 26805, 26825, 26850, 27755, 27810, 28055, 28090, 28370, 28375, 28415, 28675, 28705, 28710, 28980, 29010, 29235, 29270, 29530, 29540, 29550, 30160, 30175, 30210, 30460, 30520, 30560, 30785, 31060, 31105, 31140, 31200, 31210, 31360, 31400, 31470, 31710, 31725, 31735, 31960, 31970, 32010, 32265, 32270, 32285, 32890, 32895, 32925, 33190, 33270, 33490, 33570, 33820, 33835, 34030, 34065, 34090, 34135, 34175, 34440, 34470, 34690, 34715, 34840, 34995, 35010, 35050, 35065, 35620, 35660, 35670, 35815, 35920, 35980, 36250, 36280, 36310, 36550, 36700, 36825, 36865, 36870, 36905, 36930, 36970, 37015, 37165, 37195, 37420, 37470, 37720, 37750, 38305, 38385, 38565, 38670, 38710, 38730, 38795, 38800, 39010, 39290, 39330, 39595, 39635, 39895, 39930, 40155, 40185, 40455, 40475, 40630, 41120, 41130, 41380, 41440, 41705, 41740, 41980, 42060, 42130, 42290, 42330, 42365, 42390, 42625, 42645, 42880, 42930, 43030, 43060, 43180, 43185, 43205, 43845, 43855, 44110, 44215, 44410, 44490, 44750, 44790, 45050, 45090, 45360, 45390, 45610, 45620, 45635, 45640, 45650, 45760, 45775, 45915, 45930, 46530, 46545, 46555, 46590, 46840, 46930, 47140, 47250, 47480, 47520, 47785, 47850, 48105, 48115, 48340, 48390, 48640, 48650, 48660, 49270, 49280, 49305, 49590, 49650, 49905, 49920, 50170, 50220, 50250, 50515, 50555, 50560, 50620, 50770, 50815, 50850, 51075, 51110, 51370, 51380, 51390, 51435, 51445, 52000, 52030, 52050, 52300, 52310, 52360, 52605, 52660, 52900, 52940, 53310, 53545, 53575, 53800, 53805, 53840, 53850], "representative_frames_count": 481,