{"camera_movement_sequences": [[565, 590], [865, 875], [1165, 1185], [1465, 1495], [1765, 1800], [2065, 2090], [4200, 4225], [4500, 4530], [4795, 4820], [6045, 6055], [6325, 6335], [6625, 6645], [6925, 6955], [7225, 7255], [7530, 7580], [7830, 7850], [8130, 8480], [8755, 8785], [9055, 9070], [9355, 9375], [9655, 9685], [9955, 9990], [10255, 10280], [11500, 11515], [11785, 11800], [12085, 12100], [12385, 12415], [12685, 12720], [12985, 13040], [13290, 13300], [14230, 14245], [14515, 14530], [14815, 14835], [15115, 15155], [15720, 15740], [16955, 16975], [17245, 17255], [17545, 17565], [17845, 17875], [18145, 18180], [18445, 18465], [19695, 19705], [19975, 19990], [20275, 20295], [20575, 20615], [20880, 20905], [22420, 22435], [22705, 22715], [23005, 23025], [23305, 23335], [23605, 23640], [23905, 23925], [25150, 25160], [25440, 25450], [25735, 25755], [26035, 26075], [26340, 26365], [26640, 26690], [26940, 26970], [27240, 27255], [27865, 27890], [28165, 28175], [28770, 28795], [29065, 29100], [29365, 29415], [29670, 29690], [29970, 30025], [30595, 30625], [30900, 30910], [31195, 31215], [31495, 31525], [31800, 31830], [32095, 32150], [32400, 32410], [34230, 34260], [34530, 34555], [34830, 34875], [35130, 35150], [35430, 35440], [36055, 36085], [36360, 36370], [36655, 36675], [36955, 36995], [37260, 37295], [37560, 37610], [37860, 37885], [38160, 38175], [38785, 38815], [39085, 39100], [39385, 39405], [39685, 39715], [39985, 40020], [40285, 40310], [41535, 41545], [41820, 41830], [42115, 42135], [42415, 42455], [42720, 42750], [43015, 43070], [43320, 43345], [43620, 43635], [44245, 44275], [44545, 44560], [44845, 44860], [45145, 45175], [45445, 45495], [45745, 45785], [46995, 47005], [47275, 47290], [47575, 47590], [47875, 47905], [48175, 48210], [48475, 48515], [49715, 49735], [50005, 50020], [50305, 50320], [50605, 50635], [50905, 50940], [51205, 51245], [52450, 52465], [52735, 52750], [53035, 53055], [53335, 53365], [53635, 53670], [53935, 53960]], "foi_count_frames": 13915, "foi_count_seconds": 463.8333333333333, "foi_pct": 0.25767564164290213, "foi_sequences": [[880, 945], [1160, 1400], [1490, 1535], [1805, 1890], [1955, 1960], [2040, 2060], [2095, 2130], [2210, 2245], [2360, 2395], [2660, 2680], [3290, 3330], [3440, 3450], [3595, 3690], [3895, 3980], [4195, 4290], [4535, 4790], [4825, 4890], [5045, 5155], [5395, 5415], [6020, 6060], [6340, 6405], [6650, 6770], [6950, 6995], [7260, 7310], [7585, 7590], [7825, 7855], [8120, 8150], [8225, 8325], [8375, 8450], [8485, 8510], [8750, 8790], [8900, 8910], [9075, 9150], [9380, 9400], [9560, 9650], [9690, 9750], [9960, 10005], [10040, 10050], [10285, 10350], [10555, 10615], [10850, 10870], [11480, 11520], [11780, 11870], [12105, 12150], [12380, 12530], [12725, 13010], [13045, 13050], [13280, 13315], [13580, 13600], [14210, 14250], [14360, 14370], [14510, 14860], [15110, 15210], [15420, 15620], [15710, 15810], [16010, 16050], [16315, 16330], [16945, 17325], [17570, 18225], [18290, 18375], [18470, 18520], [18740, 19710], [19820, 19830], [19995, 20070], [20270, 20430], [20550, 20825], [20870, 20875], [20910, 21510], [21770, 21790], [22400, 22470], [22760, 22790], [23030, 23105], [23330, 23390], [23645, 23685], [23740, 23750], [23845, 23855], [23930, 23970], [24200, 24235], [24505, 24520], [25135, 25170], [25430, 25530], [25760, 25780], [26060, 26130], [26370, 26430], [26545, 26585], [26695, 26730], [26930, 26995], [27235, 27260], [28160, 28245], [28465, 28530], [28685, 28840], [29105, 29145], [29420, 29695], [29810, 29830], [29965, 30030], [30630, 30635], [30890, 30980], [31220, 31250], [31490, 31735], [31790, 31795], [31835, 31890], [31940, 32025], [32070, 32090], [32155, 32190], [32390, 32430], [32690, 32710], [32755, 32765], [33320, 33365], [33620, 33640], [33680, 33710], [33920, 34025], [34225, 34525], [34560, 34745], [34880, 34890], [35120, 35155], [35425, 35445], [36200, 36210], [36355, 36440], [36680, 36700], [36980, 37060], [37170, 37210], [37250, 37255], [37290, 37400], [37505, 37555], [37615, 37650], [37890, 37915], [38150, 38180], [38780, 38820], [39105, 39170], [39410, 39450], [39680, 39755], [39890, 39980], [40025, 40130], [40315, 40350], [40390, 40430], [40470, 40660], [40710, 40730], [40880, 40960], [41510, 41550], [41665, 41670], [41810, 41885], [42140, 42160], [42410, 42510], [42585, 42595], [42710, 42715], [42755, 42810], [42850, 42945], [43055, 43110], [43310, 43315], [43350, 43375], [43615, 43640], [44540, 44630], [44865, 44910], [45180, 45230], [45320, 45415], [45455, 45740], [45790, 45810], [46040, 46075], [46265, 46285], [46340, 46360], [46970, 47010], [47295, 47335], [47595, 47620], [47870, 48040], [48095, 48160], [48215, 48400], [48520, 48570], [48770, 48810], [49070, 49130], [49705, 49740], [50000, 50090], [50300, 50350], [50600, 50785], [50945, 50995], [51250, 51270], [51500, 51535], [51805, 51820], [52430, 52470], [52580, 52590], [52755, 52820], [53030, 53080], [53370, 53430], [53675, 53730], [53965, 53995]],