{"camera_movement_sequences": [[5, 50], [300, 330], [600, 610], [1225, 1255], [1525, 1535], [1825, 1840], [2125, 2160], [2425, 2440], [2730, 2775], [3030, 3050], [3335, 3345], [3955, 3985], [4255, 4270], [4555, 4575], [4855, 4895], [5160, 5185], [5460, 5495], [6700, 6710], [6985, 7000], [7285, 7300], [7585, 7615], [7880, 7925], [8185, 8225], [9430, 9445], [9715, 9730], [10015, 10030], [10315, 10345], [10610, 10650], [10915, 10940], [12160, 12170], [12445, 12455], [12745, 12760], [13045, 13075], [13345, 13380], [13645, 13685], [14890, 14905], [15175, 15190], [15475, 15485], [15790, 15805], [16075, 16110], [16375, 16425], [16680, 16690], [17620, 17630], [17905, 17915], [18205, 18220], [18505, 18535], [18805, 18840], [19105, 19145], [20350, 20365], [20635, 20650], [20935, 20950], [21235, 21265], [21535, 21570], [21835, 21875], [23080, 23090], [23365, 23375], [23665, 23680], [23965, 23995], [24265, 24300], [24565, 24605], [25810, 25825], [26095, 26110], [26395, 26410], [26695, 26725], [26995, 27030], [27295, 27320], [28540, 28550], [28825, 28835], [29125, 29140], [29425, 29455], [29725, 29760], [30025, 30055], [32160, 32190], [32455, 32490], [32755, 32780], [34000, 34010], [34285, 34295], [34585, 34600], [34885, 34920], [35185, 35205], [35490, 35515], [36730, 36745], [37015, 37030], [37315, 37330], [37615, 37645], [37915, 37950], [38215, 38240], [39460, 39470], [39745, 39755], [40045, 40060], [40345, 40375], [40645, 40680], [40945, 40975], [42190, 42205], [42475, 42490], [42775, 42790], [43075, 43105], [43375, 43410], [43675, 43715], [44920, 44930], [45205, 45215], [45505, 45520], [45805, 45835], [46105, 46140], [46405, 46445], [47655, 47660], [48540, 48565], [48835, 48870], [49135, 49175], [50380, 50390], [50665, 50675], [50965, 50980], [51265, 51300], [51565, 51600], [51865, 51905], [53110, 53125], [53395, 53410], [53695, 53710], [53995, 54025]], "foi_count_frames": 9235, "foi_count_seconds": 307.83333, "foi_pct": 0.17084, "foi_sequences": [[55, 90], [290, 355], [590, 615], [1260, 1290], [1520, 1605], [1820, 1890], [2150, 2200], [2445, 2520], [2720, 2725], [2780, 2790], [3020, 3055], [3320, 3350], [4250, 4340], [4580, 4610], [4850, 4950], [5190, 5250], [5500, 5515], [5600, 5650], [5755, 5795], [5830, 6110], [6680, 6715], [6980, 7050], [7280, 7350], [7580, 7660], [7895, 7980], [8230, 8250], [8480, 8515], [8780, 8800], [9410, 9450], [9560, 9570], [9710, 9810], [10035, 10060], [10340, 10410], [10655, 10710], [10945, 10970], [11210, 11250], [11510, 11530], [12140, 12175], [12440, 12510], [12765, 12810], [13040, 13120], [13355, 13420], [13690, 13710], [13940, 13975], [14240, 14260], [14870, 14910], [15020, 15030], [15170, 15260], [15490, 15520], [15770, 16070], [16115, 16175], [16405, 16470], [16670, 16710], [16970, 16990], [17600, 17635], [17900, 17970], [18200, 18270], [18540, 18580], [18815, 18890], [18950, 19100], [19150, 19170], [19400, 19435], [19700, 19715], [20330, 20370], [20480, 20490], [20655, 20730], [20955, 20980], [21270, 21330], [21380, 21530], [21575, 21630], [21880, 21895], [22135, 22170], [22430, 22450], [23060, 23095], [23360, 23380], [23425, 23435], [23685, 23730], [24000, 24040], [24275, 24345], [24610, 24630], [24860, 24895], [25160, 25180], [25790, 25830], [25940, 25950], [26090, 26180], [26415, 26440], [26690, 26790], [27035, 27290], [27325, 27390], [27590, 27630], [27890, 27910], [28525, 28555], [28820, 28855], [29145, 29190], [29460, 29720], [29765, 30020], [30060, 30090], [30320, 30355], [30620, 30670], [31255, 31290], [31400, 31410], [31550, 31625], [31855, 31900], [32150, 32205], [32495, 32550], [32785, 32815], [33050, 33090], [33355, 33370], [33985, 34015], [34280, 34350], [34410, 34430], [34605, 34650], [34880, 34960], [35195, 35350], [35405, 35550], [35780, 35815], [36085, 36100], [36710, 36750], [36860, 36870], [37010, 37100], [37335, 37360], [37640, 37710], [37955, 38010], [38245, 38310], [38510, 38550], [38810, 38860], [39440, 39475], [39760, 39810], [40065, 40110], [40380, 40420], [40655, 40720], [40980, 41010], [41240, 41275], [41540, 41560], [42175, 42210], [42470, 42560], [42795, 42820], [43110, 43170], [43415, 43470], [43720, 43730], [43970, 44010], [44275, 44290], [44900, 44970], [45200, 45270], [45525, 45570], [45800, 45875], [46115, 46250], [46450, 46470], [46700, 46735], [47000, 47020], [47630, 47670], [47780, 47790], [47935, 48030], [48235, 48280], [48530, 48630], [48875, 48930], [49180, 49230], [49430, 49470], [49730, 49750], [50360, 50395], [50660, 50730], [50985, 51030], [51260, 51335], [51575, 51645], [51910, 51930], [52160, 52195], [52460, 52475], [53095, 53130], [53240, 53250], [53390, 53490], [53715, 53740], [53990, 54035]], "representative_frames": [10, 55, 90, 290, 325, 355, 590, 615, 1260, 1290, 1520, 1540, 1605, 1820, 1845, 1890, 2150, 2165, 2200, 2445, 2450, 2460, 2520, 2720, 2725, 2780, 2790, 3020, 3055, 3320, 3325, 3350, 3990, 4250, 4340, 4580, 4605, 4610, 4850, 4880, 4950, 4955, 5155, 5190, 5195, 5250, 5455, 5500, 5515, 5600, 5650, 5755, 5775, 5780, 5795, 5830, 6070, 6110, 6680, 6695, 6715, 6740, 6980, 7050, 7280, 7350, 7580, 7620, 7660, 7895, 7930, 7980, 8230, 8235, 8250, 8480, 8485, 8490, 8515, 8780, 8785, 8795, 8800, 9410, 9450, 9490, 9560, 9570, 9710, 9810, 10035, 10060, 10340, 10410, 10655, 10710, 10840, 10945, 10950, 10955, 10965, 10970, 11210, 11225, 11240, 11250, 11510, 11530, 11645, 12140, 12145, 12175, 12245, 12440, 12510, 12765, 12810, 13040, 13055, 13080, 13120, 13355, 13420, 13690, 13710, 13745, 13940, 13950, 13965, 13975, 14240, 14250, 14260, 14870, 14880, 14910, 15020, 15030, 15170, 15260, 15490, 15520, 15770, 15780, 15810, 16070, 16115, 16175, 16405, 16470, 16670, 16675, 16710, 16970, 16975, 16990, 17600, 17605, 17635, 17900, 17970, 18200, 18270, 18540, 18580, 18815, 18890, 18950, 19100, 19150, 19170, 19400, 19425, 19435, 19700, 19715, 19765, 20330, 20370, 20480, 20490, 20655, 20730, 20955, 20980, 21270, 21330, 21345, 21380, 21530, 21575, 21630, 21880, 21895, 22135, 22145, 22160, 22170, 22430, 22445, 22450, 23060, 23065, 23075, 23095, 23360, 23380, 23425, 23435, 23685, 23730, 24000, 24040, 24275, 24345, 24610, 24630, 24860, 24875, 24895, 25160, 25175, 25180, 25790, 25795, 25800, 25830, 25940, 25950, 26050, 26090, 26180, 26415, 26440, 26690, 26785, 26790, 27035, 27045, 27290, 27325, 27340, 27390, 27590, 27630, 27890, 27900, 27910, 28525, 28535, 28555, 28820, 28855, 29145, 29190, 29460, 29720, 29765, 30020, 30060, 30075, 30090, 30320, 30325, 30345, 30355, 30620, 30630, 30670, 31255, 31280, 31290, 31400, 31410, 31550, 31555, 31560, 31565, 31625, 31855, 31865, 31900, 32150, 32205, 32495, 32550, 32785, 32815, 32865, 33050, 33060, 33090, 33355, 33370, 33420, 33985, 33990, 34015, 34280, 34350, 34410, 34430, 34605, 34650, 34880, 34910, 34960, 35195, 35210, 35215, 35350, 35405, 35495, 35525, 35550, 35780, 35795, 35815, 36085, 36095, 36100, 36710, 36720, 36725, 36750, 36860, 36870, 37010, 37100, 37335, 37360, 37640, 37650, 37710, 37955, 38010, 38245, 38255, 38310, 38510, 38525, 38550, 38810, 38820, 38860, 39440, 39445, 39450, 39475, 39485, 39760, 39810, 40065, 40110, 40380, 40420, 40655, 40720, 40980, 41010, 41240, 41255, 41260, 41275, 41540, 41545, 41560, 41735, 42175, 42180, 42210, 42470, 42560, 42795, 42820, 43110, 43170, 43415, 43470, 43720, 43730, 43970, 44010, 44275, 44290, 44320, 44900, 44905, 44970, 45200, 45270, 45525, 45570, 45800, 45875, 46115, 46250, 46450, 46470, 46700, 46720, 46735, 47000, 47020, 47075, 47630, 47650, 47670, 47780, 47790, 47935, 48030, 48235, 48245, 48250, 48280, 48530, 48630, 48875, 48930, 49180, 49230, 49430, 49440, 49470, 49730, 49735, 49750, 50030, 50360, 50365, 50370, 50375, 50395, 50660, 50730, 50985, 51030, 51260, 51335, 51575, 51645, 51910, 51930, 52160, 52195, 52460, 52475, 52520, 53095, 53130, 53135, 53240, 53250, 53390, 53490, 53715, 53740, 53990, 54035], "representative_frames_count": 460,