{"camera_movement_sequences": [[1210, 1265], [1510, 1540], [1810, 1820], [2110, 2125], [2220, 2245], [2500, 2510], [4825, 4830], [5710, 5715], [6310, 6360], [6610, 6630], [6910, 6920], [7535, 7560], [8440, 8475], [8740, 8765], [9040, 9060], [11170, 11200], [11470, 11495], [11770, 11790], [12085, 12095], [12370, 12385], [12995, 13025], [13300, 13335], [13595, 13615], [13900, 13935], [14200, 14225], [14500, 14520], [15745, 15755], [16030, 16040], [16135, 16160], [16330, 16345], [16625, 16660], [16930, 16960], [17230, 17280], [17530, 17555], [17675, 17680], [17830, 17845], [18455, 18485], [18585, 18820], [18855, 18915], [19195, 19200], [21155, 21225], [21455, 21485], [21630, 21655], [24185, 24195], [24465, 24480], [24765, 24785], [25065, 25095], [25365, 25395], [25670, 25690], [26900, 26925], [27195, 27210], [27495, 27515], [27795, 27835], [28100, 28125], [28400, 28420], [29640, 29650], [31130, 31165], [32370, 32380], [33260, 33285], [33555, 33585], [33860, 33895], [35100, 35110], [35990, 36015], [36285, 36320], [36585, 36610], [37830, 37845], [38115, 38130], [38415, 38435], [38715, 38745], [39015, 39050], [39315, 39340], [40560, 40575], [40845, 40860], [41145, 41165], [41445, 41485], [41750, 41780], [42045, 42085], [43290, 43300], [44180, 44205], [44475, 44505], [44780, 44815], [46020, 46030], [46910, 46935], [47205, 47235], [47505, 47530], [48740, 48765], [49035, 49050], [49335, 49355], [49635, 49665], [49935, 49970], [50240, 50275], [51480, 51495], [51765, 51780], [52065, 52085], [52365, 52395], [52665, 52705], [52965, 52990]], "foi_count_frames": 19540, "foi_count_seconds": 651.33333, "foi_pct": 0.36104, "foi_sequences": [[1250, 1270], [1805, 1890], [2130, 2165], [2200, 2310], [2495, 2735], [2770, 2835], [2905, 2920], [2970, 4165], [4505, 4590], [4805, 4840], [5105, 5190], [5405, 5460], [5705, 5790], [6005, 6090], [6150, 6305], [6365, 6390], [6605, 6710], [6900, 6930], [7565, 7570], [7635, 7920], [8135, 8435], [8480, 8735], [8770, 8850], [8920, 8930], [8965, 10050], [10260, 10470], [10565, 10650], [10865, 11385], [11500, 11550], [11760, 12215], [12360, 12390], [13030, 14195], [14230, 14275], [14495, 14570], [14625, 14685], [14720, 14850], [15095, 15110], [15725, 15840], [15875, 15900], [16020, 16240], [16325, 16665], [16700, 16925], [16965, 17010], [17285, 17525], [17655, 17745], [17825, 17850], [18430, 18450], [18490, 18535], [18705, 19810], [19890, 20410], [20550, 20590], [20650, 20800], [20845, 20890], [21010, 21045], [21490, 22155], [23860, 23925], [24165, 24210], [24460, 24535], [24790, 24810], [25100, 25360], [25400, 25470], [25665, 25870], [25960, 26010], [26265, 26280], [26930, 27790], [27840, 27870], [28130, 28185], [28395, 28470], [28695, 28725], [28990, 29015], [29620, 29670], [29920, 30010], [30225, 30270], [30520, 30930], [31170, 31180], [31420, 31685], [31725, 31740], [32355, 32385], [32650, 32730], [32955, 33030], [33250, 33255], [33290, 33340], [33520, 33540], [33590, 33635], [33900, 33930], [34150, 34215], [34455, 34470], [35085, 35130], [35385, 35470], [35685, 35740], [36020, 36070], [36220, 36280], [36325, 36390], [36615, 36640], [36880, 36945], [37185, 37200], [37570, 37850], [38110, 38200], [38440, 38710], [38750, 38790], [38920, 39010], [39055, 39090], [39150, 39185], [39345, 39390], [39610, 40590], [40840, 40930], [41170, 41200], [41440, 41530], [41785, 41790], [41825, 41850], [42090, 42100], [42340, 42415], [42645, 42735], [43275, 43305], [43570, 43650], [43875, 43920], [44170, 44175], [44210, 44470], [44510, 44515], [44550, 44555], [44820, 44850], [45070, 45220], [45265, 45295], [45375, 45420], [45475, 45520], [45580, 45620], [45765, 45770], [46005, 46050], [46305, 46390], [46600, 46650], [46750, 46830], [46940, 46950], [47240, 47370], [47535, 47710], [47805, 47950], [48100, 48120], [49030, 49215], [49360, 49410], [49630, 49675], [49975, 50015], [50280, 50310], [50530, 50610], [50835, 50850], [51460, 51510], [51785, 51810], [51960, 51970], [52060, 52125], [52400, 52440], [52710, 52770], [52995, 53020], [53265, 53310], [53565, 53580]],