{"camera_movement_sequences": [[105, 120], [730, 760], [1035, 1045], [1335, 1350], [1635, 1665], [1935, 1970], [2235, 2285], [2535, 2560], [2835, 2850], [3460, 3490], [3765, 3775], [4065, 4080], [4365, 4395], [4665, 4700], [4965, 4980], [7110, 7125], [7395, 7425], [7695, 7715], [8940, 8950], [9225, 9240], [9525, 9540], [9825, 9830], [10435, 10475], [10725, 10750], [11025, 11040], [11650, 11680], [11955, 11965], [12255, 12270], [12555, 12585], [12855, 12890], [13155, 13205], [13455, 13480], [13755, 13770], [14380, 14410], [14685, 14695], [14985, 15005], [15285, 15315], [15585, 15620], [15885, 15920], [17130, 17140], [17415, 17425], [17715, 17730], [18015, 18055], [18315, 18350], [18615, 18665], [18915, 18940], [19215, 19230], [19840, 19870], [20145, 20155], [20445, 20465], [20745, 20775], [21045, 21080], [21345, 21380], [23500, 23505], [23775, 23805], [24075, 24125], [24375, 24400], [24675, 24690], [25300, 25330], [25605, 25615], [25905, 25920], [26205, 26235], [26505, 26520], [26815, 26855], [27105, 27130], [27405, 27420], [28030, 28060], [28335, 28345], [28635, 28650], [28935, 28965], [29235, 29250], [29550, 29585], [29835, 29860], [30135, 30150], [30760, 30790], [31065, 31075], [31365, 31380], [31665, 31695], [31965, 32000], [32265, 32315], [32565, 32590], [32865, 32880], [33490, 33520], [33795, 33805], [34095, 34110], [34395, 34405], [35010, 35045], [35295, 35320], [35595, 35625], [36220, 36250], [36525, 36535], [36825, 36840], [37125, 37155], [37425, 37460], [37725, 37775], [38025, 38050], [38325, 38340], [38950, 38965], [40470, 40505], [41700, 41710], [41985, 41995], [42285, 42300], [42585, 42615], [42885, 42900], [43195, 43235], [45315, 45340], [45615, 45630], [45925, 45965], [46215, 46240], [46520, 46530], [47140, 47170], [47445, 47455], [47745, 47760], [48045, 48050], [48655, 48695], [50775, 50810], [51075, 51110], [51375, 51425], [51675, 51700], [51975, 51985], [52570, 52630], [52905, 52915], [53205, 53220], [53505, 53510]], "foi_count_frames": 9425, "foi_count_seconds": 314.16667, "foi_pct": 0.17434, "foi_sequences": [[100, 125], [1030, 1115], [1330, 1405], [1670, 1715], [1975, 2020], [2290, 2305], [2565, 2570], [2830, 2855], [3495, 3505], [3760, 3845], [4060, 4120], [4400, 4405], [4440, 4465], [4705, 4765], [4960, 5020], [5260, 5305], [5560, 5580], [6190, 6225], [6490, 6565], [6790, 6865], [7090, 7170], [7430, 7475], [7690, 7765], [7990, 8030], [8290, 8310], [8920, 8965], [9220, 9325], [9520, 9565], [9820, 9865], [10120, 10170], [10205, 10225], [10420, 10430], [10755, 10765], [11020, 11045], [11950, 12035], [12250, 12295], [12590, 12700], [12850, 12985], [13210, 13225], [13300, 13345], [13420, 13450], [13750, 13775], [14415, 14425], [14680, 14765], [14980, 15360], [15625, 15630], [15665, 15685], [15925, 15940], [16180, 16225], [16480, 16540], [17110, 17185], [17410, 17495], [17710, 17785], [18050, 18090], [18355, 18460], [18670, 18685], [19210, 19235], [19875, 19885], [20140, 20225], [20440, 20845], [21085, 21260], [21385, 21400], [21640, 21685], [21940, 21960], [22570, 22605], [22870, 22945], [23170, 23230], [23470, 23550], [23810, 23855], [24130, 24145], [24670, 24725], [25335, 25345], [25600, 25680], [25900, 25945], [26240, 26305], [26500, 26605], [26800, 26810], [27135, 27145], [27400, 27425], [28330, 28350], [28385, 28420], [28630, 28705], [28970, 29010], [29230, 29320], [29355, 29485], [29530, 29545], [29590, 29605], [30130, 30155], [30795, 30805], [31060, 31150], [31360, 31415], [31700, 31705], [32005, 32065], [32595, 32605], [32860, 32885], [33790, 33865], [34090, 34165], [34390, 34470], [34690, 34775], [34990, 35005], [35050, 35065], [35590, 35630], [36255, 36265], [36520, 36605], [36820, 36865], [37160, 37165], [37505, 37525], [38055, 38065], [38320, 38345], [38970, 38985], [39250, 39275], [39310, 39340], [39550, 39625], [39850, 39935], [40150, 40235], [40410, 40465], [40510, 40525], [40750, 40825], [41050, 41070], [41115, 41125], [41680, 41725], [41980, 42050], [42280, 42340], [42620, 42625], [42880, 42930], [42965, 42985], [43180, 43190], [43240, 43255], [43480, 43525], [43780, 43795], [44410, 44445], [44710, 44735], [44770, 44800], [45010, 45060], [45345, 45395], [45610, 45700], [45805, 45920], [45970, 45985], [46245, 46285], [46510, 46535], [46570, 46585], [47175, 47185], [47440, 47510], [47740, 47800], [48040, 48115], [48340, 48390], [48425, 48445], [48640, 48650], [48700, 48985], [49240, 49300], [49870, 49905], [50170, 50245], [50465, 50545], [50805, 50885], [50920, 50945], [51005, 51070], [51115, 51160], [51205, 51220], [51430, 51670], [51705, 51915], [51970, 51990], [52030, 52040], [52365, 52440], [52560, 52595], [52635, 52645], [52900, 52990], [53200, 53255], [53310, 53585], [53800, 54055]], "representative_frames": [5, 100, 125, 765, 1030, 1050, 1115, 1330, 1360, 1405, 1670, 1715, 1975, 1980, 2020, 2290, 2295, 2305, 2565, 2570, 2830, 2855, 2880, 3495, 3505, 3760, 3845, 4060, 4090, 4120, 4400, 4405, 4420, 4440, 4465, 4705, 4710, 4765, 4960, 4985, 4990, 5010, 5020, 5260, 5285, 5305, 5560, 5565, 5580, 6190, 6195, 6205, 6215, 6220, 6225, 6490, 6500, 6565, 6790, 6795, 6800, 6805, 6865, 7090, 7095, 7135, 7170, 7430, 7435, 7475, 7690, 7745, 7765, 7990, 7995, 8015, 8030, 8290, 8300, 8310, 8920, 8935, 8960, 8965, 9220, 9325, 9520, 9545, 9565, 9820, 9850, 9865, 10120, 10130, 10135, 10140, 10150, 10155, 10170, 10205, 10225, 10420, 10430, 10545, 10755, 10765, 11020, 11045, 11115, 11685, 11950, 12035, 12250, 12295, 12550, 12590, 12700, 12850, 12985, 13085, 13210, 13225, 13300, 13305, 13345, 13420, 13450, 13495, 13750, 13775, 13785, 14415, 14425, 14680, 14765, 14980, 15025, 15305, 15320, 15360, 15625, 15630, 15665, 15685, 15925, 15940, 16180, 16225, 16480, 16495, 16540, 17110, 17145, 17185, 17410, 17495, 17710, 17770, 17785, 18050, 18060, 18090, 18355, 18460, 18610, 18670, 18685, 18695, 19160, 19210, 19235, 19875, 19885, 20140, 20225, 20290, 20440, 20475, 20785, 20845, 21085, 21205, 21260, 21385, 21400, 21640, 21665, 21685, 21940, 21945, 21960, 22570, 22575, 22585, 22595, 22600, 22605, 22870, 22875, 22880, 22945, 23170, 23175, 23180, 23230, 23410, 23470, 23495, 23510, 23550, 23810, 23855, 24130, 24145, 24275, 24670, 24725, 24825, 25335, 25345, 25600, 25680, 25900, 25945, 26240, 26245, 26305, 26500, 26525, 26530, 26605, 26800, 26810, 27135, 27145, 27400, 27425, 27590, 28210, 28330, 28350, 28385, 28420, 28630, 28705, 28970, 29010, 29230, 29260, 29265, 29320, 29355, 29485, 29530, 29545, 29590, 29605, 30130, 30155, 30300, 30795, 30805, 31060, 31150, 31360, 31415, 31700, 31705, 31740, 32005, 32065, 32595, 32605, 32860, 32885, 33790, 33865, 34090, 34165, 34390, 34420, 34470, 34690, 34700, 34705, 34730, 34775, 34990, 35005, 35050, 35065, 35590, 35630, 36255, 36265, 36520, 36605, 36820, 36865, 37160, 37165, 37300, 37505, 37525, 38055, 38065, 38320, 38345, 38845, 38970, 38975, 38985, 39250, 39260, 39275, 39310, 39340, 39550, 39555, 39560, 39565, 39625, 39850, 39875, 39935, 40150, 40180, 40185, 40235, 40410, 40465, 40510, 40525, 40750, 40765, 40775, 40825, 41050, 41055, 41070, 41115, 41125, 41680, 41685, 41695, 41725, 41980, 42050, 42280, 42340, 42620, 42625, 42880, 42910, 42930, 42965, 42985, 43180, 43190, 43240, 43255, 43480, 43500, 43525, 43780, 43785, 43795, 44410, 44415, 44425, 44440, 44445, 44710, 44715, 44720, 44735, 44770, 44800, 45010, 45020, 45025, 45060, 45310, 45345, 45395, 45610, 45640, 45700, 45805, 45920, 45970, 45985, 46210, 46245, 46285, 46510, 46535, 46570, 46585, 47175, 47185, 47440, 47510, 47740, 47800, 48040, 48060, 48115, 48340, 48355, 48360, 48365, 48390, 48425, 48445, 48640, 48650, 48700, 48895, 48985, 49240, 49300, 49870, 49875, 49905, 50170, 50175, 50245, 50315, 50465, 50470, 50480, 50485, 50545, 50805, 50885, 50915, 50920, 50945, 51005, 51070, 51115, 51160, 51205, 51220, 51370, 51430, 51435, 51455, 51480, 51505, 51525, 51540, 51670, 51705, 51915, 51970, 51990, 52030, 52040, 52365, 52375, 52440, 52560, 52595, 52635, 52645, 52900, 52990, 53200, 53255, 53310, 53340, 53360, 53585, 53800, 53820, 53830, 53835, 54055],