{"camera_movement_sequences": [[105, 155], [405, 430], [705, 720], [1330, 1360], [1635, 1645], [1935, 1950], [2235, 2240], [4080, 4090], [4365, 4375], [4665, 4680], [4965, 4995], [5265, 5300], [5565, 5605], [10425, 10455], [10725, 10760], [11025, 11075], [11330, 11350], [11630, 11640], [12255, 12280], [12555, 12565], [12855, 12870], [13155, 13190], [13455, 13490], [13755, 13805], [14055, 14080], [14355, 14370], [14985, 15010], [15285, 15295], [15585, 15600], [15885, 15920], [16185, 16220], [16485, 16535], [17730, 17740], [18015, 18030], [18315, 18330], [18615, 18650], [18915, 18950], [19215, 19265], [20460, 20470], [20745, 20755], [21045, 21060], [21345, 21355], [21960, 21995], [22245, 22270], [22545, 22560], [23175, 23200], [23475, 23485], [23775, 23790], [24075, 24110], [24375, 24410], [24675, 24725], [24975, 25000], [25275, 25290], [25905, 25930], [26205, 26215], [26505, 26520], [26805, 26840], [27105, 27140], [27405, 27435], [28650, 28660], [28935, 28945], [29235, 29250], [29535, 29565], [29835, 29870], [30135, 30165], [31380, 31390], [31665, 31675], [31965, 31980], [32265, 32295], [32565, 32600], [32865, 32895], [34110, 34120], [34395, 34405], [34695, 34710], [34995, 35025], [35295, 35330], [35595, 35625], [36840, 36850], [37125, 37135], [37425, 37440], [37725, 37760], [38025, 38060], [38325, 38375], [38625, 38650], [38930, 38940], [39550, 39580], [39855, 39865], [40155, 40170], [40455, 40490], [40755, 40770], [41065, 41085], [42300, 42310], [42585, 42595], [42885, 42900], [43185, 43220], [43485, 43520], [43785, 43835], [45920, 45940], [46215, 46250], [46515, 46565], [48650, 48670], [48945, 48980], [49245, 49295], [50490, 50500], [50775, 50785], [51075, 51090], [51375, 51410], [51675, 51710], [51975, 52025], [52275, 52300], [52575, 52590], [53205, 53230], [53505, 53515], [53805, 53820]], "foi_count_frames": 9785, "foi_count_seconds": 326.1666666666667, "foi_pct": 0.18121377113543344, "foi_sequences": [[5, 100], [435, 445], [700, 725], [1630, 1655], [1690, 1720], [1930, 2005], [2230, 2305], [2530, 2610], [2830, 2905], [3130, 3205], [3430, 3450], [3495, 3505], [4060, 4105], [4360, 4430], [4660, 4710], [5000, 5035], [5305, 5310], [5345, 5365], [5610, 5630], [5860, 5905], [6160, 6175], [6790, 6825], [7090, 7115], [7150, 7180], [7390, 7465], [7690, 7765], [7990, 8365], [8590, 8625], [8890, 8905], [9520, 9565], [9820, 9890], [10120, 10170], [10460, 10465], [10765, 10910], [11005, 11020], [11080, 11085], [11320, 11365], [11620, 11645], [12550, 12635], [12850, 12925], [13195, 13450], [13495, 13540], [13600, 13630], [13810, 13825], [14350, 14375], [15015, 15025], [15280, 15385], [15580, 15635], [15925, 16230], [16265, 16285], [16780, 16840], [17080, 17100], [17145, 17155], [17710, 17745], [18010, 18095], [18310, 18360], [18610, 18695], [18910, 18995], [19270, 19285], [19510, 19550], [19810, 19830], [20440, 20485], [20740, 20845], [21040, 21085], [21340, 21690], [21725, 21745], [21940, 21955], [22000, 22005], [22275, 22305], [22540, 22565], [22605, 22615], [23470, 23555], [23770, 23845], [24115, 24150], [24415, 24460], [24730, 24745], [25005, 25010], [25270, 25295], [25935, 25945], [26200, 26285], [26500, 26555], [26645, 26650], [27145, 27150], [27185, 27205], [27440, 27460], [27700, 27765], [28000, 28020], [28630, 28665], [28930, 29040], [29230, 29305], [29570, 29610], [29830, 29920], [29965, 29980], [30170, 30205], [30430, 30465], [30730, 30750], [31360, 31405], [31660, 31730], [31960, 32010], [32300, 32340], [32560, 32665], [32705, 32710], [32900, 32965], [33160, 33205], [33460, 33480], [34090, 34125], [34390, 34475], [34690, 34750], [34990, 35035], [35335, 35385], [35430, 35590], [35630, 35665], [35890, 35925], [36190, 36210], [36820, 36865], [37120, 37205], [37420, 37475], [37765, 37800], [38020, 38200], [38355, 38395], [38620, 38680], [38920, 38945], [38980, 38995], [39850, 39925], [39990, 40000], [40150, 40225], [40485, 40525], [40750, 40840], [41025, 41125], [41350, 41385], [41650, 41670], [42280, 42325], [42580, 42665], [42880, 42925], [43215, 43285], [43480, 43780], [44080, 44140], [44380, 44400], [45010, 45045], [45310, 45385], [45610, 45685], [45910, 45955], [46210, 46510], [46570, 46585], [46810, 46845], [47110, 47125], [47740, 47785], [48040, 48115], [48340, 48385], [48640, 48715], [48940, 49240], [49300, 49315], [49540, 49585], [49840, 49860], [50470, 50505], [50770, 50855], [51070, 51145], [51415, 51455], [51670, 51970], [52030, 52045], [52270, 52335], [52570, 52595], [52635, 52645], [53235, 53245], [53500, 53605], [53800, 53850]], "representative_frames": [5, 100, 165, 435, 445, 700, 725, 1365, 1630, 1650, 1655, 1690, 1720, 1930, 1955, 2005, 2230, 2255, 2270, 2305, 2530, 2540, 2560, 2570, 2610, 2830, 2845, 2850, 2865, 2875, 2880, 2885, 2905, 3130, 3135, 3150, 3155, 3205, 3430, 3435, 3450, 3460, 3495, 3505, 4060, 4065, 4075, 4100, 4105, 4360, 4385, 4430, 4660, 4710, 4715, 5000, 5035, 5305, 5310, 5345, 5365, 5560, 5610, 5615, 5630, 5860, 5885, 5905, 6160, 6170, 6175, 6790, 6795, 6805, 6815, 6820, 6825, 7090, 7095, 7105, 7115, 7150, 7180, 7390, 7395, 7400, 7405, 7460, 7465, 7690, 7710, 7720, 7735, 7765, 7990, 8005, 8020, 8030, 8335, 8365, 8590, 8595, 8610, 8615, 8625, 8890, 8905, 9080, 9520, 9535, 9550, 9565, 9820, 9825, 9890, 9910, 10120, 10125, 10135, 10170, 10420, 10460, 10465, 10765, 10770, 10910, 11005, 11020, 11080, 11085, 11320, 11365, 11620, 11645, 12250, 12520, 12550, 12635, 12850, 12915, 12925, 13195, 13450, 13495, 13500, 13540, 13600, 13630, 13810, 13825, 13945, 14110, 14350, 14375, 15015, 15025, 15280, 15385, 15580, 15635, 15925, 15930, 16230, 16265, 16285, 16630, 16780, 16795, 16805, 16840, 17080, 17095, 17100, 17145, 17155, 17710, 17745, 18010, 18095, 18310, 18360, 18510, 18610, 18695, 18700, 18910, 18960, 18995, 19270, 19285, 19290, 19510, 19550, 19810, 19825, 19830, 20440, 20455, 20480, 20485, 20740, 20790, 20845, 21040, 21085, 21340, 21365, 21385, 21645, 21655, 21690, 21725, 21745, 21940, 21955, 22000, 22005, 22240, 22275, 22305, 22540, 22565, 22605, 22615, 23205, 23470, 23555, 23770, 23845, 24115, 24150, 24415, 24460, 24730, 24745, 25005, 25010, 25270, 25285, 25295, 25935, 25945, 25975, 26200, 26285, 26500, 26555, 26645, 26650, 26845, 27145, 27150, 27185, 27205, 27440, 27445, 27450, 27460, 27700, 27720, 27765, 28000, 28005, 28015, 28020, 28630, 28665, 28670, 28930, 29040, 29230, 29285, 29305, 29570, 29610, 29830, 29920, 29950, 29965, 29980, 30170, 30180, 30185, 30205, 30430, 30435, 30445, 30465, 30730, 30750, 30760, 31360, 31370, 31405, 31660, 31730, 31960, 32010, 32235, 32300, 32340, 32345, 32560, 32665, 32705, 32710, 32900, 32965, 33160, 33165, 33190, 33205, 33460, 33480, 34090, 34095, 34125, 34390, 34475, 34690, 34740, 34750, 34990, 35000, 35005, 35035, 35210, 35335, 35385, 35430, 35590, 35630, 35665, 35890, 35910, 35925, 36190, 36210, 36250, 36820, 36865, 37120, 37205, 37420, 37475, 37720, 37765, 37800, 38020, 38065, 38200, 38355, 38395, 38620, 38680, 38920, 38945, 38980, 38995, 39385, 39850, 39925, 39990, 40000, 40150, 40210, 40225, 40485, 40495, 40525, 40750, 40775, 40780, 40785, 40840, 41025, 41055, 41060, 41095, 41125, 41350, 41365, 41385, 41650, 41655, 41670, 42280, 42285, 42325, 42580, 42665, 42880, 42925, 43215, 43280, 43285, 43480, 43525, 43780, 44080, 44140, 44380, 44390, 44400, 45010, 45015, 45020, 45035, 45045, 45310, 45315, 45320, 45325, 45385, 45610, 45615, 45620, 45685, 45910, 45915, 45955, 46145, 46210, 46265, 46510, 46570, 46585, 46620, 46810, 46830, 46845, 47110, 47125, 47170, 47740, 47745, 47750, 47755, 47765, 47770, 47785, 48040, 48045, 48050, 48115, 48340, 48355, 48385, 48485, 48640, 48645, 48700, 48715, 48940, 49100, 49240, 49300, 49315, 49540, 49560, 49585, 49840, 49860, 50470, 50475, 50505, 50770, 50790, 50855, 51070, 51145, 51415, 51455, 51670, 51970, 52030, 52045, 52270, 52335, 52570, 52595, 52635, 52645, 53235, 53245, 53500, 53605, 53800, 53850, 53900], "representative_frames_count": 490,