{"camera_movement_sequences": [[615, 645], [915, 930], [1215, 1240], [1515, 1540], [1815, 1850], [2115, 2155], [2420, 2440], [2720, 2725], [4250, 4280], [4545, 4575], [6075, 6105], [6375, 6390], [6675, 6705], [6975, 7005], [7280, 7315], [7575, 7625], [7875, 7900], [8180, 8195], [8805, 8835], [9105, 9120], [9405, 9430], [9705, 9730], [10005, 10035], [10305, 10315], [11565, 11570], [11835, 11850], [12135, 12165], [12435, 12465], [12740, 12760], [14890, 14895], [15165, 15195], [15465, 15495], [15765, 15805], [16070, 16090], [16365, 16380], [16995, 17020], [17295, 17305], [17595, 17620], [17895, 17915], [18200, 18225], [18495, 18535], [18800, 18810]], "foi_count_frames": 4405, "foi_count_seconds": 146.83333, "foi_pct": 0.22875, "foi_sequences": [[650, 685], [970, 1010], [1245, 1310], [1545, 1585], [1810, 1965], [2065, 2070], [2130, 2205], [2415, 2450], [2715, 2735], [3350, 3410], [3645, 3745], [3945, 4000], [4035, 4040], [4075, 4080], [4245, 4315], [4540, 4705], [4845, 5005], [5140, 5185], [5445, 5480], [6110, 6145], [6395, 6470], [6670, 6745], [6780, 6785], [7000, 7045], [7270, 7445], [7590, 7720], [7905, 7910], [8175, 8205], [8840, 8870], [9125, 9205], [9435, 9460], [9495, 9500], [9735, 9745], [10015, 10045], [10085, 10225], [10320, 10450], [10600, 10645], [10905, 10930], [11535, 11605], [11890, 11905], [12130, 12225], [12450, 12520], [12570, 12585], [12730, 13115], [13160, 13180], [13330, 13365], [13630, 13655], [14260, 14300], [14385, 14410], [14560, 14635], [14860, 14920], [15160, 15210], [15295, 15310], [15500, 15680], [15810, 15955], [16060, 16100], [16360, 16385], [17290, 17315], [17350, 17360], [17395, 17440], [17590, 17680], [17890, 17965], [18020, 18040], [18190, 18195], [18230, 18490], [18540, 18710], [18790, 18825], [19090, 19110]], "representative_frames": [5, 650, 655, 685, 935, 970, 1010, 1245, 1310, 1545, 1550, 1585, 1810, 1825, 1860, 1965, 2065, 2070, 2130, 2165, 2205, 2415, 2450, 2715, 2735, 3350, 3365, 3370, 3410, 3645, 3650, 3655, 3695, 3745, 3945, 3960, 4000, 4035, 4040, 4075, 4080, 4245, 4285, 4315, 4540, 4585, 4705, 4845, 4855, 4880, 4895, 5005, 5140, 5160, 5170, 5185, 5445, 5455, 5480, 6110, 6145, 6395, 6430, 6470, 6670, 6700, 6745, 6780, 6785, 7000, 7045, 7270, 7275, 7285, 7320, 7445, 7590, 7630, 7720, 7905, 7910, 8175, 8200, 8205, 8840, 8845, 8870, 9125, 9205, 9435, 9460, 9495, 9500, 9635, 9735, 9740, 9745, 10015, 10045, 10085, 10150, 10225, 10320, 10335, 10350, 10450, 10465, 10600, 10615, 10630, 10645, 10905, 10915, 10930, 11535, 11540, 11560, 11605, 11890, 11905, 12130, 12225, 12450, 12460, 12475, 12520, 12570, 12585, 12730, 12735, 12770, 13035, 13045, 13070, 13080, 13115, 13160, 13180, 13330, 13340, 13360, 13365, 13630, 13640, 13655, 14260, 14265, 14280, 14285, 14290, 14300, 14385, 14410, 14560, 14565, 14570, 14575, 14635, 14860, 14870, 14880, 14920, 15160, 15190, 15200, 15210, 15295, 15310, 15500, 15680, 15810, 15815, 15955, 16060, 16100, 16125, 16360, 16385, 17025, 17290, 17315, 17350, 17360, 17395, 17440, 17590, 17615, 17680, 17890, 17920, 17935, 17965, 18020, 18040, 18190, 18195, 18230, 18235, 18490, 18540, 18545, 18710, 18790, 18820, 18825, 19090, 19100, 19110], "representative_frames_count": 208, "static_frames": [5, 655, 935, 1245, 1550, 1825, 1860, 2130, 2165, 2450, 2735, 3350, 3365, 3370, 3645, 3650, 3655, 3695, 3960, 4245, 4285, 4585, 4845, 4855, 4880, 4895, 5160, 5170, 5455, 6110, 6430, 6700, 7000, 7045, 7275, 7285, 7320, 7630, 8175, 8200, 8845, 9635, 9740, 10015, 10045, 10150, 10320, 10335, 10350, 10465, 10615, 10630, 10915, 11535, 11540, 11560, 12460, 12475, 12735, 12770, 13035, 13045, 13070, 13080, 13340, 13360, 13640, 14265, 14280, 14285, 14290, 14565, 14570, 14575, 14870, 14880, 15190, 15200, 15500, 15815, 16125, 16385, 17025, 17360, 17615, 17920, 17935, 18235, 18545, 18820, 19100], "static_frames_count": 91}