{"camera_movement_sequences": [], "foi_count_frames": 13520, "foi_count_seconds": 450.66667, "foi_pct": 0.25008, "foi_sequences": [[5175, 5345], [5445, 6370], [6405, 6595], [6645, 6700], [7180, 7525], [7660, 8775], [8815, 8920], [8955, 8980], [9100, 9235], [9365, 9370], [11125, 11140], [11495, 11510], [12390, 12405], [12725, 12735], [13360, 13420], [13455, 14005], [14045, 14065], [14130, 14810], [16655, 17560], [17770, 17905], [19295, 19300], [21200, 21385], [27425, 27435], [38055, 38385], [38455, 38575], [38675, 38905], [39550, 40420], [40470, 40490], [40570, 40960], [41730, 42100], [43505, 43805], [43850, 43895], [43980, 44020], [44060, 44090], [44345, 44990], [45665, 45725], [45905, 46140], [46535, 46545], [47885, 47945], [48005, 48035], [48190, 48195], [48605, 48640], [48840, 49850], [49995, 50085], [50225, 50320], [50365, 50575], [50610, 50960], [51200, 51275], [51365, 51395], [51450, 52600], [52635, 53405], [53465, 53660], [53790, 53795], [54000, 54040]], "representative_frames": [5, 5175, 5345, 5445, 6370, 6405, 6595, 6645, 6700, 7180, 7525, 7660, 8040, 8200, 8775, 8815, 8920, 8955, 8980, 9100, 9235, 9365, 9370, 11125, 11140, 11495, 11510, 12390, 12405, 12725, 12735, 13360, 13420, 13455, 13480, 14005, 14045, 14065, 14130, 14365, 14415, 14620, 14810, 16655, 17105, 17285, 17305, 17320, 17560, 17770, 17905, 19295, 19300, 21200, 21350, 21385, 27425, 27435, 38055, 38210, 38385, 38455, 38575, 38675, 38880, 38905, 39550, 39695, 39935, 39975, 40420, 40470, 40490, 40570, 40870, 40885, 40960, 41730, 41930, 41945, 42030, 42040, 42100, 43505, 43805, 43850, 43895, 43980, 44020, 44060, 44090, 44345, 44920, 44990, 45665, 45725, 45905, 46140, 46535, 46545, 47885, 47945, 48005, 48035, 48190, 48195, 48605, 48640, 48840, 49060, 49145, 49850, 49995, 50085, 50225, 50320, 50365, 50575, 50610, 50960, 51200, 51275, 51365, 51395, 51450, 52600, 52635, 53405, 53465, 53660, 53790, 53795, 54000, 54040], "representative_frames_count": 134, "static_frames": [5, 8040, 8200, 13480, 14365, 14415, 14620, 17105, 17285, 17305, 17320, 21350, 38210, 38880, 39695, 39935, 39975, 40870, 40885, 41930, 41945, 42030, 42040, 44920, 49060, 49145], "static_frames_count": 26}