{"camera_movement_sequences": [], "foi_count_frames": 7045, "foi_count_seconds": 117.41666666666667, "foi_pct": 0.06515847985127773, "foi_sequences": [[38475, 38955], [40395, 40730], [58335, 58780], [60710, 61095], [62150, 63075], [63375, 65270], [65390, 65475], [65550, 65570], [65870, 65920], [66565, 66890], [67035, 67395], [67790, 68030], [98800, 99315], [99990, 100395], [102830, 103035], [103560, 103935]], "representative_frames": [5, 38475, 38955, 40395, 40480, 40495, 40730, 58335, 58640, 58780, 60710, 60840, 61095, 62150, 62270, 62315, 62375, 63075, 63375, 64820, 65270, 65390, 65475, 65550, 65570, 65870, 65920, 66565, 66890, 67035, 67395, 67790, 68030, 98800, 98835, 98880, 98910, 99315, 99990, 100395, 102830, 103035, 103560, 103935], "representative_frames_count": 44, "static_frames": [5, 40480, 40495, 58640, 60840, 62270, 62315, 62375, 64820, 98835, 98880, 98910], "static_frames_count": 12}