{"camera_movement_sequences": [], "foi_count_frames": 14215, "foi_count_seconds": 236.91666666666666, "foi_pct": 0.13140015344653866, "foi_sequences": [[2730, 3255], [24700, 25490], [25565, 25590], [26670, 27090], [44030, 44770], [44970, 44980], [45090, 45150], [46650, 46660], [47250, 47765], [48410, 48965], [51220, 51845], [57495, 58710], [58875, 58985], [59730, 59910], [60100, 60425], [61830, 62080], [62465, 63175], [63400, 63470], [71355, 71550], [71670, 71850], [72365, 72950], [75270, 75710], [75795, 75890], [76050, 77355], [78470, 78760], [79170, 79555], [81975, 82500], [84270, 85215], [85530, 86430], [96760, 96870], [99450, 99620], [99725, 100395], [103770, 104055]], "representative_frames": [5, 2730, 3255, 24700, 25490, 25565, 25590, 26670, 27090, 44030, 44770, 44970, 44980, 45090, 45150, 46650, 46660, 47250, 47440, 47500, 47620, 47765, 48410, 48535, 48965, 51220, 51845, 57495, 58290, 58710, 58875, 58985, 59730, 59910, 60100, 60425, 61830, 62080, 62465, 63175, 63400, 63470, 71355, 71550, 71670, 71850, 72365, 72590, 72700, 72750, 72950, 75270, 75315, 75340, 75440, 75495, 75710, 75795, 75890, 76050, 77355, 78470, 78700, 78725, 78760, 79170, 79310, 79555, 81975, 82500, 84270, 85215, 85530, 86390, 86410, 86430, 96760, 96870, 99450, 99620, 99725, 100395, 103770, 104055], "representative_frames_count": 84, "static_frames": [5, 47440, 47500, 47620, 48535, 58290, 72590, 72700, 72750, 75315, 75340, 75440, 75495, 78700, 78725, 79310, 86390, 86410], "static_frames_count": 18}