{"camera_movement_sequences": [], "foi_count_frames": 110, "foi_count_seconds": 1.8333333333333333, "foi_pct": 0.001017378677592697, "foi_sequences": [[68985, 69070], [97275, 97300]], "representative_frames": [5, 68985, 69070, 97275, 97300], "representative_frames_count": 5, "static_frames": [5, 69070], "static_frames_count": 2}