{"camera_movement_sequences": [], "foi_count_frames": 1280, "foi_count_seconds": 42.66667, "foi_pct": 0.02369, "foi_sequences": [[40760, 40810], [40860, 40995], [41765, 42015], [43320, 43675], [44225, 44485], [45060, 45290]], "representative_frames": [5, 40760, 40810, 40860, 40995, 41765, 42015, 43320, 43675, 44225, 44485, 45060, 45290], "representative_frames_count": 13, "static_frames": [5], "static_frames_count": 1}