{"camera_movement_sequences": [], "foi_count_frames": 205, "foi_count_seconds": 6.83333, "foi_pct": 0.00379, "foi_sequences": [[34490, 34575], [35050, 35080], [48640, 48730]], "representative_frames": [5, 34490, 34540, 34575, 35050, 35080, 48640, 48730], "representative_frames_count": 8, "static_frames": [5, 34540], "static_frames_count": 2}