{"camera_movement_sequences": [], "foi_count_frames": 1955, "foi_count_seconds": 65.16667, "foi_pct": 0.03614, "foi_sequences": [[27270, 27420], [28585, 28915], [37735, 38050], [38130, 38195], [38230, 38935], [39155, 39265], [40215, 40495]], "representative_frames": [5, 27270, 27420, 28585, 28915, 37735, 38050, 38130, 38195, 38230, 38460, 38480, 38745, 38935, 39155, 39210, 39265, 40215, 40495], "representative_frames_count": 19, "static_frames": [5, 38460, 38480, 38745, 39210], "static_frames_count": 5}