{"camera_movement_sequences": [], "foi_count_frames": 6700, "foi_count_seconds": 111.66666666666667, "foi_pct": 0.06200201737907293, "foi_sequences": [[47405, 47690], [47955, 48650], [57735, 57770], [58995, 59040], [59260, 59485], [60555, 60600], [60770, 61635], [61755, 61780], [61850, 61860], [62970, 63230], [64540, 64890], [66230, 66950], [72445, 73045], [89080, 89175], [89490, 90185], [99930, 100455], [101945, 102160], [105380, 105520], [105990, 106730], [107740, 107870]], "representative_frames": [5, 47405, 47690, 47955, 48380, 48450, 48510, 48650, 57735, 57770, 58995, 59040, 59260, 59485, 60555, 60600, 60770, 60810, 60965, 61105, 61635, 61755, 61780, 61850, 61860, 62970, 63230, 64540, 64580, 64600, 64630, 64755, 64780, 64890, 66230, 66950, 72445, 72860, 72880, 72890, 72950, 72970, 72990, 73005, 73045, 89080, 89175, 89490, 90185, 99930, 100455, 101945, 102160, 105380, 105520, 105990, 106730, 107740, 107870], "representative_frames_count": 59, "static_frames": [5, 48380, 48450, 48510, 60810, 60965, 61105, 64580, 64600, 64630, 64755, 64780, 72860, 72880, 72890, 72950, 72970, 72990, 73005], "static_frames_count": 19}