{"camera_movement_sequences": [], "foi_count_frames": 8575, "foi_count_seconds": 142.91666666666666, "foi_pct": 0.07930929236688525, "foi_sequences": [[15530, 16080], [20715, 21060], [44750, 45480], [50615, 50620], [69110, 69840], [71185, 71725], [71990, 72325], [86940, 87685], [88275, 89785], [90400, 91575], [92450, 92495], [93465, 93505], [93575, 93855], [94020, 94095], [97045, 97080], [97170, 97475], [97550, 97825], [99075, 99930]], "representative_frames": [5, 15530, 15925, 15955, 16080, 20715, 21060, 44750, 45220, 45270, 45335, 45360, 45375, 45395, 45480, 50615, 50620, 69110, 69205, 69230, 69255, 69840, 71185, 71725, 71990, 72325, 86940, 87205, 87500, 87685, 88275, 88505, 88860, 88945, 89205, 89300, 89330, 89785, 90400, 90485, 90540, 91505, 91535, 91575, 92450, 92495, 93465, 93505, 93575, 93785, 93855, 94020, 94095, 97045, 97080, 97170, 97475, 97550, 97825, 99075, 99185, 99205, 99230, 99255, 99280, 99300, 99330, 99355, 99375, 99415, 99930], "representative_frames_count": 71, "static_frames": [5, 15925, 15955, 45220, 45270, 45335, 45360, 45375, 45395, 69205, 69230, 69255, 87205, 87500, 88505, 88860, 88945, 89205, 89300, 89330, 90485, 90540, 91505, 91535, 93785, 99185, 99205, 99230, 99255, 99280, 99300, 99330, 99355, 99375, 99415], "static_frames_count": 35}