{"camera_movement_sequences": [[90310, 90360]], "foi_count_frames": 145, "foi_count_seconds": 2.4166666666666665, "foi_pct": 0.0013411396912603939, "foi_sequences": [[90320, 90465]], "representative_frames": [5, 90320, 90465], "representative_frames_count": 3, "static_frames": [5], "static_frames_count": 1}