{"camera_movement_sequences": [], "foi_count_frames": 4555, "foi_count_seconds": 75.91666666666667, "foi_pct": 0.04210536046070937, "foi_sequences": [[23905, 23940], [26295, 26415], [35620, 36160], [36245, 36390], [36665, 36760], [37385, 37920], [42545, 42870], [48430, 48940], [49040, 49155], [49290, 50680], [50860, 51210], [74475, 74870]], "representative_frames": [5, 23905, 23940, 26295, 26415, 35620, 35830, 35860, 36160, 36245, 36390, 36665, 36760, 37385, 37830, 37865, 37920, 42545, 42690, 42720, 42870, 48430, 48940, 49040, 49155, 49290, 49830, 49855, 49915, 50230, 50360, 50415, 50680, 50860, 51210, 74475, 74870], "representative_frames_count": 37, "static_frames": [5, 35830, 35860, 37830, 37865, 42690, 42720, 49830, 49855, 49915, 50230, 50360, 50415], "static_frames_count": 13}