{"camera_movement_sequences": [], "foi_count_frames": 2420, "foi_count_seconds": 40.333333333333336, "foi_pct": 0.022394758516023357, "foi_sequences": [[81525, 81610], [81730, 81970], [83530, 84010], [86640, 87310], [88450, 88965], [90120, 90550]], "representative_frames": [5, 81525, 81610, 81730, 81970, 83530, 84010, 86640, 87310, 88450, 88965, 90120, 90550], "representative_frames_count": 13, "static_frames": [5], "static_frames_count": 1}