{"camera_movement_sequences": [], "foi_count_frames": 22165, "foi_count_seconds": 369.4166666666667, "foi_pct": 0.20511562913539574, "foi_sequences": [[220, 625], [5660, 6185], [9420, 9460], [9725, 9820], [10470, 11190], [11345, 12650], [20500, 21210], [21280, 21940], [22050, 22900], [47175, 47600], [50130, 50200], [50285, 52090], [52160, 52220], [52290, 52540], [52660, 52710], [52890, 53525], [53740, 53860], [54210, 54220], [54500, 54675], [54845, 56200], [56380, 57735], [65415, 66795], [66915, 67060], [67530, 67695], [68430, 68595], [68810, 70430], [70590, 72280], [72350, 72450], [73395, 73780], [74010, 74030], [74310, 74945], [75050, 75160], [75390, 75510], [75845, 75855], [76025, 76155], [76250, 76265], [76335, 77250], [77955, 78820], [80320, 80790], [89720, 90045], [90255, 90710], [90845, 90940], [99870, 100600]], "representative_frames": [5, 220, 625, 5660, 6185, 9420, 9460, 9725, 9820, 10470, 11190, 11345, 11840, 12385, 12405, 12450, 12555, 12650, 20500, 21210, 21280, 21755, 21940, 22050, 22555, 22620, 22900, 47175, 47600, 50130, 50200, 50285, 50605, 50860, 50910, 52090, 52160, 52220, 52290, 52540, 52660, 52710, 52890, 53525, 53740, 53860, 54210, 54220, 54500, 54675, 54845, 55205, 55325, 55350, 56200, 56380, 56900, 57185, 57735, 65415, 66190, 66235, 66270, 66320, 66355, 66405, 66460, 66795, 66915, 67060, 67530, 67695, 68430, 68595, 68810, 69050, 69095, 69170, 69235, 69300, 69350, 69725, 69880, 69925, 70105, 70305, 70430, 70590, 72280, 72350, 72450, 73395, 73780, 74010, 74030, 74310, 74945, 75050, 75160, 75390, 75510, 75845, 75855, 76025, 76155, 76250, 76265, 76335, 76715, 76780, 76790, 76820, 76915, 77170, 77250, 77955, 78080, 78145, 78175, 78200, 78245, 78270, 78315, 78820, 80320, 80425, 80465, 80790, 89720, 89910, 90045, 90255, 90350, 90370, 90385, 90400, 90710, 90845, 90940, 99870, 100280, 100335, 100365, 100390, 100600], "representative_frames_count": 145, "static_frames": [5, 11840, 12385, 12405, 12450, 12555, 21755, 22555, 22620, 50605, 50860, 50910, 55205, 55325, 55350, 56900, 57185, 66190, 66235, 66270, 66320, 66355, 66405, 66460, 69050, 69095, 69170, 69235, 69300, 69350, 69725, 69880, 69925, 70105, 70305, 76715, 76780, 76790, 76820, 76915, 77170, 78080, 78145, 78175, 78200, 78245, 78270, 78315, 80425, 80465, 89910, 90350, 90370, 90385, 90400, 100280, 100335, 100365, 100390], "static_frames_count": 59}