{"camera_movement_sequences": [], "foi_count_frames": 6740, "foi_count_seconds": 112.33333333333333, "foi_pct": 0.0624068295663929, "foi_sequences": [[10330, 11450], [11520, 11710], [11785, 12250], [12335, 13535], [34265, 34270], [36545, 36550], [80660, 80960], [81900, 82380], [82450, 82700], [82785, 84070], [92160, 92905], [93410, 94105]], "representative_frames": [5, 10330, 11450, 11520, 11710, 11785, 12250, 12335, 12970, 13320, 13535, 34265, 34270, 36545, 36550, 80660, 80960, 81900, 82380, 82450, 82700, 82785, 82820, 84070, 92160, 92905, 93410, 93765, 93830, 93855, 93915, 93935, 93985, 94105], "representative_frames_count": 34, "static_frames": [5, 12970, 13320, 82820, 93765, 93830, 93855, 93915, 93935, 93985], "static_frames_count": 10}