{"camera_movement_sequences": [], "foi_count_frames": 3970, "foi_count_seconds": 132.33333, "foi_pct": 0.07343, "foi_sequences": [[19235, 19480], [20195, 20380], [20535, 20540], [29165, 29390], [30325, 30555], [31080, 31545], [31685, 32740], [32775, 32840], [32885, 32975], [33275, 33460], [33515, 33725], [33875, 34025], [49370, 49670], [49775, 49810], [49850, 49880], [49990, 50200], [51420, 51520], [51785, 51970]], "representative_frames": [5, 19235, 19480, 20195, 20240, 20265, 20380, 20535, 20540, 29165, 29320, 29390, 30325, 30430, 30555, 31080, 31140, 31160, 31180, 31545, 31685, 32395, 32415, 32740, 32775, 32840, 32885, 32975, 33275, 33460, 33515, 33560, 33725, 33875, 34025, 49370, 49670, 49775, 49810, 49850, 49880, 49990, 50200, 51420, 51520, 51785, 51970], "representative_frames_count": 47, "static_frames": [5, 20240, 20265, 29320, 30430, 31140, 31160, 31180, 32395, 32415, 33560], "static_frames_count": 11}