{"camera_movement_sequences": [], "foi_count_frames": 2525, "foi_count_seconds": 84.16667, "foi_pct": 0.04668, "foi_sequences": [[11900, 11975], [13145, 13235], [17815, 18215], [18330, 18390], [18680, 18995], [21270, 21440], [24215, 24485], [24520, 24580], [24640, 25350], [25435, 25605], [37235, 37440]], "representative_frames": [5, 11900, 11975, 13145, 13235, 17815, 17915, 17935, 18215, 18330, 18390, 18680, 18930, 18945, 18995, 21270, 21335, 21345, 21360, 21440, 24215, 24290, 24485, 24520, 24580, 24640, 24915, 24940, 25040, 25065, 25185, 25290, 25350, 25435, 25605, 37235, 37440], "representative_frames_count": 37, "static_frames": [5, 17915, 17935, 18930, 18945, 21335, 21345, 21360, 24290, 24915, 24940, 25040, 25065, 25185, 25290], "static_frames_count": 15}