{"camera_movement_sequences": [], "foi_count_frames": 500, "foi_count_seconds": 8.333333333333334, "foi_pct": 0.00462444853451226, "foi_sequences": [[55500, 55760], [58040, 58280]], "representative_frames": [5, 55500, 55760, 58040, 58280], "representative_frames_count": 5, "static_frames": [5], "static_frames_count": 1}