{"camera_movement_sequences": [], "foi_count_frames": 6265, "foi_count_seconds": 208.83333, "foi_pct": 0.11582, "foi_sequences": [[16130, 16295], [17725, 19205], [19370, 20890], [20945, 21080], [21135, 21140], [21215, 21775], [21850, 21910], [22025, 22310], [22385, 22780], [22850, 23335], [23375, 23425], [23465, 23470], [41315, 41770], [43210, 43730], [45570, 45715]], "representative_frames": [5, 16130, 16295, 17725, 18780, 18870, 18980, 19205, 19370, 20400, 20440, 20640, 20760, 20890, 20945, 21080, 21135, 21140, 21215, 21775, 21850, 21910, 22025, 22095, 22310, 22385, 22780, 22850, 23335, 23375, 23425, 23465, 23470, 41315, 41565, 41685, 41770, 43210, 43305, 43730, 45570, 45715], "representative_frames_count": 42, "static_frames": [5, 18780, 18870, 18980, 20400, 20440, 20640, 20760, 22095, 41565, 41685, 43305], "static_frames_count": 12}