{"camera_movement_sequences": [], "foi_count_frames": 22940, "foi_count_seconds": 382.3333333333333, "foi_pct": 0.21216969876342245, "foi_sequences": [[10440, 10680], [10885, 11665], [11775, 12735], [12805, 12840], [13045, 13165], [13310, 13355], [14425, 15035], [15520, 17535], [17630, 17755], [18240, 18300], [18395, 18445], [22245, 22260], [22995, 23015], [25445, 25465], [26905, 27985], [28260, 28335], [28405, 29605], [33315, 35100], [35545, 35800], [42420, 42760], [76165, 76765], [76920, 77140], [77355, 77805], [79095, 80820], [81135, 81810], [83460, 84195], [87015, 87495], [87975, 88020], [88120, 88130], [88695, 88945], [89140, 89955], [91405, 91410], [91875, 92260], [97670, 98850], [98955, 99350], [99660, 99685], [100035, 100155], [100455, 100530], [100610, 100620], [100815, 101140], [101210, 101475], [101630, 101870], [102410, 102530], [102735, 102770], [102900, 102985], [103095, 104030], [104125, 105180], [105265, 106755], [106960, 107310], [108040, 108050]], "representative_frames": [5, 10440, 10680, 10885, 11665, 11775, 12735, 12805, 12840, 13045, 13165, 13310, 13355, 14425, 15035, 15520, 16055, 16725, 17275, 17305, 17535, 17630, 17755, 18240, 18300, 18395, 18445, 22245, 22260, 22995, 23015, 25445, 25465, 26905, 26975, 27160, 27985, 28260, 28335, 28405, 28800, 28820, 29155, 29190, 29605, 33315, 33765, 34385, 34485, 34560, 34600, 34625, 35100, 35545, 35620, 35800, 42420, 42760, 76165, 76765, 76920, 77140, 77355, 77805, 79095, 79575, 79665, 79785, 79895, 79965, 80115, 80255, 80820, 81135, 81385, 81735, 81760, 81810, 83460, 83850, 83890, 84050, 84075, 84195, 87015, 87495, 87975, 88020, 88120, 88130, 88695, 88945, 89140, 89810, 89955, 91405, 91410, 91875, 92260, 97670, 98130, 98285, 98850, 98955, 99350, 99660, 99685, 100035, 100155, 100455, 100530, 100610, 100620, 100815, 101140, 101210, 101475, 101630, 101870, 102410, 102530, 102735, 102770, 102900, 102985, 103095, 104030, 104125, 104700, 104730, 104845, 105180, 105265, 106755, 106960, 107310, 108040, 108050], "representative_frames_count": 138, "static_frames": [5, 16055, 16725, 17275, 17305, 26975, 27160, 28800, 28820, 29155, 29190, 33765, 34385, 34485, 34560, 34600, 34625, 35620, 79575, 79665, 79785, 79895, 79965, 80115, 80255, 81385, 81735, 81760, 83850, 83890, 84050, 84075, 89810, 98130, 98285, 104700, 104730, 104845], "static_frames_count": 38}