{"camera_movement_sequences": [], "foi_count_frames": 4480, "foi_count_seconds": 149.33333, "foi_pct": 0.08287, "foi_sequences": [[7740, 8045], [10360, 10535], [22370, 22765], [25310, 25320], [34555, 34925], [35095, 35110], [35595, 35865], [35995, 36165], [43475, 43845], [44140, 44895], [45185, 45790], [46230, 46270], [46735, 46930], [47000, 47050], [48520, 48545], [48585, 48740], [48775, 48915], [49540, 49975]], "representative_frames": [5, 7740, 7965, 7985, 8045, 10360, 10535, 22370, 22610, 22635, 22670, 22685, 22690, 22765, 25310, 25320, 34555, 34620, 34630, 34645, 34925, 35095, 35110, 35595, 35865, 35995, 36165, 43475, 43750, 43845, 44140, 44255, 44450, 44495, 44645, 44665, 44895, 45185, 45245, 45270, 45755, 45775, 45790, 46230, 46270, 46735, 46930, 47000, 47050, 48520, 48545, 48585, 48635, 48665, 48740, 48775, 48915, 49540, 49590, 49605, 49620, 49640, 49660, 49675, 49685, 49695, 49725, 49975], "representative_frames_count": 68, "static_frames": [5, 7965, 7985, 22610, 22635, 22670, 22685, 22690, 34620, 34630, 34645, 43750, 44255, 44450, 44495, 44645, 44665, 45245, 45270, 45755, 45775, 48635, 48665, 49590, 49605, 49620, 49640, 49660, 49675, 49685, 49695, 49725], "static_frames_count": 32}