{"camera_movement_sequences": [], "foi_count_frames": 2135, "foi_count_seconds": 71.16666666666667, "foi_pct": 0.03949169472087603, "foi_sequences": [[7120, 7400], [7670, 7885], [8030, 8335], [9805, 9840], [10035, 10075], [10630, 11050], [45415, 45725], [47810, 48060], [48285, 48565]], "representative_frames": [5, 7120, 7400, 7670, 7885, 8030, 8220, 8240, 8270, 8280, 8305, 8315, 8335, 9805, 9840, 10035, 10075, 10630, 11050, 45415, 45495, 45525, 45725, 47810, 48060, 48285, 48565], "representative_frames_count": 27, "static_frames": [5, 8220, 8240, 8270, 8280, 8305, 8315, 45495, 45525], "static_frames_count": 9}