{"camera_movement_sequences": [], "foi_count_frames": 3790, "foi_count_seconds": 63.166666666666664, "foi_pct": 0.03503387840748375, "foi_sequences": [[54545, 54820], [57160, 57820], [75460, 76085], [76275, 76370], [76490, 77860], [78305, 78520], [80430, 80980]], "representative_frames": [5, 54545, 54820, 57160, 57820, 75460, 76085, 76275, 76370, 76490, 76920, 76960, 77225, 77750, 77860, 78305, 78520, 80430, 80980], "representative_frames_count": 19, "static_frames": [5, 76920, 76960, 77225, 77750], "static_frames_count": 5}