{"camera_movement_sequences": [], "foi_count_frames": 1040, "foi_count_seconds": 34.66667, "foi_pct": 0.01924, "foi_sequences": [[37935, 38165], [38215, 38240], [39905, 39945], [40580, 40775], [41395, 41640], [41745, 41825], [42045, 42075], [42400, 42495], [44375, 44395], [46415, 46445], [46575, 46605], [46740, 46760]], "representative_frames": [5, 37935, 38165, 38215, 38240, 39905, 39945, 40580, 40775, 41395, 41640, 41745, 41825, 42045, 42075, 42400, 42495, 44375, 44395, 46415, 46445, 46575, 46605, 46740, 46760], "representative_frames_count": 25, "static_frames": [5], "static_frames_count": 1}