{"camera_movement_sequences": [], "foi_count_frames": 3070, "foi_count_seconds": 102.33333, "foi_pct": 0.05685, "foi_sequences": [[8750, 9190], [15485, 15530], [15910, 15965], [16070, 16085], [16325, 16355], [16715, 16780], [16955, 17495], [21750, 22385], [24820, 24830], [25395, 25400], [40125, 40420], [40475, 40505], [50105, 50185], [50320, 50365], [51070, 51345], [51470, 51725], [51810, 52020], [52145, 52150], [52410, 52415], [52655, 52685]], "representative_frames": [5, 8750, 9070, 9090, 9105, 9125, 9150, 9165, 9175, 9190, 15485, 15530, 15910, 15965, 16070, 16085, 16325, 16355, 16715, 16780, 16910, 16955, 17495, 21750, 22145, 22175, 22225, 22240, 22255, 22265, 22275, 22295, 22320, 22340, 22355, 22375, 22385, 24820, 24830, 25395, 25400, 40125, 40145, 40160, 40190, 40230, 40420, 40475, 40505, 50105, 50140, 50185, 50320, 50365, 51070, 51125, 51140, 51150, 51160, 51175, 51195, 51235, 51345, 51470, 51725, 51810, 52020, 52145, 52150, 52410, 52415, 52655, 52685], "representative_frames_count": 73, "static_frames": [5, 9070, 9090, 9105, 9125, 9150, 9165, 9175, 16910, 22145, 22175, 22225, 22240, 22255, 22265, 22275, 22295, 22320, 22340, 22355, 22375, 40145, 40160, 40190, 40230, 50140, 51125, 51140, 51150, 51160, 51175, 51195, 51235], "static_frames_count": 33}