{"camera_movement_sequences": [], "foi_count_frames": 8465, "foi_count_seconds": 141.08333333333334, "foi_pct": 0.07837890389903797, "foi_sequences": [[2650, 3140], [3310, 3370], [3475, 4720], [6790, 6850], [6945, 7630], [8530, 8995], [12395, 12790], [24970, 25580], [64820, 64870], [66645, 66670], [66740, 66790], [67270, 67390], [67620, 68200], [77180, 77700], [78225, 78265], [84265, 84345], [84505, 84895], [85620, 86000], [102790, 103405], [104965, 105790], [105925, 106105], [106500, 107100]], "representative_frames": [5, 2650, 3140, 3310, 3370, 3475, 4065, 4140, 4210, 4285, 4520, 4615, 4720, 6790, 6850, 6945, 6980, 6990, 7000, 7010, 7030, 7075, 7140, 7210, 7310, 7465, 7495, 7510, 7525, 7630, 8530, 8985, 8995, 12395, 12425, 12430, 12450, 12495, 12790, 24970, 25220, 25400, 25465, 25485, 25505, 25535, 25550, 25570, 25580, 64820, 64870, 66645, 66670, 66740, 66790, 67270, 67390, 67620, 68200, 77180, 77700, 78225, 78265, 84265, 84345, 84505, 84895, 85620, 85800, 85905, 85950, 85980, 85990, 86000, 102790, 102810, 102815, 102825, 102840, 102870, 102895, 103010, 103405, 104965, 105790, 105925, 106105, 106500, 107100], "representative_frames_count": 89, "static_frames": [5, 4065, 4140, 4210, 4285, 4520, 4615, 6980, 6990, 7000, 7010, 7030, 7075, 7140, 7210, 7310, 7465, 7495, 7510, 7525, 8985, 8995, 12425, 12430, 12450, 12495, 25220, 25400, 25465, 25485, 25505, 25535, 25550, 25570, 85800, 85905, 85950, 85980, 85990, 102810, 102815, 102825, 102840, 102870, 102895, 103010], "static_frames_count": 46}