{"camera_movement_sequences": [[338400, 338405], [486725, 486730], [486810, 486815]], "foi_count_frames": 415, "foi_count_seconds": 6.916666666666667, "foi_pct": 0.0003920120229615139, "foi_sequences": [[229925, 229930], [305165, 305170], [338425, 338530], [338830, 338860], [474885, 474995], [486570, 486575], [486735, 486885], [500285, 500290]], "representative_frames": [5, 229925, 229930, 305165, 305170, 338425, 338530, 338830, 338840, 338860, 474885, 474940, 474995, 486570, 486575, 486735, 486885, 500285, 500290], "representative_frames_count": 19, "static_frames": [5, 338425, 338840, 474940, 486735], "static_frames_count": 5}