{"camera_movement_sequences": [], "foi_count_frames": 1520, "foi_count_seconds": 25.333333333333332, "foi_pct": 0.014058323544917269, "foi_sequences": [[10745, 11655], [11870, 11930], [57025, 57575]], "representative_frames": [5, 10745, 10795, 10825, 10840, 10875, 10925, 10990, 11010, 11080, 11095, 11155, 11655, 11870, 11930, 57025, 57205, 57405, 57530, 57555, 57575], "representative_frames_count": 21, "static_frames": [5, 10795, 10825, 10840, 10875, 10925, 10990, 11010, 11080, 11095, 11155, 57205, 57405, 57530, 57555], "static_frames_count": 15}