{"camera_movement_sequences": [], "foi_count_frames": 7250, "foi_count_seconds": 241.66667, "foi_pct": 0.13411, "foi_sequences": [[315, 710], [1835, 1845], [2295, 2660], [2950, 2955], [3400, 3405], [3510, 3905], [10060, 10325], [11975, 12235], [13130, 13230], [13835, 14030], [14290, 14325], [14470, 15075], [15315, 15385], [15445, 15525], [15645, 15690], [15790, 15930], [16435, 16490], [17250, 17750], [17845, 17970], [18725, 19380], [19425, 19455], [19520, 19535], [21315, 21545], [21590, 21695], [21765, 21775], [22295, 22355], [22410, 22495], [22585, 23175], [24000, 24255], [24795, 24800], [25925, 25975], [26050, 26070], [26110, 26170], [27930, 27995], [28260, 28315], [28405, 28420], [30240, 30250], [32130, 32135], [34885, 34895], [35490, 35550], [36360, 36395], [36675, 36740], [37745, 37750], [40465, 40510], [40725, 40730], [41000, 41050], [41180, 41205], [41240, 41275], [42015, 42050], [42105, 42130], [46665, 46690], [46895, 46905], [47755, 47770], [50630, 50990], [51490, 51545], [52430, 52440], [52490, 52540], [52695, 52905], [53070, 53115], [53740, 53775], [53880, 53950]], "representative_frames": [5, 315, 655, 695, 705, 710, 1835, 1845, 2295, 2305, 2335, 2660, 2950, 2955, 3400, 3405, 3510, 3750, 3810, 3825, 3840, 3860, 3875, 3880, 3890, 3905, 10060, 10165, 10325, 11975, 12235, 13130, 13230, 13835, 14030, 14290, 14325, 14470, 14910, 14945, 15040, 15055, 15075, 15315, 15385, 15445, 15525, 15645, 15690, 15790, 15930, 16435, 16490, 17250, 17270, 17285, 17295, 17325, 17370, 17425, 17750, 17845, 17970, 18725, 19380, 19425, 19455, 19520, 19535, 21315, 21545, 21590, 21695, 21765, 21775, 22295, 22355, 22410, 22495, 22585, 22895, 23175, 24000, 24020, 24255, 24795, 24800, 25925, 25975, 26050, 26070, 26110, 26170, 27930, 27995, 28260, 28315, 28405, 28420, 30240, 30250, 32130, 32135, 34885, 34895, 35490, 35550, 36360, 36395, 36675, 36740, 37745, 37750, 40465, 40510, 40725, 40730, 41000, 41050, 41180, 41205, 41240, 41275, 42015, 42050, 42105, 42130, 46665, 46690, 46895, 46905, 47755, 47770, 50630, 50930, 50985, 50990, 51490, 51545, 52430, 52440, 52490, 52540, 52695, 52790, 52905, 53070, 53115, 53740, 53775, 53880, 53950], "representative_frames_count": 152, "static_frames": [5, 655, 695, 705, 2305, 2335, 3750, 3810, 3825, 3840, 3860, 3875, 3880, 3890, 10165, 14910, 14945, 15040, 15055, 17270, 17285, 17295, 17325, 17370, 17425, 22895, 24020, 50930, 50985, 52790], "static_frames_count": 30}