{"camera_movement_sequences": [[243410, 243420]], "foi_count_frames": 205, "foi_count_seconds": 6.83333, "foi_pct": 0.00039, "foi_sequences": [[169215, 169270], [169425, 169440], [237450, 237505], [243370, 243445], [243525, 243530]], "representative_frames": [5, 169215, 169270, 169425, 169440, 237450, 237460, 237505, 243370, 243445, 243525, 243530], "representative_frames_count": 12, "static_frames": [5, 169215, 169425, 237460, 243370], "static_frames_count": 5}