{"camera_movement_sequences": [], "foi_count_frames": 5125, "foi_count_seconds": 170.83333, "foi_pct": 0.09475, "foi_sequences": [[710, 920], [12655, 12680], [12770, 13310], [13640, 13945], [14045, 14285], [15035, 15065], [15140, 15230], [15290, 15355], [15395, 15420], [15755, 15785], [21515, 21540], [29375, 29420], [29465, 29545], [29700, 29825], [29870, 29960], [30045, 30050], [30305, 30595], [30630, 30665], [31250, 31295], [33485, 33575], [33625, 33630], [33670, 33675], [33710, 33715], [33965, 33985], [34715, 34795], [34835, 34855], [34905, 34945], [34995, 35130], [35215, 35495], [35750, 35805], [35865, 35875], [36535, 36560], [36810, 37085], [37130, 37195], [37305, 37675], [42020, 42030], [42115, 42240], [42500, 42515], [42935, 42965], [43010, 43210], [43275, 43705], [46500, 46505], [46615, 46625], [47035, 47310], [53160, 53405]], "representative_frames": [5, 710, 830, 860, 920, 12655, 12680, 12770, 13310, 13640, 13945, 14045, 14285, 15035, 15065, 15140, 15230, 15290, 15355, 15395, 15420, 15755, 15785, 21515, 21540, 29375, 29420, 29465, 29545, 29700, 29825, 29870, 29960, 30045, 30050, 30305, 30350, 30365, 30390, 30595, 30630, 30665, 31250, 31295, 33485, 33575, 33625, 33630, 33670, 33675, 33710, 33715, 33965, 33985, 34715, 34795, 34835, 34855, 34905, 34945, 34995, 35130, 35215, 35495, 35750, 35805, 35865, 35875, 36535, 36560, 36810, 37085, 37130, 37195, 37305, 37535, 37675, 42020, 42030, 42115, 42240, 42500, 42515, 42935, 42965, 43010, 43160, 43175, 43190, 43200, 43205, 43210, 43275, 43375, 43420, 43705, 46500, 46505, 46615, 46625, 47035, 47080, 47135, 47310, 53160, 53165, 53170, 53200, 53405], "representative_frames_count": 109, "static_frames": [5, 830, 860, 30350, 30365, 30390, 37535, 43160, 43175, 43190, 43200, 43205, 43375, 43420, 47035, 47080, 47135, 53160, 53165, 53170, 53200], "static_frames_count": 21}