{"camera_movement_sequences": [], "foi_count_frames": 37540, "foi_count_seconds": 625.6666666666666, "foi_pct": 0.34701102781449605, "foi_sequences": [[600, 685], [850, 925], [1425, 1785], [3190, 3205], [3960, 3985], [5065, 5845], [5940, 6205], [6300, 6985], [10245, 11245], [12060, 12240], [12325, 12925], [14950, 15010], [17485, 17975], [22740, 22765], [24960, 25500], [25810, 27045], [27265, 28380], [29065, 31920], [32700, 32725], [33360, 33385], [33465, 33540], [35445, 36135], [36775, 37285], [37405, 37740], [37825, 39060], [39145, 39215], [39505, 39635], [39720, 39745], [39850, 39960], [40115, 40185], [41100, 41890], [42145, 42505], [42625, 42670], [42900, 43320], [43705, 43955], [44040, 44220], [44290, 44295], [44975, 44985], [45070, 45085], [45660, 45685], [46965, 47375], [47735, 47760], [48070, 48075], [48145, 48155], [48515, 48540], [49320, 49330], [49510, 49525], [49905, 50460], [50950, 50955], [51165, 51240], [51660, 51685], [52090, 53305], [53410, 53520], [54540, 54565], [54910, 54915], [54995, 55055], [55260, 55320], [56160, 56220], [57240, 57265], [57745, 57755], [57885, 58515], [58585, 58630], [58800, 59615], [59685, 60480], [60900, 61550], [61765, 62470], [62590, 62615], [62700, 62795], [62880, 62975], [64935, 64955], [65520, 65605], [67725, 67945], [68280, 68985], [69180, 69190], [69300, 70930], [71040, 71220], [71650, 71735], [72240, 72575], [72805, 73330], [73440, 73465], [73680, 73705], [73800, 73825], [73905, 73930], [74040, 74110], [74340, 75995], [77205, 77245], [77530, 78025], [78105, 78180], [83400, 83485], [83580, 83700], [85080, 85405], [85525, 85585], [85705, 85860], [86580, 86590], [86845, 86880], [87000, 87010], [88320, 88345], [88485, 88585], [89160, 90180], [90550, 90610], [90900, 90960], [91645, 91860], [91945, 92040], [92365, 92425], [92640, 92785], [93085, 93095], [93190, 93240], [93405, 93420], [94225, 94270], [94535, 96540], [96645, 96745], [98760, 99720], [100045, 100655], [100740, 101230], [101725, 101760], [101925, 102120], [103680, 103690], [103765, 103775], [104400, 104485], [104555, 104685], [104845, 104915], [105045, 105255], [105410, 105495], [106355, 107295], [107510, 107535], [107905, 108180]], "representative_frames": [5, 600, 685, 850, 925, 1425, 1785, 3190, 3205, 3960, 3985, 5065, 5845, 5940, 6205, 6300, 6985, 10245, 10880, 10995, 11050, 11095, 11135, 11150, 11225, 11235, 11245, 12060, 12240, 12325, 12755, 12805, 12875, 12915, 12925, 14950, 15010, 17485, 17555, 17580, 17660, 17765, 17975, 22740, 22765, 24960, 25500, 25810, 25845, 25860, 25885, 25910, 25945, 25980, 26000, 26015, 26045, 26100, 26140, 26285, 26535, 27045, 27265, 27330, 27355, 27375, 27435, 27470, 27480, 27500, 27515, 27535, 27555, 27575, 27605, 27645, 27705, 28380, 29065, 29075, 29085, 29100, 29135, 29245, 29255, 29270, 29280, 29315, 29565, 29590, 29620, 29670, 31635, 31780, 31825, 31850, 31920, 32700, 32725, 33360, 33385, 33465, 33540, 35445, 35460, 35470, 35475, 35485, 35495, 35520, 35585, 35695, 35715, 35745, 36135, 36775, 37285, 37405, 37740, 37825, 37905, 37950, 38130, 38615, 39060, 39145, 39215, 39505, 39635, 39720, 39745, 39850, 39960, 40115, 40185, 41100, 41620, 41735, 41890, 42145, 42505, 42625, 42670, 42900, 43320, 43705, 43955, 44040, 44220, 44290, 44295, 44975, 44985, 45070, 45085, 45660, 45685, 46965, 47375, 47735, 47760, 48070, 48075, 48145, 48155, 48515, 48540, 49320, 49330, 49510, 49525, 49905, 50460, 50950, 50955, 51165, 51240, 51660, 51685, 52090, 52210, 53305, 53410, 53520, 54540, 54565, 54910, 54915, 54995, 55055, 55260, 55320, 56160, 56220, 57240, 57265, 57745, 57755, 57885, 58285, 58515, 58585, 58630, 58800, 59110, 59205, 59615, 59685, 60480, 60900, 61550, 61765, 62470, 62590, 62615, 62700, 62795, 62880, 62975, 64935, 64955, 65520, 65605, 67725, 67945, 68280, 68940, 68955, 68975, 68985, 69180, 69190, 69300, 69545, 70560, 70605, 70620, 70630, 70645, 70930, 71040, 71220, 71650, 71735, 72240, 72575, 72805, 73330, 73440, 73465, 73680, 73705, 73800, 73825, 73905, 73930, 74040, 74110, 74340, 74580, 74605, 74640, 74685, 74860, 75000, 75035, 75090, 75180, 75885, 75995, 77205, 77245, 77530, 77545, 77555, 77570, 77585, 77610, 77665, 77805, 78025, 78105, 78180, 83400, 83485, 83580, 83700, 85080, 85405, 85525, 85585, 85705, 85860, 86580, 86590, 86845, 86880, 87000, 87010, 88320, 88345, 88485, 88585, 89160, 90180, 90550, 90610, 90900, 90960, 91645, 91860, 91945, 92040, 92365, 92425, 92640, 92785, 93085, 93095, 93190, 93240, 93405, 93420, 94225, 94270, 94535, 96540, 96645, 96745, 98760, 99340, 99360, 99410, 99720, 100045, 100465, 100505, 100580, 100655, 100740, 101230, 101725, 101760, 101925, 102120, 103680, 103690, 103765, 103775, 104400, 104485, 104555, 104685, 104845, 104915, 105045, 105255, 105410, 105495, 106355, 106920, 107020, 107050, 107090, 107120, 107260, 107295, 107510, 107535, 107905, 108025, 108045, 108060, 108100, 108135, 108180], "representative_frames_count": 376, "static_frames": [5, 10880, 10995, 11050, 11095, 11135, 11150, 11225, 11235, 12755, 12805, 12875, 12915, 17555, 17580, 17660, 17765, 25845, 25860, 25885, 25910, 25945, 25980, 26000, 26015, 26045, 26100, 26140, 26285, 26535, 27330, 27355, 27375, 27435, 27470, 27480, 27500, 27515, 27535, 27555, 27575, 27605, 27645, 27705, 29075, 29085, 29100, 29135, 29245, 29255, 29270, 29280, 29315, 29565, 29590, 29620, 29670, 31635, 31780, 31825, 31850, 35460, 35470, 35475, 35485, 35495, 35520, 35585, 35695, 35715, 35745, 37905, 37950, 38130, 38615, 41620, 41735, 52210, 58285, 59110, 59205, 68940, 68955, 68975, 69545, 70560, 70605, 70620, 70630, 70645, 74580, 74605, 74640, 74685, 74860, 75000, 75035, 75090, 75180, 75885, 77545, 77555, 77570, 77585, 77610, 77665, 77805, 99340, 99360, 99410, 100465, 100505, 100580, 106920, 107020, 107050, 107090, 107120, 107260, 108025, 108045, 108060, 108100, 108135, 108180], "static_frames_count": 125}