{"camera_movement_sequences": [], "foi_count_frames": 5020, "foi_count_seconds": 83.66666666666667, "foi_pct": 0.04648105110137869, "foi_sequences": [[17560, 18375], [33990, 34840], [43540, 44765], [80250, 80800], [100225, 100360], [100640, 100720], [102135, 102675], [102940, 103430], [103625, 103840], [103910, 104030]], "representative_frames": [5, 17560, 18135, 18160, 18210, 18240, 18260, 18305, 18325, 18340, 18355, 18365, 18375, 33990, 34500, 34840, 43540, 44395, 44430, 44470, 44490, 44520, 44540, 44595, 44635, 44680, 44700, 44715, 44730, 44750, 44765, 80250, 80280, 80305, 80320, 80390, 80500, 80800, 85250, 100225, 100360, 100640, 100720, 102135, 102240, 102260, 102295, 102315, 102340, 102470, 102675, 102940, 103050, 103430, 103625, 103840, 103910, 104030], "representative_frames_count": 58, "static_frames": [5, 18135, 18160, 18210, 18240, 18260, 18305, 18325, 18340, 18355, 18365, 34500, 44395, 44430, 44470, 44490, 44520, 44540, 44595, 44635, 44680, 44700, 44715, 44730, 44750, 80280, 80305, 80320, 80390, 80500, 85250, 102240, 102260, 102295, 102315, 102340, 102470, 103050], "static_frames_count": 38}