{"camera_movement_sequences": [], "foi_count_frames": 4985, "foi_count_seconds": 83.08333333333333, "foi_pct": 0.04610575188908723, "foi_sequences": [[120, 135], [300, 1215], [1335, 1645], [30230, 30240], [30350, 30375], [31655, 31755], [32390, 32535], [33515, 34020], [34620, 34680], [34775, 34875], [36170, 36350], [36520, 36530], [36650, 36685], [36760, 36855], [40995, 41510], [42400, 42480], [42640, 42710], [45400, 45420], [78650, 79300], [83810, 83870], [89620, 89630], [89940, 90110], [94100, 94550], [95235, 95245], [95320, 95765]], "representative_frames": [5, 120, 135, 300, 1215, 1335, 1645, 30230, 30240, 30350, 30375, 31655, 31755, 32390, 32535, 33515, 33990, 34005, 34010, 34020, 34035, 34620, 34680, 34775, 34875, 36170, 36350, 36520, 36530, 36650, 36685, 36760, 36855, 40995, 41010, 41030, 41050, 41090, 41395, 41510, 42400, 42480, 42640, 42710, 45400, 45420, 78650, 78690, 78715, 78745, 78790, 79030, 79300, 83810, 83870, 89620, 89630, 89940, 90110, 94100, 94235, 94550, 95235, 95245, 95320, 95570, 95680, 95740, 95755, 95765], "representative_frames_count": 70, "static_frames": [5, 33990, 34005, 34010, 34035, 41010, 41030, 41050, 41090, 41395, 78690, 78715, 78745, 78790, 79030, 94235, 95570, 95680, 95740, 95755], "static_frames_count": 20}