{"camera_movement_sequences": [], "foi_count_frames": 25840, "foi_count_seconds": 861.33333, "foi_pct": 0.47824, "foi_sequences": [[20, 65], [115, 280], [430, 435], [1045, 1130], [1175, 1180], [1435, 1475], [1540, 1845], [2085, 2140], [2305, 2320], [2485, 2815], [2915, 3025], [3175, 3190], [3245, 3610], [3810, 3940], [3995, 4290], [5055, 5065], [5135, 5605], [5920, 5945], [6125, 6565], [6850, 7090], [7145, 7240], [7295, 7300], [7580, 7585], [8145, 8440], [8500, 8610], [8840, 9070], [9190, 9370], [9520, 9930], [9975, 10015], [10135, 10725], [10900, 11085], [11165, 11175], [11655, 12070], [12120, 13160], [13245, 13375], [13535, 14135], [14855, 14965], [15100, 15250], [15430, 15790], [15860, 16550], [16630, 16895], [17725, 17800], [17860, 18040], [18555, 19730], [19845, 20480], [20515, 20750], [20785, 20830], [20885, 20960], [21005, 21485], [21545, 21595], [21750, 21980], [22165, 22990], [23145, 23305], [23385, 23785], [23820, 23905], [23945, 23990], [24140, 24490], [24690, 24700], [24860, 24885], [24965, 25190], [25235, 25270], [25340, 25575], [25715, 25745], [25805, 26530], [26570, 26615], [26655, 26675], [27115, 27385], [27730, 27780], [27860, 27925], [28090, 28180], [28460, 28535], [28625, 28630], [28945, 29410], [29570, 29575], [29675, 29705], [30230, 30280], [30525, 30545], [30725, 31030], [33740, 34110], [34310, 34605], [35125, 35150], [35255, 35265], [35315, 35590], [36480, 36490], [36825, 37105], [37250, 37270], [37765, 38170], [38320, 38425], [38465, 38480], [38515, 38535], [39185, 39230], [39275, 39280], [39460, 39735], [39795, 39800], [39845, 39850], [40085, 40095], [40130, 40135], [40180, 40245], [40280, 40300], [40385, 40395], [40435, 40465], [40685, 40730], [40795, 40905], [40940, 41110], [41485, 41500], [41725, 41740], [41825, 41860], [42050, 42300], [42670, 42705], [42965, 43000], [43565, 43660], [43770, 44205], [45325, 45365], [45420, 45920], [47135, 47155], [47195, 47560], [47615, 47645], [47740, 48310], [48365, 48385], [48630, 48955], [49010, 49325], [49445, 49810], [49845, 49905], [50240, 50250], [50285, 50725], [51070, 53300], [53335, 53440], [54005, 54015]], "representative_frames": [5, 20, 65, 115, 280, 430, 435, 1045, 1130, 1175, 1180, 1435, 1475, 1540, 1845, 2085, 2140, 2305, 2320, 2485, 2815, 2915, 3025, 3175, 3190, 3245, 3610, 3810, 3940, 3995, 4290, 5055, 5065, 5135, 5605, 5920, 5945, 6125, 6210, 6270, 6565, 6850, 7090, 7145, 7240, 7295, 7300, 7580, 7585, 8145, 8440, 8500, 8610, 8840, 9070, 9190, 9370, 9520, 9930, 9975, 10015, 10135, 10725, 10900, 11025, 11085, 11165, 11175, 11655, 12020, 12035, 12045, 12055, 12070, 12120, 12270, 12455, 12535, 12845, 12880, 12905, 13160, 13245, 13375, 13535, 13555, 13575, 13595, 13605, 13635, 13670, 13795, 13940, 13990, 14135, 14855, 14965, 15100, 15205, 15250, 15430, 15790, 15860, 16550, 16630, 16810, 16855, 16860, 16895, 17725, 17800, 17860, 17935, 18040, 18555, 19650, 19655, 19730, 19845, 20055, 20480, 20515, 20750, 20785, 20830, 20885, 20960, 21005, 21485, 21545, 21595, 21750, 21980, 22165, 22730, 22740, 22750, 22810, 22885, 22895, 22905, 22915, 22925, 22990, 23145, 23305, 23385, 23785, 23820, 23905, 23945, 23990, 24140, 24490, 24690, 24700, 24860, 24885, 24965, 25190, 25235, 25270, 25340, 25575, 25715, 25745, 25805, 25880, 25890, 25910, 25950, 25975, 26130, 26530, 26570, 26615, 26655, 26675, 27115, 27300, 27335, 27355, 27365, 27370, 27385, 27730, 27780, 27860, 27925, 28090, 28180, 28460, 28535, 28625, 28630, 28945, 29200, 29250, 29410, 29570, 29575, 29675, 29705, 30230, 30280, 30525, 30545, 30725, 30940, 30970, 31005, 31015, 31025, 31030, 33740, 33815, 33850, 33915, 34110, 34310, 34605, 35125, 35150, 35255, 35265, 35315, 35590, 36480, 36490, 36825, 37105, 37250, 37270, 37765, 38170, 38320, 38425, 38465, 38480, 38515, 38535, 39185, 39230, 39275, 39280, 39460, 39735, 39795, 39800, 39845, 39850, 40085, 40095, 40130, 40135, 40180, 40245, 40280, 40300, 40385, 40395, 40435, 40465, 40685, 40730, 40795, 40905, 40940, 41110, 41485, 41500, 41725, 41740, 41825, 41860, 42050, 42055, 42075, 42110, 42300, 42670, 42705, 42965, 43000, 43565, 43660, 43770, 43820, 43880, 44205, 45325, 45365, 45420, 45445, 45455, 45480, 45510, 45615, 45920, 46010, 47135, 47155, 47195, 47560, 47615, 47645, 47740, 48310, 48365, 48385, 48630, 48955, 49010, 49325, 49445, 49810, 49845, 49905, 50240, 50250, 50285, 50725, 51070, 51075, 51080, 51085, 51130, 51215, 51865, 52930, 53125, 53300, 53335, 53440, 54005, 54015], "representative_frames_count": 336, "static_frames": [5, 6210, 6270, 11025, 12020, 12035, 12045, 12055, 12270, 12455, 12535, 12845, 12880, 12905, 13555, 13575, 13595, 13605, 13635, 13670, 13795, 13940, 13990, 15205, 16810, 16855, 16860, 17935, 19650, 19655, 20055, 22730, 22740, 22750, 22810, 22885, 22895, 22905, 22915, 22925, 25880, 25890, 25910, 25950, 25975, 26130, 27300, 27335, 27355, 27365, 27370, 29200, 29250, 30940, 30970, 31005, 31015, 31025, 33815, 33850, 33915, 42055, 42075, 42110, 43820, 43880, 45445, 45455, 45480, 45510, 45615, 46010, 51075, 51080, 51085, 51130, 51215, 51865, 52930, 53125], "static_frames_count": 80}