{"camera_movement_sequences": [], "foi_count_frames": 1495, "foi_count_seconds": 49.83333, "foi_pct": 0.02918, "foi_sequences": [[5, 190], [720, 850], [3435, 3480], [4570, 4690], [10985, 11050], [15755, 15785], [15970, 16090], [24720, 24790], [32705, 32765], [34295, 34315], [34415, 34435], [39490, 39520], [40630, 40690], [40725, 40810], [40990, 41140], [43270, 43445], [49845, 49915], [50890, 50950]], "representative_frames": [5, 190, 720, 850, 3435, 3480, 4570, 4690, 10985, 11050, 15755, 15785, 15970, 16090, 24720, 24790, 32705, 32765, 34295, 34315, 34415, 34435, 39490, 39520, 40630, 40690, 40725, 40810, 40990, 41140, 43270, 43445, 49845, 49915, 50890, 50950], "representative_frames_count": 36, "static_frames": [5], "static_frames_count": 1}