{"camera_movement_sequences": [], "foi_count_frames": 845, "foi_count_seconds": 28.16667, "foi_pct": 0.01563, "foi_sequences": [[670, 730], [8675, 8710], [20950, 21070], [21305, 21490], [21710, 21750], [21800, 21910], [22590, 22690], [24730, 24865], [25085, 25145]], "representative_frames": [5, 670, 730, 8675, 8710, 20950, 21070, 21305, 21490, 21710, 21750, 21800, 21910, 22590, 22690, 24730, 24865, 25085, 25145], "representative_frames_count": 19, "static_frames": [5], "static_frames_count": 1}