{"camera_movement_sequences": [], "foi_count_frames": 530, "foi_count_seconds": 17.66667, "foi_pct": 0.01001, "foi_sequences": [[9060, 9125], [9980, 10085], [10205, 10270], [10920, 10985], [12065, 12160], [12485, 12545], [43690, 43765]], "representative_frames": [5, 9060, 9125, 9980, 10085, 10205, 10270, 10920, 10985, 12065, 12160, 12485, 12545, 43690, 43765], "representative_frames_count": 15, "static_frames": [5], "static_frames_count": 1}