{"camera_movement_sequences": [], "foi_count_frames": 365, "foi_count_seconds": 12.16667, "foi_pct": 0.00675, "foi_sequences": [[22065, 22160], [42865, 42950], [53645, 53830]], "representative_frames": [5, 22065, 22160, 42865, 42950, 53645, 53830], "representative_frames_count": 7, "static_frames": [5], "static_frames_count": 1}