{"camera_movement_sequences": [], "foi_count_frames": 10, "foi_count_seconds": 0.3333333333333333, "foi_pct": 0.00018517832672863968, "foi_sequences": [[42200, 42205], [46400, 46405]], "representative_frames": [5, 42200, 42205, 46400, 46405], "representative_frames_count": 5, "static_frames": [5], "static_frames_count": 1}