{"camera_movement_sequences": [], "foi_count_frames": 280, "foi_count_seconds": 9.33333, "foi_pct": 0.00519, "foi_sequences": [[905, 970], [3845, 3885], [19925, 19935], [29050, 29165], [29455, 29505]], "representative_frames": [5, 905, 970, 3845, 3885, 19925, 19935, 29050, 29165, 29455, 29505], "representative_frames_count": 11, "static_frames": [5], "static_frames_count": 1}