{"TEST_00.mp4":{"name":"TEST_00.mp4","camera":"00-TESTS","length_frames":5535,"length_seconds":184,"fps":30,"time_start":1673204140,"time_end":1673204400,"continuous":false,"seek":[[1673204140,0],[1673204151,8],[1673204155,11],[1673204159,14],[1673204168,20],[1673204188,25],[1673204327,34],[1673204218,40],[1673204226,46],[1673204229,48],[1673204248,60],[1673204254,63],[1673204264,72],[1673204267,74],[1673204288,80],[1673204286,83],[1673204290,86],[1673204301,95],[1673204304,97],[1673204309,100],[1673204322,112],[1673204333,118],[1673204362,146],[1673204364,149],[1673204394,178],[1673204400,184]],"camera_movement_sequences":[[90,95],[315,330],[545,750],[960,980],[1620,1680],[2375,2535],[2570,2580],[3240,3270],[3305,3340],[3385,3400],[3435,3450],[5220,5280],[5385,5395],[5520,5530]],"foi_count_frames":5145,"foi_count_seconds":171.5,"foi_pct":0.9295392953929539,"foi_sequences":[[5,710],[800,1615],[1675,2065],[2160,2370],[2435,5215],[5270,5515]],"representative_frames":[5,100,340,355,370,540,710,755,800,985,1145,1385,1615,1675,1685,1750,1835,1975,2065,2160,2210,2245,2370,2435,2440,2475,2495,2515,2540,2585,2675,2780,2855,2975,3280,3315,3335,3350,3375,3410,3460,3565,3660,3825,4170,4815,5020,5215,5270,5290,5515],"representative_frames_count":51,"static_frames":[5,100,340,355,370,540,755,985,1145,1385,1685,1750,1835,1975,2210,2245,2440,2475,2495,2515,2540,2585,2675,2780,2855,2975,3280,3315,3335,3350,3375,3410,3460,3565,3660,3825,4170,4815,5020,5290],"static_frames_count":40},"TEST_01.mp4":{"name":"TEST_01.mp4","camera":"00-TESTS","length_frames":2280,"length_seconds":76,"fps":30,"time_start":1673189934,"time_end":1673189881,"continuous":false,"seek":[[1673189934,0],[1673189640,7],[1673189643,9],[1673189646,13],[1673189649,15],[1673189660,16],[1673189662,17],[1673189664,20],[1673189667,22],[1673189672,26],[1673189682,28],[1673189685,32],[1673189690,35],[1673189693,37],[1673189702,40],[1673189718,45],[1673189723,47],[1673189735,53],[1673189738,55],[1673189740,58],[1673189744,60],[1673189747,62],[1673189813,64],[1673189872,70],[1673189878,71],[1673189876,72],[1673189880,75],[1673189881,76]],"camera_movement_sequences":[[190,205],[480,510],[1055,1075],[1765,1800],[2100,2120]],"foi_count_frames":1405,"foi_count_seconds":46.833333333333336,"foi_pct":0.6162280701754386,"foi_sequences":[[5,285],[515,755],[1050,1610],[1915,2090],[2125,2275]],"representative_frames":[5,215,285,515,520,755,850,1050,1085,1095,1105,1120,1205,1355,1415,1595,1610,1810,1915,1925,2090,2125,2130,2140,2145,2150,2165,2275],"representative_frames_count":28,"static_frames":[5,215,520,755,850,1085,1095,1105,1120,1205,1355,1415,1595,1810,1925,2130,2140,2145,2150,2165],"static_frames_count":20},"TEST_02.mp4":{"name":"TEST_02.mp4","camera":"00-TESTS","length_frames":810,"length_seconds":27,"fps":30,"time_start":1673232801,"time_end":1673232893,"continuous":false,"seek":[[1673232801,0],[1673232802,0],[1673232806,3],[1673233114,4],[1673232824,7],[1673232833,10],[1673232843,14],[1673232845,15],[1673232854,17],[1673232876,20],[1673232889,22],[1673232893,26],[1673232894,27]],"camera_movement_sequences":[],"foi_count_frames":250,"foi_count_seconds":8.333333333333334,"foi_pct":0.30864197530864196,"foi_sequences":[[305,415],[665,805]],"representative_frames":[305,415,665,670,805],"representative_frames_count":5,"static_frames":[305,670],"static_frames_count":2},"TEST_03.mp4":{"name":"TEST_03.mp4","camera":"00-TESTS","length_frames":2820,"length_seconds":94,"fps":30,"time_start":1673202083,"time_end":1673202370,"continuous":false,"seek":[[1673202083,0],[1673202089,1],[1673202100,4],[1673202106,5],[1673202103,7],[1673202109,8],[1673202119,10],[1673202128,13],[1673202138,14],[1673202137,16],[1673202139,17],[1673202140,19],[1673202146,24],[1673202147,26],[1673202149,27],[1673202150,29],[1673202152,30],[1673202167,32],[1673202185,38],[1673202187,39],[1673202213,41],[1673202215,44],[1673202217,45],[1673202219,46],[1673202220,48],[1673202280,85],[1673202302,86],[1673202365,89],[1673202307,91],[1673202309,92],[1673202370,93],[1673202371,94]],"camera_movement_sequences":[[1125,1140],[1215,1230],[2580,2605],[2715,2730],[2765,2815]],"foi_count_frames":1510,"foi_count_seconds":50.333333333333336,"foi_pct":0.5354609929078015,"foi_sequences":[[5,30],[125,1280],[1770,1830],[1875,1905],[2525,2575],[2610,2800]],"representative_frames":[5,30,125,130,310,380,390,930,1150,1240,1280,1770,1830,1875,1905,2525,2530,2575,2610,2615,2700,2740,2785,2800],"representative_frames_count":24,"static_frames":[5,130,310,380,390,930,1150,1240,2530,2615,2700,2740,2785],"static_frames_count":13},"TEST_04.mp4":{"name":"TEST_04.mp4","camera":"00-TESTS","length_frames":3600,"length_seconds":120,"fps":30,"time_start":1673171579,"time_end":1673174996,"continuous":false,"seek":[[1673171579,0],[1673171664,20],[1673168704,33],[1673171681,37],[1673168705,67],[1673171713,69],[1673174957,80],[1673174979,103],[1673174981,104],[1673174994,118],[1673174996,119],[1673174997,120]],"camera_movement_sequences":[],"foi_count_frames":0,"foi_count_seconds":0.0,"foi_pct":0.0,"foi_sequences":[],"representative_frames":[5],"representative_frames_count":1,"static_frames":[5],"static_frames_count":1},"TEST_05.mp4":{"name":"TEST_05.mp4","camera":"00-TESTS","length_frames":4830,"length_seconds":161,"fps":30,"time_start":1673200034,"time_end":1673203395,"continuous":false,"seek":[[1673200034,0],[1673202390,30],[1673202393,32],[1673202395,35],[1673202398,37],[1673202400,40],[1673202403,42],[1673202405,45],[1673202408,47],[1673202698,50],[1673202738,60],[1673202741,62],[1673202743,65],[1673202775,67],[1673202799,77],[1673202801,80],[1673202827,82],[1673202832,88],[1673202835,90],[1673202837,93],[1673202840,95],[1673202842,98],[1673202845,100],[1673202847,103],[1673202850,105],[1673202852,108],[1673203053,110],[1673203055,113],[1673203058,115],[1673203060,118],[1673203063,120],[1673203065,123],[1673203360,125],[1673203362,128],[1673203365,130],[1673203367,133],[1673203370,135],[1673203372,138],[1673203375,140],[1673203377,143],[1673203380,145],[1673203382,148],[1673203385,150],[1673203387,153],[1673203390,155],[1673203392,158],[1673203395,160],[1673203396,161]],"camera_movement_sequences":[],"foi_count_frames":2655,"foi_count_seconds":88.5,"foi_pct":0.5496894409937888,"foi_sequences":[[1875,1905],[2010,2310],[2500,4825]],"representative_frames":[5,1875,1905,2010,2310,2500,4825],"representative_frames_count":7,"static_frames":[5],"static_frames_count":1}}