{"camera_movement_sequences": [[125, 285], [510, 580]], "foi_count_frames": 340, "foi_count_seconds": 5.666666666666667, "foi_pct": 0.47156726768377255, "foi_sequences": [[135, 300], [425, 600]], "representative_frames": [5, 135, 300, 425, 600], "representative_frames_count": 5, "static_frames": [5], "static_frames_count": 1}