{"camera_movement_sequences": [[5255, 5260], [6035, 6060], [6230, 6240], [6675, 6685], [6875, 6890], [7360, 7375], [8355, 8570], [8645, 8650], [9180, 9195], [9495, 9635]], "foi_count_frames": 7670, "foi_count_seconds": 127.83333333333333, "foi_pct": 0.714086211712131, "foi_sequences": [[5, 4165], [4320, 4590], [4715, 4730], [4850, 4875], [5005, 6925], [7380, 7385], [7550, 7670], [7790, 7895], [7970, 8060], [8210, 8245], [8325, 8655], [8730, 8775], [9185, 9210], [9500, 9505], [9570, 9645], [9840, 10025], [10260, 10405], [10620, 10740]], "representative_frames": [5, 3880, 4165, 4320, 4590, 4715, 4730, 4850, 4875, 5005, 6045, 6250, 6895, 6925, 7380, 7385, 7550, 7670, 7790, 7895, 7970, 8060, 8210, 8245, 8325, 8370, 8410, 8465, 8525, 8655, 8730, 8735, 8775, 9185, 9210, 9570, 9645, 9840, 10025, 10260, 10405, 10620, 10740], "representative_frames_count": 43, "static_frames": [5, 3880, 6045, 6250, 6895, 7380, 8370, 8410, 8465, 8525, 8735], "static_frames_count": 11}