{"camera_movement_sequences": [[125, 280], [435, 595], [720, 780]], "foi_count_frames": 170, "foi_count_seconds": 2.8333333333333335, "foi_pct": 0.2176696542893726, "foi_sequences": [[135, 300], [425, 430], [510, 580]], "representative_frames": [5, 135, 300, 425, 430], "representative_frames_count": 5, "static_frames": [5], "static_frames_count": 1}