{"camera_movement_sequences": [[60, 165], [330, 435], [630, 705]], "foi_count_frames": 355, "foi_count_seconds": 5.916666666666667, "foi_pct": 0.492371705963939, "foi_sequences": [[5, 10], [90, 175], [305, 455], [605, 720]], "representative_frames": [5, 10, 90, 175, 305, 455, 605, 720], "representative_frames_count": 8, "static_frames": [5], "static_frames_count": 1}