{"camera_movement_sequences": [[65, 105], [555, 595]], "foi_count_frames": 260, "foi_count_seconds": 8.66667, "foi_pct": 0.37572, "foi_sequences": [[70, 135], [255, 300], [365, 425], [515, 600], [670, 675]], "representative_frames": [5, 70, 135, 255, 300, 365, 425, 515, 600, 670, 675], "representative_frames_count": 11, "static_frames": [5], "static_frames_count": 1}