{"camera_movement_sequences": [[5, 15], [60, 140], [220, 240]], "foi_count_frames": 340, "foi_count_seconds": 11.33333, "foi_pct": 0.43534, "foi_sequences": [[10, 20], [65, 110], [145, 155], [210, 305], [365, 435], [510, 585], [660, 740]], "representative_frames": [10, 20, 145, 155, 210, 305, 365, 435, 510, 585, 660, 740], "representative_frames_count": 12, "static_frames": [10], "static_frames_count": 1}