{"camera_movement_sequences": [[5, 60], [620, 635], [810, 900]], "foi_count_frames": 580, "foi_count_seconds": 9.666666666666666, "foi_pct": 0.6437291897891232, "foi_sequences": [[20, 335], [485, 640], [785, 895]], "representative_frames": [20, 335, 485, 640, 785, 895], "representative_frames_count": 6, "static_frames": [20], "static_frames_count": 1}