{"camera_movement_sequences": [[185, 270], [480, 610], [790, 925], [1080, 1095]], "foi_count_frames": 520, "foi_count_seconds": 8.666666666666666, "foi_pct": 0.43297252289758537, "foi_sequences": [[5, 15], [200, 280], [425, 430], [510, 615], [725, 930], [1085, 1200]], "representative_frames": [5, 15, 200, 280, 425, 430, 510, 615, 725, 930, 1085, 1200], "representative_frames_count": 12, "static_frames": [5], "static_frames_count": 1}