{"camera_movement_sequences": [[5, 10], [80, 140], [330, 420], [620, 645]], "foi_count_frames": 295, "foi_count_seconds": 4.916666666666667, "foi_pct": 0.4091539528432732, "foi_sequences": [[65, 115], [305, 440], [605, 715]], "representative_frames": [15, 65, 115, 305, 440, 605, 715], "representative_frames_count": 7, "static_frames": [15], "static_frames_count": 1}