{"camera_movement_sequences": [[180, 325], [480, 485]], "foi_count_frames": 275, "foi_count_seconds": 4.583333333333333, "foi_pct": 0.352112676056338, "foi_sequences": [[210, 330], [490, 645]], "representative_frames": [5, 210, 330, 490, 645], "representative_frames_count": 5, "static_frames": [5], "static_frames_count": 1}