{"camera_movement_sequences": [[125, 285], [420, 605], [720, 865], [1020, 1185], [1320, 1325]], "foi_count_frames": 565, "foi_count_seconds": 9.416666666666666, "foi_pct": 0.4091238233164374, "foi_sequences": [[185, 290], [425, 430], [510, 610], [725, 870], [1025, 1190], [1330, 1380]], "representative_frames": [5, 185, 290, 510, 610, 725, 870, 1025, 1190, 1330, 1380], "representative_frames_count": 11, "static_frames": [5], "static_frames_count": 1}