{"camera_movement_sequences": [], "foi_count_frames": 970, "foi_count_seconds": 32.333333333333336, "foi_pct": 0.16660941257299897, "foi_sequences": [[2225, 2260], [2300, 2455], [3935, 4210], [4245, 4355], [4475, 4495], [4535, 4910]], "representative_frames": [5, 2225, 2260, 2300, 2455, 3935, 4210, 4245, 4355, 4475, 4495, 4535, 4800, 4910, 5225], "representative_frames_count": 15, "static_frames": [5, 4800, 5225], "static_frames_count": 3}