{"camera_movement_sequences": [[36350, 36355]], "foi_count_frames": 51010, "foi_count_seconds": 1700.33333, "foi_pct": 0.94355, "foi_sequences": [[5, 155], [335, 430], [495, 630], [665, 875], [1275, 1475], [2650, 2740], [2835, 3395], [3455, 3485], [3575, 3605], [3930, 4050], [4145, 4175], [4255, 4260], [4300, 4305], [4390, 4395], [4440, 5475], [5520, 7420], [7495, 7605], [7680, 8510], [8550, 8695], [8735, 54060]], "representative_frames": [5, 155, 335, 430, 495, 630, 665, 875, 1275, 1475, 2650, 2740, 2835, 3395, 3455, 3485, 3575, 3605, 3930, 4050, 4145, 4175, 4255, 4260, 4300, 4305, 4390, 4395, 4440, 5475, 5520, 7420, 7495, 7605, 7680, 8510, 8550, 8695, 8735, 35185, 36365, 54060], "representative_frames_count": 42, "static_frames": [5, 35185, 36365], "static_frames_count": 3}