{"camera_movement_sequences": [], "foi_count_frames": 1180, "foi_count_seconds": 39.333333333333336, "foi_pct": 0.02181549269735626, "foi_sequences": [[2140, 2260], [11730, 11790], [12945, 13005], [29045, 29150], [34145, 34240], [34625, 34830], [35965, 36025], [36405, 36415], [36880, 36935], [37285, 37295], [38780, 38895], [40460, 40570], [41760, 41870], [46135, 46150], [50295, 50345]], "representative_frames": [5, 2140, 2260, 11730, 11790, 12945, 13005, 29045, 29150, 34145, 34240, 34625, 34830, 35965, 36025, 36405, 36415, 36880, 36935, 37285, 37295, 38780, 38895, 40460, 40570, 41760, 41870, 46135, 46150, 50295, 50345], "representative_frames_count": 31, "static_frames": [5], "static_frames_count": 1}