{"camera_movement_sequences": [], "foi_count_frames": 12665, "foi_count_seconds": 422.1666666666667, "foi_pct": 0.23415545037716315, "foi_sequences": [[5005, 5980], [6025, 6065], [7555, 7560], [7725, 7775], [8335, 8990], [9150, 9305], [9395, 9550], [9640, 9665], [9840, 10170], [10400, 11180], [14030, 14045], [14080, 14610], [14795, 14860], [14985, 15930], [16110, 16175], [16360, 16370], [16420, 16815], [17730, 17765], [17925, 18020], [18775, 18945], [19000, 19295], [19335, 19560], [19645, 19665], [20160, 20305], [20375, 20430], [20555, 20735], [20825, 21090], [21125, 23750], [24405, 24425], [27005, 27030], [27420, 27570], [28215, 28265], [31770, 31805], [31905, 32070], [32135, 32235], [32405, 32825], [32910, 32975], [35810, 35815], [36150, 36165], [38250, 38340], [38390, 38405], [38455, 38590], [38865, 38885], [39470, 39515], [40630, 40905], [40950, 41045], [41105, 41465], [41585, 41645], [42330, 42360], [42545, 42600], [45875, 46025], [47435, 47500], [47785, 47870], [48405, 48965], [49030, 49100], [51420, 51465], [51500, 51655]], "representative_frames": [5, 5005, 5255, 5850, 5980, 6025, 6065, 7555, 7560, 7725, 7775, 8335, 8990, 9150, 9225, 9305, 9395, 9550, 9640, 9665, 9840, 10170, 10400, 11000, 11180, 14030, 14045, 14080, 14395, 14610, 14695, 14795, 14860, 14985, 15930, 16110, 16175, 16360, 16370, 16420, 16815, 17730, 17765, 17925, 18020, 18775, 18945, 19000, 19295, 19335, 19560, 19645, 19665, 20160, 20305, 20375, 20430, 20555, 20735, 20825, 21090, 21125, 23295, 23750, 24035, 24405, 24425, 27005, 27030, 27420, 27570, 28215, 28265, 31770, 31805, 31905, 32070, 32135, 32235, 32405, 32825, 32910, 32975, 35810, 35815, 36150, 36165, 38250, 38340, 38390, 38405, 38455, 38590, 38865, 38885, 39470, 39515, 40630, 40905, 40950, 41045, 41105, 41465, 41585, 41645, 42330, 42360, 42545, 42600, 44765, 45875, 46025, 47435, 47500, 47785, 47870, 48405, 48795, 48965, 49030, 49100, 50995, 51420, 51465, 51500, 51565, 51655], "representative_frames_count": 127, "static_frames": [5, 5255, 5850, 9225, 11000, 14395, 14695, 23295, 24035, 44765, 48795, 50995, 51565], "static_frames_count": 13}