{"camera_movement_sequences": [], "foi_count_frames": 7985, "foi_count_seconds": 266.1666666666667, "foi_pct": 0.14770078798416633, "foi_sequences": [[5, 275], [680, 715], [1805, 1875], [2145, 2150], [2595, 2825], [2885, 2930], [2970, 3320], [4595, 4775], [4895, 5225], [5765, 5975], [6280, 6575], [9125, 9185], [9525, 9785], [11135, 12335], [13065, 13985], [14435, 14445], [14975, 15035], [20075, 20135], [20185, 20225], [21050, 21380], [24875, 25150], [25715, 25855], [25890, 25925], [25985, 26000], [32050, 32210], [32260, 32300], [33565, 33750], [34520, 34575], [37170, 37270], [37325, 37430], [37490, 37655], [39455, 39560], [43355, 43510], [45960, 46425], [46465, 46925], [47195, 47260], [49920, 50030], [53495, 53500], [53570, 53585], [53635, 54005]], "representative_frames": [5, 275, 680, 715, 1805, 1875, 2145, 2150, 2595, 2825, 2885, 2930, 2970, 3320, 4595, 4775, 4895, 5225, 5765, 5975, 6280, 6575, 9125, 9185, 9525, 9785, 11135, 12335, 13065, 13985, 14435, 14445, 14975, 15035, 20075, 20135, 20185, 20225, 21050, 21380, 24875, 25150, 25715, 25855, 25890, 25925, 25985, 26000, 32050, 32210, 32260, 32300, 33565, 33750, 34520, 34575, 37170, 37270, 37325, 37430, 37490, 37655, 39455, 39560, 43355, 43510, 45960, 46425, 46465, 46925, 47195, 47260, 49920, 50030, 53495, 53500, 53570, 53585, 53635, 54005], "representative_frames_count": 80, "static_frames": [5], "static_frames_count": 1}