{"camera_movement_sequences": [], "foi_count_frames": 100, "foi_count_seconds": 3.3333333333333335, "foi_pct": 0.0018497280899707742, "foi_sequences": [[28650, 28695], [39500, 39550], [40215, 40220]], "representative_frames": [5, 28650, 28695, 39500, 39550, 40215, 40220], "representative_frames_count": 7, "static_frames": [5], "static_frames_count": 1}