{"camera_movement_sequences": [[5, 85], [260, 290]], "foi_count_frames": 2195, "foi_count_seconds": 73.16666666666667, "foi_pct": 0.041763385212527114, "foi_sequences": [[25, 30], [65, 255], [295, 300], [370, 445], [7845, 7880], [7915, 8310], [15145, 15320], [27170, 27220], [28045, 28070], [28735, 28860], [29670, 29720], [32470, 32540], [32945, 32975], [33400, 33420], [33490, 34065], [34310, 34315], [38455, 38665], [51645, 51805]], "representative_frames": [25, 65, 80, 255, 295, 300, 370, 445, 7845, 7880, 7915, 8310, 15145, 15320, 27170, 27220, 28045, 28070, 28735, 28860, 29670, 29720, 32470, 32540, 32945, 32975, 33400, 33420, 33490, 34065, 34310, 34315, 38455, 38665, 51645, 51805], "representative_frames_count": 36, "static_frames": [25, 65, 80, 300], "static_frames_count": 4}