{"camera_movement_sequences": [], "foi_count_frames": 1705, "foi_count_seconds": 56.83333, "foi_pct": 0.03152, "foi_sequences": [[4350, 4355], [4895, 4960], [5000, 5010], [5045, 5145], [5205, 5390], [5620, 5660], [5750, 5760], [6710, 6785], [7070, 7180], [13895, 14075], [16605, 16675], [24120, 24395], [28000, 28155], [31565, 31570], [31675, 31835], [32040, 32205], [32340, 32365], [41405, 41470], [53650, 53655]], "representative_frames": [5, 4350, 4355, 4895, 4960, 5000, 5010, 5045, 5145, 5205, 5390, 5620, 5660, 5750, 5760, 6710, 6785, 7070, 7180, 13895, 14075, 16605, 16675, 24120, 24395, 28000, 28155, 31565, 31570, 31675, 31835, 32040, 32205, 32340, 32365, 41405, 41470, 53650, 53655], "representative_frames_count": 39, "static_frames": [5], "static_frames_count": 1}