{"camera_movement_sequences": [], "foi_count_frames": 5465, "foi_count_seconds": 182.16666666666666, "foi_pct": 0.1010390474781837, "foi_sequences": [[1265, 1435], [1775, 1825], [1865, 1875], [2210, 2455], [4930, 4940], [10595, 10685], [11315, 11320], [11535, 11610], [11825, 11830], [13315, 13350], [13390, 13400], [14400, 14455], [14515, 14575], [15380, 15420], [17065, 17075], [17430, 17495], [17535, 17585], [17835, 17840], [17890, 17905], [19495, 19515], [20315, 20615], [20835, 20935], [21055, 21155], [21190, 21615], [21740, 21910], [21960, 21990], [22195, 22470], [22700, 22765], [23470, 23565], [26310, 26315], [28265, 28890], [29125, 29240], [29425, 29465], [29535, 29615], [29875, 30045], [30165, 30325], [30850, 30870], [31110, 31190], [31265, 31275], [31370, 31395], [31455, 31480], [31765, 31865], [31940, 31970], [32110, 32285], [32980, 33105], [33230, 33235], [33295, 33550], [33605, 33630], [33665, 33680], [37770, 37975], [38090, 38125], [38185, 38210], [38730, 38740], [38930, 39090], [41380, 41390], [46150, 46265], [46300, 46430], [46565, 46620], [52820, 52870]], "representative_frames": [5, 1265, 1435, 1775, 1825, 1865, 1875, 2210, 2455, 4930, 4940, 10595, 10685, 11315, 11320, 11535, 11610, 11825, 11830, 13315, 13350, 13390, 13400, 14400, 14455, 14515, 14575, 15380, 15420, 17065, 17075, 17430, 17495, 17535, 17585, 17835, 17840, 17890, 17905, 19495, 19515, 20315, 20615, 20835, 20935, 21055, 21155, 21190, 21615, 21740, 21910, 21960, 21990, 22195, 22470, 22700, 22765, 23470, 23565, 26310, 26315, 28265, 28890, 29125, 29240, 29425, 29465, 29535, 29615, 29875, 30045, 30165, 30325, 30850, 30870, 31110, 31190, 31265, 31275, 31370, 31395, 31455, 31480, 31765, 31865, 31940, 31970, 32110, 32285, 32980, 33105, 33230, 33235, 33295, 33550, 33605, 33630, 33665, 33680, 37770, 37975, 38090, 38125, 38185, 38210, 38730, 38740, 38930, 39090, 41380, 41390, 46150, 46265, 46300, 46430, 46565, 46620, 52820, 52870], "representative_frames_count": 119, "static_frames": [5], "static_frames_count": 1}