{"camera_movement_sequences": [], "foi_count_frames": 1705, "foi_count_seconds": 56.833333333333336, "foi_pct": 0.03152270374204999, "foi_sequences": [[4350, 4355], [4895, 5010], [5045, 5145], [5200, 5390], [5620, 5665], [5750, 5760], [6710, 6785], [7070, 7180], [13895, 14075], [16600, 16670], [24120, 24395], [28000, 28155], [31675, 31680], [31715, 31835], [32040, 32205], [32340, 32365], [41435, 41475], [45455, 45465], [53650, 53660]], "representative_frames": [5, 4350, 4355, 4895, 5010, 5045, 5145, 5200, 5390, 5620, 5665, 5750, 5760, 6710, 6785, 7070, 7180, 13895, 14075, 16600, 16670, 24120, 24395, 28000, 28155, 31675, 31680, 31715, 31835, 32040, 32205, 32340, 32365, 41435, 41475, 45455, 45465, 53650, 53660], "representative_frames_count": 39, "static_frames": [5], "static_frames_count": 1}