{"camera_movement_sequences": [], "foi_count_frames": 1145, "foi_count_seconds": 38.16667, "foi_pct": 0.02118, "foi_sequences": [[1895, 1980], [2015, 2300], [3535, 3655], [5710, 5765], [6505, 6575], [7765, 7805], [8905, 8965], [12095, 12175], [14305, 14410], [21605, 21785], [21935, 21945], [27845, 27870], [38220, 38225], [53055, 53080]], "representative_frames": [5, 1895, 1980, 2015, 2300, 3535, 3655, 5710, 5765, 6505, 6575, 7765, 7805, 8905, 8965, 12095, 12175, 14305, 14410, 21605, 21785, 21935, 21945, 27845, 27870, 38220, 38225, 53055, 53080], "representative_frames_count": 29, "static_frames": [5], "static_frames_count": 1}