{"camera_movement_sequences": [], "foi_count_frames": 250, "foi_count_seconds": 8.333333333333334, "foi_pct": 0.004624320224926936, "foi_sequences": [[36455, 36580], [38375, 38495], [38535, 38540]], "representative_frames": [5, 36455, 36580, 38375, 38495, 38535, 38540], "representative_frames_count": 7, "static_frames": [5], "static_frames_count": 1}