{"camera_movement_sequences": [], "foi_count_frames": 13120, "foi_count_seconds": 437.33333, "foi_pct": 0.24268, "foi_sequences": [[410, 425], [1855, 1895], [2015, 2435], [2965, 3250], [3305, 3310], [3965, 4115], [5910, 5915], [8775, 8850], [8890, 9035], [10750, 11705], [11950, 12320], [13420, 13690], [13740, 13755], [14135, 14145], [14210, 14935], [14975, 14985], [15070, 15095], [15135, 15295], [15330, 15370], [15455, 15480], [16255, 16625], [16860, 16885], [16925, 17160], [17230, 17270], [17305, 17330], [17875, 17885], [17950, 18120], [18665, 18750], [18785, 18985], [19035, 19305], [19355, 19910], [19945, 20355], [20405, 20785], [20825, 20835], [20885, 20910], [20995, 21035], [21070, 21080], [21440, 21490], [23435, 23555], [23590, 23600], [23735, 23975], [24275, 24310], [24665, 25085], [25485, 25590], [25635, 25655], [26790, 26795], [27800, 27935], [28385, 28460], [28495, 28555], [29170, 29185], [29220, 29305], [29430, 29475], [29560, 29590], [29630, 29955], [32285, 32550], [32735, 32745], [33340, 33815], [33995, 34010], [34065, 34155], [35060, 35075], [35140, 35170], [35415, 35615], [35680, 35805], [37130, 37420], [40090, 40450], [42530, 43175], [44705, 44710], [44820, 44940], [44985, 45050], [46280, 46295], [46710, 47650], [47700, 47750], [49150, 49155], [49495, 49510], [49580, 49625], [50120, 50260], [50445, 50495], [50545, 50590], [51510, 51575], [51625, 51760], [51805, 51835], [52745, 52980], [53800, 54060]], "representative_frames": [5, 410, 425, 1855, 1895, 2015, 2435, 2965, 3250, 3305, 3310, 3965, 4115, 5910, 5915, 8775, 8850, 8890, 9035, 10750, 11705, 11950, 12320, 13420, 13690, 13740, 13755, 14135, 14145, 14210, 14935, 14975, 14985, 15070, 15095, 15135, 15295, 15330, 15370, 15455, 15480, 16255, 16625, 16860, 16885, 16925, 17160, 17230, 17270, 17305, 17330, 17875, 17885, 17950, 18120, 18665, 18750, 18785, 18985, 19035, 19305, 19355, 19910, 19945, 20355, 20405, 20785, 20825, 20835, 20885, 20910, 20995, 21035, 21070, 21080, 21440, 21490, 23435, 23555, 23590, 23600, 23735, 23975, 24275, 24310, 24665, 25085, 25485, 25590, 25635, 25655, 26790, 26795, 27800, 27935, 28385, 28460, 28495, 28555, 29170, 29185, 29220, 29305, 29430, 29475, 29560, 29590, 29630, 29955, 32285, 32550, 32735, 32745, 33340, 33815, 33995, 34010, 34065, 34155, 35060, 35075, 35140, 35170, 35415, 35615, 35680, 35805, 37130, 37420, 40090, 40450, 42530, 43175, 44705, 44710, 44820, 44940, 44985, 45050, 46280, 46295, 46710, 47650, 47700, 47750, 49150, 49155, 49495, 49510, 49580, 49625, 50120, 50260, 50445, 50495, 50545, 50590, 51510, 51575, 51625, 51760, 51805, 51835, 52745, 52980, 53800, 54060], "representative_frames_count": 167, "static_frames": [5], "static_frames_count": 1}