{"camera_movement_sequences": [], "foi_count_frames": 130, "foi_count_seconds": 4.333333333333333, "foi_pct": 0.002404690997206859, "foi_sequences": [[18065, 18115], [26750, 26785], [29765, 29810]], "representative_frames": [5, 18065, 18115, 26750, 26785, 29765, 29810], "representative_frames_count": 7, "static_frames": [5], "static_frames_count": 1}