{"camera_movement_sequences": [], "foi_count_frames": 5405, "foi_count_seconds": 180.16667, "foi_pct": 0.09993, "foi_sequences": [[1265, 1430], [1805, 1875], [2215, 2455], [4930, 4945], [10595, 10685], [11315, 11320], [11570, 11610], [11825, 11855], [13310, 13350], [13390, 13405], [14400, 14465], [14515, 14570], [15380, 15425], [17430, 17495], [17535, 17585], [17890, 17905], [19490, 19515], [20280, 20615], [20835, 20935], [21075, 21155], [21190, 21615], [21750, 21905], [21965, 21990], [22195, 22475], [22735, 22765], [23470, 23565], [26305, 26315], [28265, 28925], [29130, 29250], [29430, 29465], [29530, 29615], [29865, 30045], [30170, 30280], [30865, 30905], [31095, 31230], [31265, 31275], [31385, 31395], [31455, 31475], [31765, 31865], [31950, 31955], [32105, 32280], [32980, 33100], [33230, 33265], [33305, 33545], [33600, 33615], [37770, 37975], [38090, 38095], [38185, 38210], [38465, 38510], [38730, 38740], [38935, 39090], [41380, 41405], [46155, 46265], [46330, 46425], [46500, 46505], [46590, 46615], [52830, 52870]], "representative_frames": [5, 1265, 1430, 1805, 1875, 2215, 2455, 4930, 4945, 10595, 10685, 11315, 11320, 11570, 11610, 11825, 11855, 13310, 13350, 13390, 13405, 14400, 14465, 14515, 14570, 15380, 15425, 17430, 17495, 17535, 17585, 17890, 17905, 19490, 19515, 20280, 20615, 20835, 20935, 21075, 21155, 21190, 21615, 21750, 21905, 21965, 21990, 22195, 22475, 22735, 22765, 23470, 23565, 26305, 26315, 28265, 28925, 29130, 29250, 29430, 29465, 29530, 29615, 29865, 30045, 30170, 30280, 30865, 30905, 31095, 31230, 31265, 31275, 31385, 31395, 31455, 31475, 31765, 31865, 31950, 31955, 32105, 32280, 32980, 33100, 33230, 33265, 33305, 33545, 33600, 33615, 37770, 37975, 38090, 38095, 38185, 38210, 38465, 38510, 38730, 38740, 38935, 39090, 41380, 41405, 46155, 46265, 46330, 46425, 46500, 46505, 46590, 46615, 52830, 52870], "representative_frames_count": 115, "static_frames": [5], "static_frames_count": 1}