{"camera_movement_sequences": [], "foi_count_frames": 685, "foi_count_seconds": 22.83333, "foi_pct": 0.01267, "foi_sequences": [[10445, 10500], [22360, 22475], [23945, 23975], [29220, 29325], [33475, 33480], [37790, 37795], [40235, 40265], [41285, 41290], [42525, 42700], [45170, 45245], [49150, 49235]], "representative_frames": [5, 10445, 10500, 22360, 22475, 23945, 23975, 29220, 29325, 33475, 33480, 37790, 37795, 40235, 40265, 41285, 41290, 42525, 42700, 45170, 45245, 49150, 49235], "representative_frames_count": 23, "static_frames": [5], "static_frames_count": 1}