{"camera_movement_sequences": [], "foi_count_frames": 775, "foi_count_seconds": 25.833333333333332, "foi_pct": 0.014335923048464668, "foi_sequences": [[11940, 12090], [22080, 22220], [22865, 22870], [26755, 26890], [30590, 30650], [34975, 34980], [37900, 37905], [42420, 42445], [44040, 44185], [46455, 46560]], "representative_frames": [5, 11940, 12090, 22080, 22220, 22865, 22870, 26755, 26890, 30590, 30650, 34975, 34980, 37900, 37905, 42420, 42445, 44040, 44185, 46455, 46560], "representative_frames_count": 21, "static_frames": [5], "static_frames_count": 1}