{"camera_movement_sequences": [], "foi_count_frames": 740, "foi_count_seconds": 24.666666666666668, "foi_pct": 0.01368798786578373, "foi_sequences": [[10445, 10500], [22360, 22475], [23975, 24040], [29220, 29325], [33475, 33480], [37790, 37800], [40235, 40265], [41285, 41290], [42520, 42705], [45170, 45250], [49150, 49235]], "representative_frames": [5, 10445, 10500, 22360, 22475, 23975, 24040, 29220, 29325, 33475, 33480, 37790, 37800, 40235, 40265, 41285, 41290, 42520, 42705, 45170, 45250, 49150, 49235], "representative_frames_count": 23, "static_frames": [5], "static_frames_count": 1}