{"camera_movement_sequences": [], "foi_count_frames": 115, "foi_count_seconds": 3.83333, "foi_pct": 0.00213, "foi_sequences": [[1325, 1330], [1365, 1390], [13470, 13540], [13580, 13595]], "representative_frames": [1325, 1330, 1365, 1390, 13470, 13540, 13580, 13595], "representative_frames_count": 8, "static_frames": [1325], "static_frames_count": 1}