{"camera_movement_sequences": [], "foi_count_frames": 205, "foi_count_seconds": 6.833333333333333, "foi_pct": 0.0037919425844400874, "foi_sequences": [[8275, 8290], [19455, 19550], [20515, 20590], [27260, 27265], [32195, 32210]], "representative_frames": [5, 8275, 8290, 19455, 19550, 20515, 20590, 27260, 27265, 32195, 32210], "representative_frames_count": 11, "static_frames": [5], "static_frames_count": 1}