{"camera_movement_sequences": [], "foi_count_frames": 13540, "foi_count_seconds": 451.3333333333333, "foi_pct": 0.25045318338204287, "foi_sequences": [[410, 425], [1995, 2445], [2965, 3260], [3965, 4115], [4155, 4160], [5910, 5915], [7950, 7990], [8690, 8705], [8790, 8850], [8890, 9035], [10065, 10085], [10665, 10680], [10765, 11705], [11950, 12320], [13430, 13690], [13740, 13750], [14135, 14145], [14210, 14925], [15070, 15095], [15135, 15370], [16255, 16625], [16860, 16885], [16925, 17160], [17195, 17270], [17305, 17330], [17875, 17910], [17950, 18120], [18665, 19305], [19345, 19910], [19960, 19985], [20020, 20355], [20405, 20415], [20465, 20735], [20775, 20785], [20825, 20850], [21010, 21035], [21070, 21095], [21440, 21515], [23435, 23555], [23590, 23625], [23660, 23980], [24275, 24325], [24665, 25065], [25485, 25590], [25635, 25655], [26790, 26795], [27800, 27905], [28385, 28460], [28495, 28555], [29170, 29185], [29220, 29305], [29430, 29505], [29560, 29955], [32285, 32410], [32445, 32545], [32640, 32655], [33340, 33815], [33995, 34010], [34075, 34155], [35060, 35075], [35130, 35185], [35405, 35600], [35680, 35755], [35800, 35805], [37130, 37460], [40065, 40460], [42530, 43195], [44695, 44720], [44815, 44940], [44990, 45060], [46250, 46300], [46340, 46345], [46710, 47635], [47685, 47750], [49150, 49170], [49295, 49335], [49490, 49535], [49580, 49615], [50120, 50260], [50450, 50495], [50545, 50590], [51500, 51590], [51625, 51760], [51820, 51850], [52730, 52990], [53800, 54060]], "representative_frames": [5, 410, 425, 1995, 2445, 2965, 3260, 3965, 4115, 4155, 4160, 5910, 5915, 7950, 7990, 8690, 8705, 8790, 8850, 8890, 9035, 10065, 10085, 10665, 10680, 10765, 11705, 11950, 12320, 13430, 13690, 13740, 13750, 14135, 14145, 14210, 14925, 15070, 15095, 15135, 15370, 16255, 16625, 16860, 16885, 16925, 17160, 17195, 17270, 17305, 17330, 17875, 17910, 17950, 18120, 18665, 19305, 19345, 19910, 19960, 19985, 20020, 20355, 20405, 20415, 20465, 20735, 20775, 20785, 20825, 20850, 21010, 21035, 21070, 21095, 21440, 21515, 23435, 23555, 23590, 23625, 23660, 23980, 24275, 24325, 24665, 25065, 25485, 25590, 25635, 25655, 26790, 26795, 27800, 27905, 28385, 28460, 28495, 28555, 29170, 29185, 29220, 29305, 29430, 29505, 29560, 29955, 32285, 32410, 32445, 32545, 32640, 32655, 33340, 33815, 33995, 34010, 34075, 34155, 35060, 35075, 35130, 35185, 35405, 35600, 35680, 35755, 35800, 35805, 37130, 37460, 40065, 40460, 42530, 43195, 44695, 44720, 44815, 44940, 44990, 45060, 46250, 46300, 46340, 46345, 46710, 47635, 47685, 47750, 49150, 49170, 49295, 49335, 49490, 49535, 49580, 49615, 50120, 50260, 50450, 50495, 50545, 50590, 51500, 51590, 51625, 51760, 51820, 51850, 52730, 52990, 53800, 54060], "representative_frames_count": 173, "static_frames": [5], "static_frames_count": 1}