{"camera_movement_sequences": [], "foi_count_frames": 185, "foi_count_seconds": 6.166666666666667, "foi_pct": 0.0034219969664459325, "foi_sequences": [[22200, 22290], [26060, 26155]], "representative_frames": [5, 22200, 22290, 26060, 26155], "representative_frames_count": 5, "static_frames": [5], "static_frames_count": 1}