{"camera_movement_sequences": [], "foi_count_frames": 25, "foi_count_seconds": 0.8333333333333334, "foi_pct": 0.004274965800273598, "foi_sequences": [[5605, 5625], [5665, 5670]], "representative_frames": [5, 5605, 5625, 5665, 5670], "representative_frames_count": 5, "static_frames": [5], "static_frames_count": 1}