{"camera_movement_sequences": [], "foi_count_frames": 1070, "foi_count_seconds": 35.666666666666664, "foi_pct": 0.019792456669317993, "foi_sequences": [[1895, 1980], [2015, 2040], [2080, 2300], [3535, 3655], [5700, 5750], [6505, 6575], [8335, 8345], [8395, 8400], [8900, 8965], [12095, 12175], [14305, 14410], [16135, 16140], [21605, 21785], [21935, 21945], [27845, 27870], [27935, 27940], [38215, 38225]], "representative_frames": [5, 1895, 1980, 2015, 2040, 2080, 2300, 3535, 3655, 5700, 5750, 6505, 6575, 8335, 8345, 8395, 8400, 8900, 8965, 12095, 12175, 14305, 14410, 16135, 16140, 21605, 21785, 21935, 21945, 27845, 27870, 27935, 27940, 38215, 38225], "representative_frames_count": 35, "static_frames": [5], "static_frames_count": 1}