{"camera_movement_sequences": [[27840, 27850]], "foi_count_frames": 805, "foi_count_seconds": 26.83333, "foi_pct": 0.01489, "foi_sequences": [[27795, 28115], [28800, 29100], [42475, 42570], [47465, 47555]], "representative_frames": [5, 27795, 28115, 28800, 29100, 42475, 42570, 47465, 47555], "representative_frames_count": 9, "static_frames": [5], "static_frames_count": 1}