{"camera_movement_sequences": [[88810, 88820], [99270, 99300]], "foi_count_frames": 12170, "foi_count_seconds": 202.83333333333334, "foi_pct": 0.11256428280735506, "foi_sequences": [[15850, 16445], [20490, 20995], [45170, 46395], [48560, 48565], [49595, 49600], [49910, 50115], [50270, 50285], [51100, 51135], [51210, 51420], [51640, 51720], [52075, 52140], [52840, 52860], [53040, 53175], [68145, 68355], [68550, 69440], [87185, 87735], [88335, 90665], [90930, 92345], [92490, 92550], [93485, 94170], [96030, 96340], [96470, 97550], [97625, 97770], [98210, 99605]], "representative_frames": [5, 15850, 16445, 20490, 20995, 45170, 46395, 48560, 48565, 49595, 49600, 49910, 50115, 50270, 50285, 51100, 51135, 51210, 51420, 51640, 51720, 52075, 52140, 52840, 52860, 53040, 53175, 68145, 68355, 68550, 69440, 87185, 87735, 88335, 90665, 90930, 92345, 92490, 92550, 93485, 94170, 96030, 96340, 96470, 97550, 97625, 97770, 98210, 99605], "representative_frames_count": 49, "static_frames": [5], "static_frames_count": 1}