{"camera_movement_sequences": [[11000, 11015], [20625, 20640], [42660, 42670], [84110, 84120], [98205, 98250], [106375, 106450]], "foi_count_frames": 24370, "foi_count_seconds": 406.1666666666667, "foi_pct": 0.22539562157212753, "foi_sequences": [[6775, 6780], [9700, 10665], [10890, 11465], [12135, 13205], [13275, 13470], [14440, 14550], [14715, 17080], [17165, 17510], [17655, 18135], [18375, 18400], [18870, 18885], [20630, 20645], [22230, 22255], [25440, 25470], [26660, 27220], [28640, 30100], [31830, 32020], [33305, 34735], [35350, 35685], [37485, 37510], [38275, 38290], [38565, 38600], [42595, 43075], [54850, 54895], [67470, 67570], [72165, 72175], [72240, 72405], [72490, 72535], [75465, 75505], [75610, 75720], [75860, 76615], [77610, 78140], [78465, 78560], [79295, 82555], [82810, 83025], [83325, 83430], [83695, 84190], [84910, 84980], [86550, 86590], [87525, 87600], [89715, 90330], [90525, 90585], [90930, 90980], [91280, 92155], [92565, 92625], [92985, 93130], [93560, 93590], [94170, 94380], [94940, 94965], [95410, 95530], [95710, 96430], [96810, 99525], [100905, 101050], [101275, 101290], [101385, 101710], [101840, 101925], [102385, 102535], [102720, 102765], [102870, 102895], [104310, 104890], [105425, 105430], [106110, 106150], [106245, 106530], [107060, 107100], [108020, 108120]], "representative_frames": [5, 6775, 6780, 9700, 10665, 10890, 11465, 12135, 13205, 13275, 13470, 14440, 14550, 14715, 17080, 17165, 17510, 17655, 18135, 18375, 18400, 18870, 18885, 20630, 20645, 22230, 22255, 25440, 25470, 26660, 27220, 28640, 30100, 31830, 32020, 33305, 34735, 35350, 35685, 37485, 37510, 38275, 38290, 38565, 38600, 42595, 43075, 54850, 54895, 67470, 67570, 72165, 72175, 72240, 72405, 72490, 72535, 75465, 75505, 75610, 75720, 75860, 76615, 77610, 78140, 78465, 78560, 79295, 82555, 82810, 83025, 83325, 83430, 83695, 84190, 84910, 84980, 86550, 86590, 87525, 87600, 89715, 90330, 90525, 90585, 90930, 90980, 91280, 92155, 92565, 92625, 92985, 93130, 93560, 93590, 94170, 94380, 94940, 94965, 95410, 95530, 95710, 96430, 96810, 98035, 98180, 98800, 99525, 100905, 101050, 101275, 101290, 101385, 101710, 101840, 101925, 102385, 102535, 102720, 102765, 102870, 102895, 104310, 104890, 105425, 105430, 106110, 106150, 106245, 106410, 106525, 106530, 107060, 107100, 108020, 108120], "representative_frames_count": 136, "static_frames": [5, 98035, 98180, 98800, 106410, 106525], "static_frames_count": 6}