{"camera_movement_sequences": [], "foi_count_frames": 10, "foi_count_seconds": 0.16666666666666666, "foi_pct": 9.254032444637751e-05, "foi_sequences": [[65165, 65170], [83645, 83650]], "representative_frames": [5, 65165, 65170, 83645, 83650], "representative_frames_count": 5, "static_frames": [5], "static_frames_count": 1}