{"camera_movement_sequences": [[43800, 43815], [44290, 44325], [44410, 44475], [49635, 49650]], "foi_count_frames": 7090, "foi_count_seconds": 236.33333, "foi_pct": 0.13115, "foi_sequences": [[7925, 8325], [8395, 8400], [9750, 9755], [10080, 10125], [10190, 10505], [22590, 23200], [23760, 23770], [23895, 23945], [24800, 24805], [24945, 25145], [25530, 25715], [25805, 25865], [26025, 26075], [26225, 26285], [26405, 26445], [26520, 26615], [34065, 34185], [34245, 34725], [43590, 43870], [44170, 45335], [45455, 46275], [46745, 47105], [47715, 47745], [48005, 49000], [49105, 49810]], "representative_frames": [5, 7925, 8325, 8395, 8400, 9750, 9755, 10080, 10125, 10190, 10505, 22590, 23200, 23760, 23770, 23895, 23945, 24800, 24805, 24945, 25145, 25530, 25715, 25805, 25865, 26025, 26075, 26225, 26285, 26405, 26445, 26520, 26615, 34065, 34185, 34245, 34725, 43590, 43870, 44170, 45335, 45455, 46275, 46745, 47105, 47715, 47745, 48005, 49000, 49105, 49810], "representative_frames_count": 51, "static_frames": [5], "static_frames_count": 1}