{"camera_movement_sequences": [], "foi_count_frames": 410, "foi_count_seconds": 13.66667, "foi_pct": 0.00758, "foi_sequences": [[44785, 44830], [44915, 44970], [45040, 45045], [45165, 45275], [45775, 45970]], "representative_frames": [5, 44785, 44830, 44915, 44970, 45040, 45045, 45165, 45275, 45775, 45970], "representative_frames_count": 11, "static_frames": [5], "static_frames_count": 1}