{"camera_movement_sequences": [[19655, 19675]], "foi_count_frames": 1720, "foi_count_seconds": 57.33333, "foi_pct": 0.03182, "foi_sequences": [[4870, 5380], [9420, 9775], [17860, 18235], [19235, 19715]], "representative_frames": [5, 4870, 5380, 9420, 9775, 17860, 18235, 19235, 19715], "representative_frames_count": 9, "static_frames": [5], "static_frames_count": 1}