{"camera_movement_sequences": [[5485, 5515], [5580, 5610], [10315, 10320], [13480, 13490], [14355, 14380], [38850, 38875], [39830, 39845], [42035, 42060], [52320, 52355], [52400, 52415], [53190, 53220]], "foi_count_frames": 14825, "foi_count_seconds": 494.16667, "foi_pct": 0.27422, "foi_sequences": [[4845, 5335], [5445, 5735], [6070, 6815], [7220, 7305], [7355, 8765], [8820, 9075], [9120, 9130], [9180, 9205], [9435, 9445], [9755, 9760], [9835, 9855], [11120, 11130], [12725, 12735], [13210, 13275], [13325, 13630], [14320, 15110], [15860, 15870], [15905, 16020], [16085, 16145], [16255, 16305], [16435, 16475], [16650, 17375], [17585, 17600], [17670, 17845], [18740, 18760], [19135, 19165], [19280, 19305], [21300, 21545], [21605, 21690], [27375, 27530], [29855, 29870], [29905, 29955], [32810, 32840], [33720, 33875], [36080, 36280], [37730, 38310], [38810, 39135], [39200, 39285], [39650, 41295], [41355, 41360], [41405, 41540], [41655, 41720], [41755, 41770], [41815, 42095], [42445, 42495], [43275, 43310], [43500, 43505], [43760, 43805], [44860, 45205], [45245, 45335], [45465, 45490], [45645, 46080], [46260, 46325], [46430, 46575], [46755, 46800], [47085, 47270], [47465, 47615], [47690, 47765], [47855, 48220], [48320, 49765], [50445, 50535], [50635, 51000], [51065, 51070], [51180, 51295], [51350, 51545], [51590, 51635], [51775, 51810], [52155, 52450], [53030, 53270], [53525, 53555], [54015, 54060]], "representative_frames": [5, 4845, 5335, 5445, 5735, 6070, 6815, 7220, 7305, 7355, 8765, 8820, 9075, 9120, 9130, 9180, 9205, 9435, 9445, 9755, 9760, 9835, 9855, 11120, 11130, 12725, 12735, 13210, 13275, 13325, 13630, 14320, 15110, 15860, 15870, 15905, 16020, 16085, 16145, 16255, 16305, 16435, 16475, 16650, 17375, 17585, 17600, 17670, 17845, 18740, 18760, 19135, 19165, 19280, 19305, 21300, 21545, 21605, 21690, 27375, 27530, 29855, 29870, 29905, 29955, 32810, 32840, 33720, 33875, 36080, 36280, 37730, 38310, 38810, 39135, 39200, 39285, 39650, 41295, 41355, 41360, 41405, 41540, 41655, 41720, 41755, 41770, 41815, 42095, 42445, 42495, 43275, 43310, 43500, 43505, 43760, 43805, 44860, 45205, 45245, 45335, 45465, 45490, 45645, 46080, 46260, 46325, 46430, 46575, 46755, 46800, 47085, 47270, 47465, 47615, 47690, 47765, 47855, 48220, 48320, 49020, 49105, 49400, 49765, 50445, 50535, 50635, 51000, 51065, 51070, 51180, 51295, 51350, 51545, 51590, 51635, 51775, 51810, 52155, 52450, 53030, 53205, 53225, 53270, 53525, 53555, 54015, 54060], "representative_frames_count": 148, "static_frames": [5, 49020, 49105, 49400, 53205, 53225], "static_frames_count": 6}