{"camera_movement_sequences": [[23280, 23295], [23545, 23555], [23595, 23615], [24020, 24025], [24410, 24425], [24495, 24515], [24630, 24695], [25640, 25645], [26270, 26385], [26685, 26720], [27620, 27675], [27830, 27835], [27995, 28000], [29270, 29295], [29370, 29455], [46955, 46975], [47085, 47110], [47150, 47175], [47930, 47940]], "foi_count_frames": 10630, "foi_count_seconds": 354.33333, "foi_pct": 0.19663, "foi_sequences": [[16995, 18100], [18385, 18400], [18515, 18560], [18770, 18805], [19260, 19955], [21020, 21035], [21080, 22005], [22325, 22330], [22425, 22430], [22745, 24710], [24875, 26440], [26635, 26765], [27610, 29485], [46820, 47015], [47055, 47200], [47870, 48545], [48595, 48730], [48870, 48895], [48980, 49055], [49440, 49445], [50065, 50110], [50305, 50315], [50450, 50885], [50920, 50945], [51195, 51675]], "representative_frames": [5, 16995, 18100, 18385, 18400, 18515, 18560, 18770, 18805, 19260, 19955, 21020, 21035, 21080, 22005, 22325, 22330, 22425, 22430, 22745, 24710, 24875, 26440, 26635, 26765, 27610, 29140, 29180, 29325, 29420, 29450, 29485, 46820, 46940, 47015, 47055, 47200, 47870, 47950, 47970, 48030, 48545, 48595, 48730, 48870, 48895, 48980, 49055, 49440, 49445, 50065, 50110, 50305, 50315, 50450, 50885, 50920, 50945, 51195, 51590, 51675], "representative_frames_count": 61, "static_frames": [5, 29140, 29180, 29325, 29420, 29450, 46940, 47950, 47970, 48030, 51590], "static_frames_count": 11}