{"camera_movement_sequences": [], "foi_count_frames": 490, "foi_count_seconds": 8.166666666666666, "foi_pct": 0.004531959563822015, "foi_sequences": [[89565, 89655], [89880, 89905], [90315, 90460], [91585, 91635], [91755, 91935]], "representative_frames": [5, 89565, 89655, 89880, 89905, 90315, 90460, 91585, 91635, 91755, 91935], "representative_frames_count": 11, "static_frames": [5], "static_frames_count": 1}