{"camera_movement_sequences": [[44280, 44315], [82420, 82460]], "foi_count_frames": 13070, "foi_count_seconds": 217.83333333333334, "foi_pct": 0.12088308469215046, "foi_sequences": [[2990, 3910], [4055, 4130], [23915, 24060], [24165, 24970], [25090, 25150], [26360, 26835], [44220, 45170], [46585, 47760], [47880, 47890], [48000, 48615], [51225, 51540], [57650, 58570], [59820, 60310], [62740, 63720], [67150, 67245], [68940, 68945], [71630, 71685], [71750, 71780], [72505, 72970], [73870, 73970], [74065, 74075], [74580, 74890], [74990, 75530], [76705, 77125], [77900, 77905], [78590, 79370], [82330, 82505], [85525, 85840], [86195, 86890], [96760, 96850], [99455, 99625], [99700, 100140], [103910, 104340], [105525, 105530]], "representative_frames": [5, 2990, 3910, 4055, 4130, 23915, 24060, 24165, 24970, 25090, 25150, 26360, 26835, 44220, 45170, 46585, 47760, 47880, 47890, 48000, 48615, 51225, 51540, 57650, 58570, 59820, 60310, 62740, 63720, 67150, 67245, 68940, 68945, 71630, 71685, 71750, 71780, 72505, 72970, 73870, 73970, 74065, 74075, 74580, 74890, 74990, 75530, 76705, 77125, 77900, 77905, 78590, 79370, 82330, 82505, 85525, 85840, 86195, 86890, 96760, 96850, 99455, 99625, 99700, 100140, 103910, 104340, 105525, 105530], "representative_frames_count": 69, "static_frames": [5], "static_frames_count": 1}