{"camera_movement_sequences": [], "foi_count_frames": 575, "foi_count_seconds": 9.583333333333334, "foi_pct": 0.005318115814689098, "foi_sequences": [[80385, 80865], [81105, 81200]], "representative_frames": [5, 80385, 80865, 81105, 81200], "representative_frames_count": 5, "static_frames": [5], "static_frames_count": 1}