{"camera_movement_sequences": [], "foi_count_frames": 1480, "foi_count_seconds": 24.666666666666668, "foi_pct": 0.013688367662156288, "foi_sequences": [[55590, 56190], [57590, 58190], [84945, 85070], [94950, 95105]], "representative_frames": [5, 55590, 56190, 57590, 58190, 84945, 85070, 94950, 95105], "representative_frames_count": 9, "static_frames": [5], "static_frames_count": 1}