{"camera_movement_sequences": [[75930, 75990]], "foi_count_frames": 1045, "foi_count_seconds": 17.416666666666668, "foi_pct": 0.009665097437130623, "foi_sequences": [[75885, 76070], [81210, 81510], [82805, 83240], [83405, 83420], [83565, 83610], [84075, 84105], [84855, 84890]], "representative_frames": [5, 75885, 76070, 81210, 81510, 82805, 83240, 83405, 83420, 83565, 83610, 84075, 84105, 84855, 84890], "representative_frames_count": 15, "static_frames": [5], "static_frames_count": 1}