{"camera_movement_sequences": [[25045, 25050]], "foi_count_frames": 6860, "foi_count_seconds": 228.66666666666666, "foi_pct": 0.1268913469719951, "foi_sequences": [[8405, 8695], [9660, 10015], [23020, 24810], [24880, 26280], [26365, 26970], [29510, 29520], [33715, 34255], [44530, 44985], [45130, 45490], [45845, 45990], [46145, 46480], [47675, 48250]], "representative_frames": [5, 8405, 8695, 9660, 10015, 23020, 24810, 24880, 25055, 25090, 26280, 26365, 26970, 29510, 29520, 33715, 34255, 44530, 44770, 44985, 45130, 45155, 45160, 45175, 45490, 45845, 45990, 46145, 46210, 46235, 46480, 47675, 47920, 47935, 47945, 48250], "representative_frames_count": 36, "static_frames": [5, 25055, 25090, 44770, 45155, 45160, 45175, 46210, 46235, 47920, 47935, 47945], "static_frames_count": 12}