{"camera_movement_sequences": [], "foi_count_frames": 16880, "foi_count_seconds": 562.66667, "foi_pct": 0.31223, "foi_sequences": [[2285, 2290], [4525, 4530], [4750, 4910], [6640, 6875], [6995, 7180], [8465, 8595], [8785, 9030], [9130, 9490], [9770, 10135], [10175, 10735], [13190, 13645], [13685, 13750], [14500, 14725], [14795, 15315], [15455, 15845], [15965, 16505], [16660, 16675], [17425, 17650], [18550, 18770], [19145, 19390], [21675, 21895], [23380, 23395], [24220, 24670], [26920, 26950], [27185, 27595], [29530, 29970], [32675, 32955], [33640, 34195], [35875, 36340], [36870, 36880], [37310, 37315], [37645, 37805], [39235, 39400], [39870, 39970], [40085, 40145], [40425, 40855], [41710, 41765], [42080, 42090], [42965, 43030], [43115, 43120], [43175, 43605], [43640, 43840], [44065, 44095], [44185, 44210], [44315, 44330], [44375, 44415], [44450, 44575], [44690, 44720], [44810, 44815], [44915, 44950], [44985, 45145], [45300, 46815], [47095, 47950], [48010, 48445], [48680, 49210], [49270, 49345], [49495, 49540], [49715, 49975], [50060, 50610], [50645, 50660], [50710, 51835], [51875, 52520], [52755, 52840], [52895, 53230], [53265, 53495], [53855, 53860]], "representative_frames": [5, 2285, 2290, 4525, 4530, 4750, 4910, 6640, 6875, 6995, 7180, 8465, 8595, 8785, 9030, 9130, 9490, 9770, 10135, 10175, 10735, 13190, 13645, 13685, 13750, 14500, 14725, 14795, 15315, 15455, 15845, 15965, 16505, 16660, 16675, 17425, 17650, 18550, 18770, 19145, 19390, 21675, 21895, 23380, 23395, 24220, 24670, 26920, 26950, 27185, 27595, 29530, 29970, 32675, 32955, 33640, 34195, 35875, 36340, 36870, 36880, 37310, 37315, 37645, 37805, 39235, 39400, 39870, 39970, 40085, 40145, 40425, 40855, 41710, 41765, 42080, 42090, 42965, 43030, 43115, 43120, 43175, 43605, 43640, 43840, 44065, 44095, 44185, 44210, 44315, 44330, 44375, 44415, 44450, 44575, 44690, 44720, 44810, 44815, 44915, 44950, 44985, 45145, 45300, 45385, 46815, 47095, 47950, 48010, 48445, 48680, 49210, 49270, 49345, 49495, 49540, 49715, 49975, 50060, 50610, 50645, 50660, 50710, 51835, 51875, 52520, 52755, 52840, 52895, 53230, 53265, 53495, 53855, 53860], "representative_frames_count": 134, "static_frames": [5, 45385], "static_frames_count": 2}