{"camera_movement_sequences": [], "foi_count_frames": 3940, "foi_count_seconds": 131.33333, "foi_pct": 0.07288, "foi_sequences": [[8605, 8905], [9425, 9780], [9860, 11080], [11135, 11895], [48440, 48690], [48980, 49255], [49435, 49820], [50595, 50990]], "representative_frames": [5, 8605, 8905, 9425, 9780, 9860, 11080, 11135, 11895, 48440, 48690, 48980, 49255, 49435, 49820, 50595, 50990], "representative_frames_count": 17, "static_frames": [5], "static_frames_count": 1}