{"camera_movement_sequences": [], "foi_count_frames": 1795, "foi_count_seconds": 59.833333333333336, "foi_pct": 0.0332026192149754, "foi_sequences": [[29315, 29590], [37120, 37150], [37190, 37480], [46175, 46635], [46795, 47230], [47350, 47475], [47545, 47725]], "representative_frames": [5, 29315, 29590, 37120, 37150, 37190, 37480, 46175, 46635, 46795, 47230, 47350, 47475, 47545, 47725], "representative_frames_count": 15, "static_frames": [5], "static_frames_count": 1}