{"camera_movement_sequences": [], "foi_count_frames": 1895, "foi_count_seconds": 63.16667, "foi_pct": 0.03505, "foi_sequences": [[14215, 14220], [14265, 14955], [17030, 17540], [42225, 42755], [53900, 54060]], "representative_frames": [5, 14215, 14220, 14265, 14955, 17030, 17540, 42225, 42755, 53900, 54060], "representative_frames_count": 11, "static_frames": [5], "static_frames_count": 1}