{"camera_movement_sequences": [], "foi_count_frames": 4300, "foi_count_seconds": 143.33333, "foi_pct": 0.07958, "foi_sequences": [[590, 885], [1370, 1445], [1505, 1865], [2010, 2030], [2080, 2085], [2125, 2435], [2940, 3970], [21825, 22725], [27915, 28235], [34470, 34770], [35250, 35415], [51235, 51500], [51895, 52150]], "representative_frames": [5, 590, 885, 1370, 1445, 1505, 1865, 2010, 2030, 2080, 2085, 2125, 2435, 2940, 3970, 21825, 22725, 27915, 28235, 34470, 34770, 35250, 35415, 51235, 51500, 51895, 52150], "representative_frames_count": 27, "static_frames": [5], "static_frames_count": 1}