{"camera_movement_sequences": [[4645, 4650]], "foi_count_frames": 13660, "foi_count_seconds": 455.33333, "foi_pct": 0.25267, "foi_sequences": [[1475, 2115], [2680, 3025], [3100, 3765], [3850, 4945], [5165, 5170], [5245, 5260], [5795, 6400], [6670, 6905], [9850, 9855], [9920, 10260], [10690, 10990], [11745, 11920], [13195, 13630], [13880, 13915], [13990, 14020], [15060, 15250], [15750, 16295], [16525, 17110], [17485, 17740], [17780, 18085], [18305, 18545], [18985, 19180], [19325, 19390], [21540, 21780], [21920, 22115], [23060, 23065], [30925, 30970], [40085, 40480], [40935, 42630], [42685, 42900], [44045, 45130], [45175, 47650], [53075, 53080]], "representative_frames": [5, 1475, 2115, 2680, 3025, 3100, 3765, 3850, 4945, 5165, 5170, 5245, 5260, 5795, 6400, 6670, 6905, 9850, 9855, 9920, 10260, 10690, 10990, 11745, 11920, 13195, 13630, 13880, 13915, 13990, 14020, 15060, 15250, 15750, 16295, 16525, 17110, 17485, 17740, 17780, 18085, 18305, 18545, 18985, 19180, 19325, 19390, 21540, 21780, 21920, 22115, 23060, 23065, 30925, 30970, 40085, 40480, 40935, 42630, 42685, 42900, 44045, 45130, 45175, 45660, 45670, 45700, 45845, 46005, 46120, 46145, 46195, 46405, 46590, 46860, 46920, 47405, 47420, 47465, 47580, 47650, 53075, 53080], "representative_frames_count": 83, "static_frames": [5, 45660, 45670, 45700, 45845, 46005, 46120, 46145, 46195, 46405, 46590, 46860, 46920, 47405, 47420, 47465, 47580], "static_frames_count": 17}