{"camera_movement_sequences": [[29275, 29290], [37420, 37425]], "foi_count_frames": 2420, "foi_count_seconds": 80.66667, "foi_pct": 0.04474, "foi_sequences": [[1900, 1960], [12165, 12315], [12925, 13100], [22540, 22690], [23400, 23475], [23585, 23840], [29230, 29395], [29680, 29850], [33660, 33900], [36940, 37055], [37300, 37525], [38555, 38645], [39205, 39380], [43510, 43750], [52320, 52455]], "representative_frames": [5, 1900, 1960, 12165, 12315, 12925, 13100, 22540, 22690, 23400, 23475, 23585, 23840, 29230, 29395, 29680, 29850, 33660, 33900, 36940, 37055, 37300, 37525, 38555, 38645, 39205, 39380, 43510, 43750, 52320, 52455], "representative_frames_count": 31, "static_frames": [5], "static_frames_count": 1}