{"camera_movement_sequences": [], "foi_count_frames": 16990, "foi_count_seconds": 566.3333333333334, "foi_pct": 0.31426880248603456, "foi_sequences": [[2285, 2290], [4525, 4530], [4750, 4910], [6640, 6875], [6995, 7180], [8465, 8595], [8785, 9030], [9130, 9490], [9770, 10140], [10175, 10735], [13190, 13645], [13685, 13765], [14500, 14725], [14795, 15315], [15455, 15845], [15965, 16505], [16655, 16675], [17425, 17650], [18550, 18770], [19145, 19390], [21675, 21905], [23380, 23395], [24220, 24670], [26920, 26950], [27185, 27595], [29535, 29970], [32560, 32565], [32675, 32955], [33640, 34195], [35875, 36340], [36875, 36880], [37310, 37315], [37385, 37405], [37645, 37805], [39235, 39400], [39870, 39970], [40085, 40120], [40425, 40855], [41710, 41765], [42075, 42090], [42965, 43030], [43100, 43120], [43175, 43605], [43640, 43840], [44065, 44095], [44180, 44210], [44315, 44330], [44380, 44575], [44690, 44720], [44810, 44815], [44905, 45145], [45300, 46815], [47095, 47950], [48055, 48445], [48680, 49210], [49270, 49345], [49495, 49540], [49715, 49985], [50080, 50605], [50645, 50660], [50710, 51835], [51875, 52520], [52755, 52840], [52885, 53495], [53855, 53860]], "representative_frames": [5, 2285, 2290, 4525, 4530, 4750, 4910, 6640, 6875, 6995, 7180, 8465, 8595, 8785, 9030, 9130, 9490, 9770, 10140, 10175, 10735, 13190, 13645, 13685, 13765, 14500, 14725, 14795, 15315, 15455, 15845, 15965, 16505, 16655, 16675, 17425, 17650, 18550, 18770, 19145, 19390, 21675, 21905, 23380, 23395, 24220, 24670, 26920, 26950, 27185, 27595, 29535, 29970, 32560, 32565, 32675, 32955, 33640, 34195, 35875, 36340, 36875, 36880, 37310, 37315, 37385, 37405, 37645, 37805, 39235, 39400, 39870, 39970, 40085, 40120, 40425, 40855, 41710, 41765, 42075, 42090, 42965, 43030, 43100, 43120, 43175, 43605, 43640, 43840, 44065, 44095, 44180, 44210, 44315, 44330, 44380, 44575, 44690, 44720, 44810, 44815, 44905, 45145, 45300, 45385, 46815, 47095, 47950, 48055, 48445, 48680, 49210, 49270, 49345, 49495, 49540, 49715, 49985, 50080, 50605, 50645, 50660, 50710, 51835, 51875, 52520, 52755, 52840, 52885, 53495, 53855, 53860], "representative_frames_count": 132, "static_frames": [5, 45385], "static_frames_count": 2}