{"camera_movement_sequences": [], "foi_count_frames": 1070, "foi_count_seconds": 35.666666666666664, "foi_pct": 0.019804545791071295, "foi_sequences": [[5, 250], [14890, 14920], [24515, 24870], [44005, 44220], [44475, 44700]], "representative_frames": [5, 250, 14890, 14920, 24515, 24680, 24870, 44005, 44220, 44475, 44700], "representative_frames_count": 11, "static_frames": [5, 24680], "static_frames_count": 2}