{"camera_movement_sequences": [], "foi_count_frames": 970, "foi_count_seconds": 32.333333333333336, "foi_pct": 0.01794236247271651, "foi_sequences": [[28135, 28345], [28615, 28790], [42590, 42910], [43465, 43470], [43505, 43525], [43925, 43940], [45175, 45185], [45835, 45860], [46935, 46945], [47305, 47485]], "representative_frames": [5, 28135, 28345, 28615, 28790, 42590, 42910, 43465, 43470, 43505, 43525, 43925, 43940, 45175, 45185, 45835, 45860, 46935, 46945, 47305, 47485], "representative_frames_count": 21, "static_frames": [5], "static_frames_count": 1}