{"camera_movement_sequences": [[32340, 32350]], "foi_count_frames": 3475, "foi_count_seconds": 115.83333333333333, "foi_pct": 0.06427805112648441, "foi_sequences": [[27375, 27395], [27455, 28210], [28550, 29135], [29610, 29965], [31090, 31595], [32100, 32390], [38955, 39335], [48890, 48925], [48970, 49310], [49425, 49635]], "representative_frames": [5, 27375, 27395, 27455, 28210, 28550, 29135, 29610, 29910, 29920, 29965, 31090, 31595, 32100, 32390, 38955, 39335, 48890, 48925, 48970, 49310, 49425, 49635], "representative_frames_count": 23, "static_frames": [5, 29910, 29920], "static_frames_count": 3}