{"camera_movement_sequences": [], "foi_count_frames": 3950, "foi_count_seconds": 131.66666666666666, "foi_pct": 0.07306425955384559, "foi_sequences": [[8605, 8910], [9425, 9780], [9860, 11085], [11135, 11895], [48440, 48690], [48980, 49255], [49425, 49810], [50595, 50990]], "representative_frames": [5, 8605, 8910, 9425, 9780, 9860, 10600, 10630, 11085, 11135, 11370, 11395, 11510, 11895, 48440, 48690, 48980, 49255, 49425, 49810, 50595, 50990], "representative_frames_count": 22, "static_frames": [5, 10600, 10630, 11370, 11395, 11510], "static_frames_count": 6}