{"camera_movement_sequences": [], "foi_count_frames": 355, "foi_count_seconds": 11.83333, "foi_pct": 0.00657, "foi_sequences": [[70, 80], [33965, 34205], [34275, 34345], [34780, 34815]], "representative_frames": [70, 80, 33965, 34205, 34275, 34345, 34780, 34815], "representative_frames_count": 8, "static_frames": [70], "static_frames_count": 1}