{"camera_movement_sequences": [], "foi_count_frames": 1640, "foi_count_seconds": 54.66667, "foi_pct": 0.03032, "foi_sequences": [[10450, 10525], [10565, 10985], [14635, 14890], [15950, 16240], [19300, 19570], [20615, 20945]], "representative_frames": [5, 10450, 10525, 10565, 10985, 14635, 14890, 15950, 16240, 19300, 19570, 20615, 20945], "representative_frames_count": 13, "static_frames": [5], "static_frames_count": 1}