{"camera_movement_sequences": [], "foi_count_frames": 380, "foi_count_seconds": 12.666666666666666, "foi_pct": 0.007028966741888942, "foi_sequences": [[44990, 45065], [45510, 45515], [45790, 45820], [45890, 46160]], "representative_frames": [5, 44990, 45065, 45510, 45515, 45790, 45820, 45890, 46160], "representative_frames_count": 9, "static_frames": [5], "static_frames_count": 1}