{"camera_movement_sequences": [[4645, 4650]], "foi_count_frames": 13655, "foi_count_seconds": 455.1666666666667, "foi_pct": 0.2525803706855092, "foi_sequences": [[1475, 2115], [2715, 3025], [3100, 3765], [3850, 3910], [3955, 4955], [5165, 5170], [5245, 5255], [5785, 6400], [6665, 6905], [9850, 9855], [9930, 10260], [10690, 10990], [11745, 11920], [13190, 13630], [13880, 13915], [14020, 14030], [15060, 15250], [15750, 16295], [16490, 17110], [17485, 17740], [17780, 18085], [18305, 18535], [18985, 19180], [19315, 19390], [21540, 21780], [21920, 22115], [23060, 23065], [28275, 28285], [30925, 30970], [40085, 40480], [40915, 42640], [42685, 42900], [44045, 45130], [45175, 47650], [47735, 47740], [53075, 53080]], "representative_frames": [5, 1475, 2115, 2715, 3025, 3100, 3765, 3850, 3910, 3955, 4955, 5165, 5170, 5245, 5255, 5785, 6400, 6665, 6905, 9850, 9855, 9930, 10260, 10690, 10990, 11745, 11920, 13190, 13630, 13880, 13915, 14020, 14030, 15060, 15250, 15750, 16295, 16490, 17110, 17485, 17740, 17780, 18085, 18305, 18535, 18985, 19180, 19315, 19390, 21540, 21780, 21920, 22115, 23060, 23065, 28275, 28285, 30925, 30970, 40085, 40480, 40915, 42640, 42685, 42900, 44045, 45130, 45175, 45655, 45670, 45700, 45960, 46145, 46195, 46490, 46530, 46645, 46725, 46810, 46890, 47295, 47405, 47420, 47465, 47510, 47525, 47555, 47575, 47650, 47735, 47740, 53075, 53080], "representative_frames_count": 93, "static_frames": [5, 45655, 45670, 45700, 45960, 46145, 46195, 46490, 46530, 46645, 46725, 46810, 46890, 47295, 47405, 47420, 47465, 47510, 47525, 47555, 47575], "static_frames_count": 21}