{"camera_movement_sequences": [], "foi_count_frames": 1565, "foi_count_seconds": 52.166666666666664, "foi_pct": 0.028932189602898766, "foi_sequences": [[10495, 10525], [10565, 10985], [14635, 14890], [15975, 16240], [19300, 19570], [20615, 20940]], "representative_frames": [5, 10495, 10525, 10565, 10985, 14635, 14890, 15975, 16240, 19300, 19570, 20615, 20940], "representative_frames_count": 13, "static_frames": [5], "static_frames_count": 1}