{"camera_movement_sequences": [], "foi_count_frames": 500, "foi_count_seconds": 16.666666666666668, "foi_pct": 0.009248640449853872, "foi_sequences": [[18310, 18545], [18835, 18855], [18955, 19200]], "representative_frames": [5, 18310, 18545, 18835, 18855, 18955, 19200], "representative_frames_count": 7, "static_frames": [5], "static_frames_count": 1}