{"camera_movement_sequences": [[37420, 37425], [38575, 38580]], "foi_count_frames": 2435, "foi_count_seconds": 81.16666666666667, "foi_pct": 0.04501589883901501, "foi_sequences": [[1900, 1960], [12165, 12315], [12925, 13105], [22540, 22690], [23400, 23475], [23580, 23840], [29230, 29395], [29680, 29850], [33660, 33900], [36940, 37055], [37300, 37525], [38555, 38645], [39200, 39380], [43510, 43750], [52320, 52455]], "representative_frames": [5, 1900, 1960, 12165, 12315, 12925, 13105, 22540, 22690, 23400, 23475, 23580, 23840, 29230, 29395, 29680, 29850, 33660, 33900, 36940, 37055, 37300, 37525, 38555, 38645, 39200, 39380, 43510, 43750, 52320, 52455], "representative_frames_count": 31, "static_frames": [5], "static_frames_count": 1}