{"camera_movement_sequences": [], "foi_count_frames": 1360, "foi_count_seconds": 22.666666666666668, "foi_pct": 0.0015153524141458148, "foi_sequences": [[425090, 425915], [440345, 440880]], "representative_frames": [5, 425090, 425915, 440345, 440880], "representative_frames_count": 5, "static_frames": [5], "static_frames_count": 1}