{"camera_movement_sequences": [[635610, 635615]], "foi_count_frames": 655, "foi_count_seconds": 21.83333, "foi_pct": 0.00077, "foi_sequences": [[635620, 635665], [668655, 668965], [669015, 669120], [753400, 753560], [753635, 753655], [754675, 754690]], "representative_frames": [635620, 635665, 668655, 668965, 669015, 669120, 753400, 753560, 753635, 753655, 754675, 754690], "representative_frames_count": 12, "static_frames": [635620], "static_frames_count": 1}