{"camera_movement_sequences": [], "foi_count_frames": 2665, "foi_count_seconds": 88.83333, "foi_pct": 0.00697, "foi_sequences": [[350700, 350745], [351040, 351105], [351645, 351675], [351750, 352055], [352185, 352335], [352555, 352810], [355150, 355320], [358500, 358810], [359715, 360200], [361765, 362050], [362455, 362600], [380735, 381155]], "representative_frames": [5, 350700, 350745, 351040, 351105, 351645, 351675, 351750, 352055, 352185, 352335, 352555, 352810, 355150, 355320, 358500, 358810, 359715, 360200, 361765, 362050, 362455, 362600, 380735, 381155], "representative_frames_count": 25, "static_frames": [5], "static_frames_count": 1}