{"camera_movement_sequences": [], "foi_count_frames": 1105, "foi_count_seconds": 18.416666666666668, "foi_pct": 0.00065207859642, "foi_sequences": [[1271225, 1271280], [1337300, 1337925], [1338085, 1338090], [1338165, 1338225], [1506790, 1507115], [1509345, 1509380]], "representative_frames": [1271225, 1271280, 1337300, 1337925, 1338085, 1338090, 1338165, 1338225, 1506790, 1507115, 1509345, 1509380], "representative_frames_count": 12, "static_frames": [1271225], "static_frames_count": 1}