{"camera_movement_sequences": [], "foi_count_frames": 1235, "foi_count_seconds": 20.583333333333332, "foi_pct": 0.006214743283296682, "foi_sequences": [[15265, 15900], [32485, 33085]], "representative_frames": [5, 15265, 15900, 32485, 32865, 33085], "representative_frames_count": 6, "static_frames": [5, 32865], "static_frames_count": 2}