{"camera_movement_sequences": [], "foi_count_frames": 280, "foi_count_seconds": 9.333333333333334, "foi_pct": 0.002751518248462098, "foi_sequences": [[14640, 14690], [18140, 18200], [19110, 19280]], "representative_frames": [14640, 14690, 18140, 18200, 19110, 19280], "representative_frames_count": 6, "static_frames": [14640], "static_frames_count": 1}