{"camera_movement_sequences": [], "foi_count_frames": 3935, "foi_count_seconds": 131.16667, "foi_pct": 0.07279, "foi_sequences": [[28720, 28725], [28790, 28850], [29225, 29230], [31750, 32025], [33835, 36980], [38100, 38105], [38155, 38440], [38930, 38965], [39435, 39475], [43915, 43975], [44195, 44200], [45180, 45185], [47415, 47425]], "representative_frames": [5, 28720, 28725, 28790, 28850, 29225, 29230, 31750, 32025, 33835, 35340, 35385, 36305, 36510, 36610, 36980, 38100, 38105, 38155, 38440, 38755, 38930, 38965, 39435, 39475, 43915, 43975, 44195, 44200, 45180, 45185, 47415, 47425], "representative_frames_count": 33, "static_frames": [5, 35340, 35385, 36305, 36510, 36610, 38755], "static_frames_count": 7}