{"camera_movement_sequences": [], "foi_count_frames": 17405, "foi_count_seconds": 580.16667, "foi_pct": 0.40797, "foi_sequences": [[50, 100], [260, 265], [355, 370], [565, 580], [2100, 2115], [3915, 3940], [4460, 4465], [5875, 6000], [6790, 6865], [6900, 6920], [7340, 7365], [7785, 7790], [9005, 9010], [9095, 9125], [10205, 10240], [12425, 12465], [12520, 12920], [13145, 13640], [14225, 14360], [14650, 14710], [14810, 14825], [14920, 15065], [15195, 15380], [16095, 16120], [16305, 16450], [16670, 16835], [16960, 17020], [17075, 17195], [17255, 17285], [17465, 17655], [17980, 18135], [18860, 18875], [20130, 20135], [20240, 20260], [22960, 23000], [23105, 23135], [23250, 23255], [23435, 23530], [23565, 23570], [23630, 23665], [23890, 23945], [24155, 24250], [24295, 24755], [24905, 25660], [25750, 25955], [25990, 26260], [26835, 26860], [26985, 26990], [27045, 27090], [27725, 27810], [27965, 28045], [28170, 28270], [28455, 28570], [28605, 30865], [30900, 31040], [31080, 31115], [31190, 31735], [31810, 32265], [32345, 32445], [32510, 32720], [32885, 33045], [33120, 33335], [33670, 35720], [35795, 36590], [36690, 36975], [37300, 37495], [37670, 38315], [38405, 39605], [39700, 40390], [40430, 40730], [40785, 40790], [40875, 42635]], "representative_frames": [5, 50, 100, 260, 265, 355, 370, 565, 580, 2100, 2115, 3915, 3940, 4460, 4465, 5875, 6000, 6790, 6865, 6900, 6920, 7340, 7365, 7785, 7790, 9005, 9010, 9095, 9125, 10205, 10240, 12425, 12465, 12520, 12920, 13145, 13640, 14225, 14360, 14650, 14710, 14810, 14825, 14920, 15065, 15195, 15325, 15380, 16095, 16120, 16305, 16450, 16670, 16835, 16960, 17020, 17075, 17195, 17255, 17285, 17465, 17655, 17980, 18135, 18860, 18875, 20130, 20135, 20240, 20260, 22960, 23000, 23105, 23135, 23250, 23255, 23435, 23530, 23565, 23570, 23630, 23665, 23890, 23945, 24155, 24250, 24295, 24755, 24905, 25550, 25660, 25750, 25955, 25990, 26260, 26835, 26860, 26985, 26990, 27045, 27090, 27725, 27810, 27965, 28045, 28170, 28270, 28455, 28570, 28605, 29255, 30865, 30900, 31040, 31080, 31115, 31190, 31735, 31810, 32265, 32345, 32445, 32510, 32720, 32885, 33045, 33120, 33335, 33670, 34310, 35720, 35795, 36590, 36690, 36975, 37300, 37495, 37670, 38315, 38405, 39605, 39700, 40390, 40430, 40730, 40785, 40790, 40875, 42635], "representative_frames_count": 149, "static_frames": [5, 15325, 25550, 29255, 34310], "static_frames_count": 5}