{"camera_movement_sequences": [], "foi_count_frames": 29005, "foi_count_seconds": 483.4166666666667, "foi_pct": 0.33995147736196246, "foi_sequences": [[120, 130], [515, 525], [11750, 12010], [13570, 13640], [25095, 25830], [26285, 27270], [28610, 28705], [29295, 29355], [29860, 30120], [30385, 30740], [32620, 32870], [33340, 33590], [33915, 34035], [34155, 34370], [34935, 35270], [35965, 36195], [46890, 47055], [48315, 48495], [48600, 48795], [48890, 48915], [49035, 49335], [49455, 49500], [49910, 50030], [50270, 50355], [50460, 51265], [51795, 51890], [52000, 52140], [52225, 52320], [53965, 53970], [54110, 54120], [56390, 56535], [56910, 57135], [57230, 61705], [61790, 61910], [62380, 63460], [63640, 64515], [64705, 64875], [65030, 65415], [65775, 66050], [66230, 66650], [67335, 67635], [67740, 71400], [71655, 72375], [72470, 73070], [73370, 73935], [74595, 74980], [75330, 76035], [76105, 76600], [76860, 77810], [77930, 79190], [79470, 79660], [79730, 80760], [80880, 81400], [81750, 82035], [82230, 83485], [83740, 83810], [83920, 85260]], "representative_frames": [5, 120, 130, 515, 525, 11750, 12010, 13570, 13640, 25095, 25830, 26285, 27270, 28610, 28705, 29295, 29355, 29860, 30120, 30385, 30440, 30740, 32620, 32870, 33340, 33590, 33915, 34035, 34155, 34370, 34935, 35270, 35965, 36195, 46890, 47055, 48315, 48495, 48600, 48795, 48890, 48915, 49035, 49335, 49455, 49500, 49910, 50030, 50270, 50355, 50460, 50985, 51135, 51265, 51795, 51890, 52000, 52140, 52225, 52320, 53965, 53970, 54110, 54120, 56390, 56535, 56910, 57135, 57230, 57490, 59965, 61705, 61790, 61910, 62380, 63460, 63640, 64515, 64705, 64875, 65030, 65415, 65775, 66050, 66230, 66650, 67335, 67635, 67740, 71400, 71655, 72375, 72470, 73070, 73370, 73935, 74595, 74980, 75330, 76035, 76105, 76600, 76860, 77810, 77930, 79190, 79470, 79660, 79730, 80760, 80880, 81400, 81750, 82035, 82230, 83485, 83740, 83810, 83920, 85260], "representative_frames_count": 120, "static_frames": [5, 30440, 50985, 51135, 57490, 59965], "static_frames_count": 6}