{"camera_movement_sequences": [[96850, 96855]], "foi_count_frames": 1510, "foi_count_seconds": 25.166666666666668, "foi_pct": 0.013965834574227023, "foi_sequences": [[90385, 90415], [96045, 97060], [97425, 97890]], "representative_frames": [5, 90385, 90415, 96045, 96715, 97045, 97060, 97425, 97890], "representative_frames_count": 9, "static_frames": [5, 96715, 97045], "static_frames_count": 3}