{"camera_movement_sequences": [], "foi_count_frames": 1025, "foi_count_seconds": 34.16667, "foi_pct": 0.01896, "foi_sequences": [[36555, 37005], [37195, 37335], [53335, 53565], [53730, 53745], [53840, 54030]], "representative_frames": [5, 36555, 36720, 36740, 37005, 37195, 37335, 53335, 53445, 53565, 53730, 53745, 53840, 53925, 53965, 54030], "representative_frames_count": 16, "static_frames": [5, 36720, 36740, 53445, 53730, 53925, 53965], "static_frames_count": 7}