{"camera_movement_sequences": [[52020, 52095]], "foi_count_frames": 515, "foi_count_seconds": 8.583333333333334, "foi_pct": 0.0047631819905476274, "foi_sequences": [[52000, 52345], [92685, 92855]], "representative_frames": [5, 52000, 52075, 52085, 52100, 52115, 52130, 52150, 52165, 52185, 52200, 52230, 52345, 92685, 92785, 92800, 92810, 92855], "representative_frames_count": 18, "static_frames": [5, 52075, 52085, 52100, 52115, 52130, 52150, 52165, 52185, 52200, 52230, 92785, 92800, 92810], "static_frames_count": 14}