{"camera_movement_sequences": [[47810, 47820], [53700, 53705]], "foi_count_frames": 10900, "foi_count_seconds": 363.33333, "foi_pct": 0.20162, "foi_sequences": [[110, 125], [280, 315], [390, 395], [3725, 4020], [8130, 8400], [12150, 12420], [14125, 14730], [16865, 17505], [17575, 18375], [18595, 18905], [19300, 19725], [19795, 19840], [19940, 21320], [22545, 22755], [23755, 23985], [26820, 27105], [36990, 37305], [41640, 42225], [42785, 43155], [43520, 43980], [45210, 45430], [45590, 45815], [46260, 46780], [47560, 47950], [49035, 49050], [49120, 49440], [50995, 52245], [52395, 52505], [53415, 53715]], "representative_frames": [5, 110, 125, 280, 315, 390, 395, 3725, 3885, 3915, 3925, 4005, 4020, 8130, 8400, 12150, 12200, 12420, 14125, 14730, 16865, 17505, 17575, 18375, 18595, 18905, 19300, 19725, 19795, 19840, 19940, 20615, 21320, 22545, 22755, 23755, 23940, 23985, 26820, 27105, 36990, 37305, 41640, 42015, 42060, 42075, 42125, 42225, 42785, 42885, 43155, 43520, 43565, 43605, 43700, 43980, 45210, 45430, 45590, 45815, 46260, 46780, 47560, 47950, 49035, 49050, 49120, 49440, 50995, 52245, 52395, 52505, 53415, 53715], "representative_frames_count": 74, "static_frames": [5, 3885, 3915, 3925, 4005, 12200, 20615, 23940, 42015, 42060, 42075, 42125, 42885, 43565, 43605, 43700], "static_frames_count": 16}