{"camera_movement_sequences": [[12685, 12735], [16765, 16815], [26270, 26390]], "foi_count_frames": 1640, "foi_count_seconds": 27.333333333333332, "foi_pct": 0.015176613209205912, "foi_sequences": [[12510, 12745], [16575, 16910], [17165, 17750], [18675, 18685], [26090, 26565]], "representative_frames": [5, 12510, 12645, 12650, 12660, 12675, 12690, 12745, 16575, 16770, 16790, 16820, 16830, 16910, 17165, 17220, 17260, 17280, 17295, 17310, 17325, 17345, 17375, 17390, 17420, 17435, 17460, 17475, 17500, 17520, 17540, 17555, 17570, 17595, 17620, 17640, 17665, 17690, 17745, 17750, 18675, 18685, 26090, 26125, 26180, 26195, 26210, 26235, 26260, 26275, 26285, 26315, 26345, 26365, 26395, 26405, 26425, 26440, 26450, 26500, 26565], "representative_frames_count": 61, "static_frames": [5, 12645, 12650, 12660, 12675, 12690, 16770, 16790, 16820, 16830, 17220, 17260, 17280, 17295, 17310, 17325, 17345, 17375, 17390, 17420, 17435, 17460, 17475, 17500, 17520, 17540, 17555, 17570, 17595, 17620, 17640, 17665, 17690, 17745, 26125, 26180, 26195, 26210, 26235, 26260, 26275, 26285, 26315, 26345, 26365, 26395, 26405, 26425, 26440, 26450, 26500], "static_frames_count": 51}