{"camera_movement_sequences": [[6345, 6385], [8380, 8410], [8585, 8665], [8740, 8755], [13100, 13195]], "foi_count_frames": 850, "foi_count_seconds": 28.33333, "foi_pct": 0.01573, "foi_sequences": [[6255, 6375], [8290, 8480], [8595, 8885], [9245, 9250], [9335, 9345], [13050, 13285]], "representative_frames": [5, 6255, 6325, 6335, 6340, 6355, 6375, 8290, 8480, 8595, 8650, 8660, 8675, 8690, 8700, 8715, 8725, 8745, 8760, 8770, 8780, 8790, 8805, 8815, 8835, 8850, 8885, 9245, 9250, 9335, 9345, 13050, 13090, 13105, 13120, 13145, 13160, 13175, 13205, 13215, 13220, 13225, 13285], "representative_frames_count": 43, "static_frames": [5, 6325, 6335, 6340, 6355, 8650, 8660, 8675, 8690, 8700, 8715, 8725, 8745, 8760, 8770, 8780, 8790, 8805, 8815, 8835, 8850, 13090, 13105, 13120, 13145, 13160, 13175, 13205, 13215, 13220, 13225], "static_frames_count": 31}