{"camera_movement_sequences": [[25290, 25350], [26855, 26865]], "foi_count_frames": 890, "foi_count_seconds": 29.66667, "foi_pct": 0.01646, "foi_sequences": [[24710, 24720], [25215, 25340], [26755, 26980], [30635, 31165]], "representative_frames": [5, 24710, 24720, 25215, 25285, 25295, 25300, 25330, 25340, 26755, 26835, 26845, 26870, 26875, 26885, 26895, 26905, 26915, 26935, 26980, 30635, 30660, 30670, 30680, 30690, 30700, 30705, 30710, 30720, 30735, 30745, 30750, 30825, 30845, 30860, 30870, 30885, 30900, 30915, 30925, 30940, 30955, 30965, 30980, 30990, 31005, 31015, 31030, 31040, 31055, 31065, 31075, 31085, 31095, 31165], "representative_frames_count": 55, "static_frames": [5, 25285, 25295, 25300, 25330, 26835, 26845, 26870, 26875, 26885, 26895, 26905, 26915, 26935, 30660, 30670, 30680, 30690, 30700, 30705, 30710, 30720, 30735, 30745, 30750, 30825, 30845, 30860, 30870, 30885, 30900, 30915, 30925, 30940, 30955, 30965, 30980, 30990, 31005, 31015, 31030, 31040, 31055, 31065, 31075, 31085, 31095], "static_frames_count": 47}