{"camera_movement_sequences": [], "foi_count_frames": 760, "foi_count_seconds": 25.33333, "foi_pct": 0.01406, "foi_sequences": [[45195, 45210], [48025, 48535], [48715, 48950]], "representative_frames": [5, 45195, 45210, 48025, 48360, 48525, 48535, 48715, 48950], "representative_frames_count": 9, "static_frames": [5, 48360, 48525], "static_frames_count": 3}