{"camera_movement_sequences": [[42565, 42660], [43040, 43050]], "foi_count_frames": 1085, "foi_count_seconds": 36.16667, "foi_pct": 0.02007, "foi_sequences": [[28985, 29005], [29205, 29210], [29915, 29940], [30040, 30045], [30080, 30185], [30225, 30230], [31005, 31090], [31160, 31210], [31245, 31250], [31310, 31315], [31365, 31380], [31445, 31450], [32335, 32370], [42150, 42185], [42220, 42805], [42870, 42920], [43015, 43065]], "representative_frames": [5, 28985, 29005, 29205, 29210, 29915, 29940, 30040, 30045, 30080, 30185, 30225, 30230, 31005, 31090, 31160, 31210, 31245, 31250, 31310, 31315, 31365, 31380, 31445, 31450, 32335, 32370, 42150, 42185, 42220, 42355, 42425, 42560, 42570, 42630, 42695, 42705, 42710, 42720, 42730, 42740, 42805, 42870, 42920, 43015, 43030, 43065], "representative_frames_count": 47, "static_frames": [5, 42355, 42425, 42560, 42570, 42630, 42695, 42705, 42710, 42720, 42730, 42740, 43030], "static_frames_count": 13}