{"camera_movement_sequences": [], "foi_count_frames": 1580, "foi_count_seconds": 26.333333333333332, "foi_pct": 0.01461325736905874, "foi_sequences": [[61545, 62225], [62320, 62455], [62645, 62650], [62870, 63630]], "representative_frames": [5, 61545, 62225, 62320, 62455, 62645, 62650, 62870, 63630], "representative_frames_count": 9, "static_frames": [5], "static_frames_count": 1}