{"camera_movement_sequences": [[26000, 26080], [46365, 46385]], "foi_count_frames": 260, "foi_count_seconds": 8.66667, "foi_pct": 0.00481, "foi_sequences": [[26005, 26175], [46345, 46430], [52005, 52010]], "representative_frames": [5, 26005, 26050, 26065, 26090, 26100, 26110, 26175, 46345, 46390, 46400, 46405, 46430, 52005, 52010], "representative_frames_count": 15, "static_frames": [5, 26050, 26065, 26090, 26100, 26110, 46390, 46400, 46405], "static_frames_count": 9}