{"camera_movement_sequences": [[105, 115], [400, 430], [705, 735], [1030, 1040], [1345, 1350], [1630, 1655], [1930, 1965], [2230, 2245], [2530, 2545], [2830, 2845], [3130, 3150], [3430, 3465], [3760, 3770], [4070, 4080], [4360, 4390], [4660, 4695], [4965, 4975], [5260, 5275], [5560, 5575], [5860, 5865], [6160, 6200], [6490, 6500], [6795, 6810], [7090, 7120], [7390, 7425], [7690, 7705], [7990, 8005], [8295, 8310], [8590, 8610], [8890, 8925], [9225, 9230], [9530, 9540], [9820, 9850], [10125, 10155], [10420, 10435], [10720, 10735], [11020, 11040], [11080, 11085], [11320, 11340], [11620, 11655], [11955, 11960], [12265, 12270], [12550, 12580], [12850, 12885], [13155, 13165], [13450, 13465], [13755, 13770], [14050, 14070], [14350, 14390], [14680, 14695], [14990, 15000], [15285, 15310], [15580, 15615], [15880, 15895], [16180, 16195], [16485, 16500], [16780, 16800]], "foi_count_frames": 4210, "foi_count_seconds": 140.33333333333334, "foi_pct": 0.24660262417994377, "foi_sequences": [[100, 190], [250, 260], [330, 345], [410, 435], [700, 780], [815, 845], [895, 920], [1045, 1050], [1330, 1355], [1660, 1665], [1970, 1975], [2250, 2260], [2550, 2555], [2850, 2910], [2960, 3000], [3050, 3160], [3205, 3220], [3350, 3360], [3470, 3515], [3575, 3600], [3755, 3775], [4060, 4085], [4680, 4705], [4960, 4990], [5280, 5285], [5580, 5810], [5870, 5890], [6205, 6265], [6740, 6815], [7320, 7600], [7710, 7715], [8010, 8015], [8100, 8105], [8290, 8620], [8930, 9545], [10160, 10165], [11045, 11350], [11660, 12275], [12890, 12895], [13150, 13175], [13750, 14085], [14395, 14445], [14630, 14655], [14700, 14710], [14830, 14865], [14925, 15005], [15605, 15625], [15900, 15905], [16480, 16810]], "representative_frames": [5, 100, 125, 135, 145, 150, 155, 160, 190, 250, 260, 330, 345, 410, 425, 435, 700, 745, 780, 815, 845, 895, 920, 1045, 1050, 1330, 1355, 1660, 1665, 1970, 1975, 2250, 2260, 2550, 2555, 2850, 2865, 2875, 2885, 2890, 2910, 2960, 3000, 3050, 3155, 3160, 3205, 3220, 3350, 3360, 3470, 3485, 3515, 3575, 3600, 3755, 3775, 4060, 4085, 4400, 4680, 4705, 4960, 4990, 5280, 5285, 5580, 5590, 5600, 5605, 5615, 5630, 5810, 5870, 5875, 5890, 6205, 6265, 6505, 6740, 6815, 6825, 7130, 7320, 7435, 7600, 7710, 7715, 8010, 8015, 8100, 8105, 8290, 8320, 8335, 8340, 8345, 8350, 8615, 8620, 8930, 9240, 9545, 9550, 9860, 10160, 10165, 11045, 11050, 11065, 11070, 11075, 11095, 11350, 11365, 11660, 11665, 11965, 12255, 12275, 12590, 12890, 12895, 12970, 13150, 13175, 13210, 13750, 13780, 13790, 13820, 14075, 14085, 14395, 14400, 14445, 14630, 14655, 14700, 14710, 14830, 14865, 14925, 14985, 15005, 15280, 15320, 15605, 15625, 15900, 15905, 16480, 16510, 16525, 16530, 16545, 16785, 16805, 16810], "representative_frames_count": 159, "static_frames": [5, 125, 135, 145, 150, 155, 160, 330, 410, 425, 745, 1045, 1355, 1665, 1975, 2250, 2555, 2850, 2865, 2875, 2885, 2890, 3155, 3485, 3775, 4400, 4680, 4705, 4990, 5280, 5580, 5590, 5600, 5605, 5615, 5630, 5875, 6205, 6505, 6825, 7130, 7435, 8010, 8320, 8335, 8340, 8345, 8350, 8615, 8930, 9240, 9550, 9860, 10165, 11050, 11065, 11070, 11075, 11095, 11365, 11665, 11965, 12255, 12275, 12590, 12970, 13210, 13750, 13780, 13790, 13820, 14075, 14400, 14700, 14985, 15280, 15320, 15605, 16480, 16510, 16525, 16530, 16545, 16785, 16805], "static_frames_count": 85}