{"camera_movement_sequences": [[255, 285], [560, 570], [860, 870], [1160, 1175], [1455, 1490]], "foi_count_frames": 1175, "foi_count_seconds": 39.166666666666664, "foi_pct": 0.6745120551090701, "foi_sequences": [[5, 50], [180, 335], [485, 640], [780, 940], [1080, 1740]], "representative_frames": [5, 50, 180, 260, 275, 290, 335, 485, 580, 640, 780, 880, 940, 1080, 1180, 1200, 1210, 1215, 1475, 1480, 1740], "representative_frames_count": 21, "static_frames": [5, 260, 275, 290, 580, 880, 1180, 1200, 1210, 1215, 1475, 1480], "static_frames_count": 12}