{"camera_movement_sequences": [[900, 935], [1245, 1255]], "foi_count_frames": 505, "foi_count_seconds": 16.83333, "foi_pct": 0.15722, "foi_sequences": [[940, 1300], [1385, 1530]], "representative_frames": [905, 940, 945, 1225, 1250, 1285, 1300, 1385, 1390, 1470, 1500, 1530], "representative_frames_count": 12, "static_frames": [905, 945, 1225, 1250, 1285, 1390, 1470, 1500], "static_frames_count": 8}