{"camera_movement_sequences": [[620, 630], [915, 945], [1215, 1245], [1515, 1525], [1815, 1830], [2115, 2140], [2740, 2755], [3045, 3055], [3350, 3365], [3645, 3670], [3945, 3965], [4245, 4260], [4545, 4560], [4845, 4855], [5145, 5175], [5445, 5485], [5775, 5785], [6080, 6090], [6375, 6405], [6675, 6705], [6975, 6990], [7275, 7290], [7575, 7595], [7870, 7880]], "foi_count_frames": 2215, "foi_count_seconds": 73.83333333333333, "foi_pct": 0.27137956383239403, "foi_sequences": [[40, 80], [365, 635], [935, 1060], [1250, 1255], [1510, 1540], [1810, 1835], [2110, 2185], [2225, 2445], [2710, 2805], [2980, 3135], [3175, 3265], [3310, 3370], [3665, 3675], [3940, 3985], [4840, 4910], [4955, 4990], [5035, 5180], [5490, 5540], [5690, 5710], [5770, 5790], [5905, 5945], [6005, 6010], [6070, 6095], [6670, 6715], [6970, 6995], [7055, 7060], [7270, 7295], [7570, 7905], [7940, 7960], [8020, 8125]], "representative_frames": [5, 40, 80, 365, 635, 935, 965, 1000, 1035, 1060, 1250, 1255, 1510, 1535, 1540, 1810, 1835, 2110, 2145, 2155, 2165, 2175, 2185, 2225, 2420, 2430, 2445, 2495, 2710, 2715, 2725, 2735, 2765, 2805, 2980, 3100, 3135, 3175, 3265, 3310, 3370, 3665, 3675, 3940, 3975, 3985, 4270, 4570, 4840, 4860, 4870, 4885, 4895, 4900, 4910, 4955, 4990, 5035, 5170, 5180, 5490, 5540, 5690, 5710, 5770, 5790, 5905, 5945, 6005, 6010, 6070, 6095, 6415, 6670, 6710, 6715, 6970, 6995, 7055, 7060, 7270, 7295, 7300, 7570, 7605, 7615, 7620, 7625, 7630, 7890, 7905, 7940, 7960, 8020, 8125], "representative_frames_count": 95, "static_frames": [5, 365, 635, 935, 965, 1000, 1035, 1255, 1535, 1835, 2145, 2155, 2165, 2175, 2420, 2430, 2495, 2715, 2725, 2735, 2765, 3100, 3370, 3665, 3675, 3975, 4270, 4570, 4860, 4870, 4885, 4895, 4900, 5170, 5490, 5790, 6095, 6415, 6710, 7300, 7605, 7615, 7620, 7625, 7630, 7890], "static_frames_count": 46}