{"camera_movement_sequences": [[1480, 1495], [2080, 2115], [4215, 4230]], "foi_count_frames": 640, "foi_count_seconds": 21.333333333333332, "foi_pct": 0.14215904042647712, "foi_sequences": [[1500, 1875], [2095, 2110], [4235, 4500]], "representative_frames": [1500, 1790, 1800, 1805, 1820, 1830, 1875, 4235, 4240, 4500], "representative_frames_count": 10, "static_frames": [1500, 1790, 1800, 1805, 1820, 1830, 4240], "static_frames_count": 7}