{"camera_movement_sequences": [[5280, 5305], [7465, 7730], [8005, 8035]], "foi_count_frames": 8675, "foi_count_seconds": 289.1666666666667, "foi_pct": 0.7086260414964874, "foi_sequences": [[5, 70], [630, 800], [1010, 2960], [3090, 3505], [3775, 3855], [3990, 4090], [4125, 5275], [5310, 5365], [5550, 6580], [6755, 6820], [7100, 7495], [7560, 7655], [7735, 8000], [8040, 8090], [8250, 9010], [9045, 9090], [9230, 9315], [9455, 9620], [9835, 10825], [10950, 11690], [11965, 12035], [12210, 12240]], "representative_frames": [5, 70, 430, 630, 635, 685, 710, 720, 730, 740, 800, 1010, 1070, 2880, 2885, 2895, 2905, 2960, 3090, 3180, 3195, 3480, 3490, 3495, 3505, 3775, 3785, 3790, 3810, 3855, 3990, 4075, 4090, 4125, 4380, 4385, 4390, 4685, 4700, 4715, 4720, 4725, 4730, 4830, 4840, 4990, 5275, 5310, 5365, 5550, 5615, 5915, 5920, 6230, 6505, 6510, 6515, 6530, 6580, 6755, 6805, 6820, 7100, 7110, 7115, 7420, 7435, 7450, 7460, 7485, 7495, 7735, 8000, 8040, 8090, 8250, 8295, 8340, 8460, 8640, 8645, 8655, 8940, 8950, 8955, 9010, 9045, 9090, 9230, 9245, 9260, 9315, 9455, 9535, 9540, 9545, 9620, 9835, 9840, 9845, 10145, 10160, 10175, 10180, 10185, 10190, 10195, 10290, 10300, 10435, 10440, 10445, 10450, 10565, 10740, 10745, 10750, 10755, 10760, 10770, 10825, 10950, 11065, 11070, 11075, 11385, 11690, 11965, 11970, 11975, 11980, 11995, 12035, 12210, 12240], "representative_frames_count": 135, "static_frames": [5, 430, 635, 685, 710, 720, 730, 740, 1070, 2880, 2885, 2895, 2905, 3180, 3195, 3480, 3490, 3495, 3785, 3790, 3810, 4075, 4090, 4380, 4385, 4390, 4685, 4700, 4715, 4720, 4725, 4730, 4830, 4840, 4990, 5310, 5615, 5915, 5920, 6230, 6505, 6510, 6515, 6530, 6805, 7110, 7115, 7420, 7435, 7450, 7460, 7485, 7735, 8040, 8295, 8340, 8460, 8640, 8645, 8655, 8940, 8950, 8955, 9245, 9260, 9535, 9540, 9545, 9840, 9845, 10145, 10160, 10175, 10180, 10185, 10190, 10195, 10290, 10300, 10435, 10440, 10445, 10450, 10565, 10740, 10745, 10750, 10755, 10760, 10770, 11065, 11070, 11075, 11385, 11690, 11970, 11975, 11980, 11995], "static_frames_count": 99}