{"camera_movement_sequences": [[255, 290], [560, 570], [860, 870], [1160, 1175], [1210, 1220], [1455, 1490]], "foi_count_frames": 1175, "foi_count_seconds": 39.16667, "foi_pct": 0.67451, "foi_sequences": [[5, 50], [180, 335], [485, 640], [780, 940], [1080, 1740]], "representative_frames": [5, 50, 180, 260, 280, 325, 335, 485, 580, 640, 780, 880, 940, 1080, 1180, 1200, 1230, 1480, 1740], "representative_frames_count": 19, "static_frames": [5, 260, 280, 325, 580, 880, 1180, 1200, 1230, 1480], "static_frames_count": 10}