{"camera_movement_sequences": [[600, 615], [900, 925]], "foi_count_frames": 635, "foi_count_seconds": 21.16667, "foi_pct": 0.55604, "foi_sequences": [[10, 65], [480, 550], [595, 895], [930, 1140]], "representative_frames": [10, 65, 425, 480, 550, 595, 620, 895, 930, 935, 1140], "representative_frames_count": 11, "static_frames": [10, 425, 620, 935], "static_frames_count": 4}