{"camera_movement_sequences": [[615, 630], [915, 945], [1215, 1245], [1515, 1520], [1815, 1830], [2115, 2130], [2410, 2420], [2715, 2745], [3045, 3055], [3345, 3360], [3645, 3675], [3945, 3975], [4245, 4260], [4545, 4555], [4845, 4860], [5140, 5160], [5445, 5480], [5775, 5785], [6075, 6090], [6375, 6405], [6675, 6705], [6975, 6980], [7275, 7290], [7575, 7590], [7875, 7890], [8175, 8210], [8505, 8515], [8805, 8820], [9105, 9135], [9405, 9435], [9705, 9710], [10000, 10015], [10300, 10325], [10360, 10365], [10600, 10605], [10915, 10935], [11230, 11240], [11540, 11550], [11830, 11860], [12130, 12160], [12430, 12450], [13655, 13675], [13960, 13970], [14265, 14280], [14560, 14590], [14860, 14885], [15160, 15175], [15460, 15475], [15760, 15780], [15815, 15825], [16065, 16075], [16360, 16400], [16690, 16705], [16995, 17005], [17290, 17325], [17590, 17645], [17895, 17905], [18190, 18205], [18495, 18505], [18550, 18555], [18790, 18830], [19095, 19145], [19425, 19440], [19725, 19740], [20025, 20055], [20325, 20350]], "foi_count_frames": 5890, "foi_count_seconds": 196.33333333333334, "foi_pct": 0.2704067578734735, "foi_sequences": [[35, 70], [365, 395], [610, 635], [910, 950], [1250, 1255], [1510, 1540], [1810, 1835], [1990, 2010], [2110, 2440], [2710, 2770], [2920, 3105], [3165, 3175], [3210, 3220], [3340, 3365], [3640, 3680], [3940, 3985], [4240, 4265], [4540, 4565], [4840, 5170], [5485, 5490], [5770, 5790], [6070, 6095], [6370, 6410], [6670, 6710], [6970, 6995], [7270, 7330], [7570, 7900], [8080, 8125], [8440, 8520], [8800, 8825], [9100, 9140], [9400, 9445], [9700, 9730], [10020, 10025], [10330, 10385], [10420, 10565], [10610, 10630], [10900, 10995], [11135, 11485], [11525, 11555], [12150, 12455], [12735, 12755], [13030, 13365], [13630, 13680], [13860, 14005], [14065, 14070], [14260, 14285], [14890, 14905], [15465, 15480], [15785, 16085], [16175, 16205], [16275, 16290], [16405, 16450], [16595, 16620], [16655, 16715], [16760, 16840], [16915, 17085], [17135, 17175], [17320, 17330], [17410, 17425], [17615, 17650], [17890, 17910], [18485, 18865], [18905, 19005], [19135, 19185], [19320, 19490], [19540, 19570], [19720, 19745], [20020, 20060], [20320, 20360], [20620, 20640], [20920, 20940], [21070, 21105], [21220, 21305], [21340, 21605], [21710, 21775]], "representative_frames": [5, 35, 70, 365, 395, 610, 635, 910, 950, 1250, 1255, 1510, 1525, 1540, 1810, 1835, 1840, 1990, 2010, 2110, 2140, 2155, 2160, 2165, 2175, 2425, 2430, 2440, 2710, 2735, 2750, 2770, 2920, 3060, 3105, 3165, 3175, 3210, 3220, 3340, 3365, 3640, 3680, 3940, 3960, 3985, 4110, 4240, 4265, 4270, 4540, 4565, 4840, 4865, 4875, 4890, 4895, 4900, 5170, 5485, 5490, 5770, 5790, 6070, 6095, 6370, 6410, 6425, 6670, 6680, 6710, 6935, 6970, 6995, 7270, 7300, 7330, 7570, 7595, 7610, 7620, 7625, 7640, 7870, 7895, 7900, 8080, 8125, 8215, 8440, 8520, 8525, 8800, 8825, 9100, 9130, 9140, 9400, 9420, 9440, 9445, 9700, 9730, 9900, 10020, 10025, 10330, 10335, 10345, 10355, 10375, 10385, 10420, 10565, 10610, 10615, 10620, 10630, 10900, 10905, 10910, 10945, 10995, 11135, 11245, 11485, 11525, 11555, 11560, 11870, 12150, 12170, 12445, 12455, 12735, 12740, 12745, 12755, 13030, 13040, 13050, 13070, 13080, 13085, 13090, 13340, 13345, 13355, 13365, 13630, 13635, 13640, 13670, 13680, 13860, 13975, 14005, 14065, 14070, 14260, 14270, 14285, 14290, 14595, 14890, 14905, 15180, 15465, 15480, 15785, 15790, 15805, 15810, 15835, 16085, 16175, 16205, 16275, 16290, 16405, 16450, 16595, 16620, 16655, 16710, 16715, 16760, 16840, 16915, 17010, 17085, 17135, 17175, 17320, 17330, 17410, 17425, 17615, 17650, 17890, 17910, 17915, 18225, 18485, 18490, 18515, 18530, 18540, 18545, 18560, 18805, 18810, 18865, 18905, 19005, 19135, 19140, 19185, 19320, 19450, 19490, 19540, 19570, 19720, 19745, 20020, 20050, 20060, 20320, 20340, 20355, 20360, 20620, 20625, 20635, 20640, 20920, 20930, 20935, 20940, 21070, 21105, 21220, 21235, 21250, 21265, 21270, 21275, 21280, 21305, 21340, 21525, 21535, 21545, 21605, 21710, 21775], "representative_frames_count": 257, "static_frames": [5, 365, 635, 950, 1255, 1525, 1840, 2140, 2155, 2160, 2165, 2175, 2425, 2430, 2735, 2750, 3060, 3680, 3960, 4110, 4270, 4565, 4865, 4875, 4890, 4895, 4900, 5170, 5485, 5790, 6095, 6425, 6680, 6935, 7300, 7595, 7610, 7620, 7625, 7640, 7870, 7895, 8215, 8525, 9130, 9420, 9440, 9900, 10025, 10335, 10345, 10355, 10375, 10610, 10615, 10620, 10905, 10910, 10945, 11245, 11560, 11870, 12150, 12170, 12445, 12740, 12745, 13040, 13050, 13070, 13080, 13085, 13090, 13340, 13345, 13355, 13630, 13635, 13640, 13670, 13975, 14270, 14290, 14595, 14890, 15180, 15465, 15480, 15790, 15805, 15810, 15835, 16085, 16405, 16710, 17010, 17320, 17615, 17915, 18225, 18490, 18515, 18530, 18540, 18545, 18560, 18805, 18810, 19140, 19450, 19745, 20050, 20340, 20355, 20625, 20635, 20930, 20935, 21235, 21250, 21265, 21270, 21275, 21280, 21525, 21535, 21545], "static_frames_count": 127}