{"camera_movement_sequences": [[860, 890], [1170, 1200], [6330, 6345], [10300, 10310], [10590, 10595], [12745, 12775], [14500, 14540], [14820, 14860], [15150, 15160], [15450, 15470], [15750, 15770], [16050, 16070]], "foi_count_frames": 8000, "foi_count_seconds": 266.66667, "foi_pct": 0.46943, "foi_sequences": [[895, 1165], [1205, 1255], [1380, 2475], [2675, 2720], [2755, 2760], [2940, 3990], [4140, 4230], [6305, 6720], [6840, 7015], [9045, 9450], [9605, 10370], [10585, 10660], [10800, 10905], [10940, 10945], [11185, 12180], [12300, 12955], [14505, 14815], [14865, 14910], [15060, 15960], [15995, 16120], [16345, 16370], [16645, 17040]], "representative_frames": [895, 1165, 1205, 1210, 1255, 1380, 1450, 1505, 1800, 1805, 1820, 2100, 2105, 2115, 2120, 2400, 2405, 2415, 2430, 2475, 2675, 2715, 2720, 2755, 2760, 2940, 3000, 3010, 3310, 3325, 3335, 3345, 3350, 3355, 3595, 3600, 3605, 3610, 3615, 3905, 3910, 3915, 3920, 3925, 3930, 3935, 3990, 4140, 4230, 6305, 6340, 6355, 6500, 6630, 6635, 6645, 6660, 6665, 6720, 6840, 6970, 7015, 9045, 9050, 9065, 9070, 9080, 9365, 9370, 9375, 9380, 9385, 9400, 9450, 9605, 9695, 9990, 9995, 10005, 10080, 10290, 10295, 10320, 10370, 10585, 10600, 10610, 10625, 10660, 10800, 10905, 10940, 10945, 10970, 11185, 11190, 11195, 11205, 11495, 11510, 11520, 11530, 11540, 11545, 11610, 11715, 11720, 11785, 11790, 11800, 11810, 11965, 12100, 12110, 12115, 12125, 12180, 12300, 12430, 12725, 12735, 12760, 12880, 12955, 14505, 14545, 14815, 14865, 14910, 15060, 15165, 15480, 15835, 15960, 15995, 16075, 16085, 16120, 16345, 16370, 16645, 16655, 16670, 16965, 16985, 16995, 17000, 17010, 17040], "representative_frames_count": 149, "static_frames": [895, 1210, 1255, 1450, 1505, 1800, 1805, 1820, 2100, 2105, 2115, 2120, 2400, 2405, 2415, 2430, 2715, 3000, 3010, 3310, 3325, 3335, 3345, 3350, 3355, 3595, 3600, 3605, 3610, 3615, 3905, 3910, 3915, 3920, 3925, 3930, 3935, 6305, 6340, 6355, 6500, 6630, 6635, 6645, 6660, 6665, 6970, 9050, 9065, 9070, 9080, 9365, 9370, 9375, 9380, 9385, 9400, 9695, 9990, 9995, 10005, 10080, 10290, 10295, 10320, 10600, 10610, 10625, 10970, 11190, 11195, 11205, 11495, 11510, 11520, 11530, 11540, 11545, 11610, 11715, 11720, 11785, 11790, 11800, 11810, 11965, 12100, 12110, 12115, 12125, 12430, 12725, 12735, 12760, 12880, 14505, 14545, 14865, 15165, 15480, 15835, 16075, 16085, 16655, 16670, 16965, 16985, 16995, 17000, 17010], "static_frames_count": 110}