{"camera_movement_sequences": [[620, 625], [915, 935], [1215, 1250], [1550, 1555], [1850, 1865], [2150, 2170], [2445, 2475]], "foi_count_frames": 1105, "foi_count_seconds": 36.83333, "foi_pct": 0.40506, "foi_sequences": [[5, 35], [615, 1210], [1255, 1305], [1440, 1560], [1845, 1870], [2050, 2080], [2125, 2175], [2480, 2485], [2525, 2725]], "representative_frames": [5, 35, 490, 615, 635, 645, 660, 675, 925, 940, 1210, 1255, 1305, 1440, 1540, 1560, 1565, 1845, 1870, 2050, 2080, 2125, 2145, 2175, 2180, 2480, 2485, 2525, 2725], "representative_frames_count": 29, "static_frames": [5, 490, 635, 645, 660, 675, 925, 940, 1255, 1540, 1565, 1870, 2145, 2180, 2485], "static_frames_count": 15}