{"camera_movement_sequences": [[640, 645], [805, 815], [1945, 1955], [2015, 2020], [2480, 2485], [4290, 4305]], "foi_count_frames": 8090, "foi_count_seconds": 269.66667, "foi_pct": 0.96632, "foi_sequences": [[55, 6410], [6515, 7620], [7740, 8370]], "representative_frames": [5, 55, 650, 690, 775, 825, 1090, 1135, 1965, 2030, 2495, 4315, 4320, 4390, 4400, 4405, 4410, 4435, 4445, 4525, 4575, 4585, 4920, 4930, 5315, 5410, 5420, 5470, 5480, 5515, 5570, 5575, 5660, 5665, 5670, 5710, 5720, 6390, 6395, 6405, 6410, 6515, 6520, 6530, 6535, 7285, 7330, 7370, 7375, 7380, 7385, 7390, 7450, 7455, 7460, 7465, 7530, 7535, 7540, 7545, 7550, 7620, 7740, 8125, 8140, 8150, 8180, 8185, 8240, 8245, 8305, 8310, 8315, 8370], "representative_frames_count": 74, "static_frames": [5, 650, 690, 775, 825, 1090, 1135, 1965, 2030, 2495, 4315, 4320, 4390, 4400, 4405, 4410, 4435, 4445, 4525, 4575, 4585, 4920, 4930, 5315, 5410, 5420, 5470, 5480, 5515, 5570, 5575, 5660, 5665, 5670, 5710, 5720, 6390, 6395, 6405, 6520, 6530, 6535, 7285, 7330, 7370, 7375, 7380, 7385, 7390, 7450, 7455, 7460, 7465, 7530, 7535, 7540, 7545, 7550, 8125, 8140, 8150, 8180, 8185, 8240, 8245, 8305, 8310, 8315], "static_frames_count": 68}