{"camera_movement_sequences": [[935, 1005], [3685, 3700], [4820, 4830], [5185, 5190], [5275, 5280], [5470, 5530], [7605, 7635], [7910, 7925], [8210, 8230]], "foi_count_frames": 4760, "foi_count_seconds": 158.66666666666666, "foi_pct": 0.5605275553462082, "foi_sequences": [[425, 1405], [1600, 2720], [2755, 2890], [3040, 3115], [3275, 3435], [3505, 5125], [5160, 5490], [5800, 5805], [7640, 7645], [7905, 8235]], "representative_frames": [5, 425, 480, 830, 955, 990, 1010, 1020, 1030, 1055, 1070, 1090, 1405, 1600, 1620, 1635, 1645, 1660, 1875, 2720, 2755, 2890, 3040, 3115, 3275, 3435, 3505, 3710, 3935, 4300, 4825, 4835, 4855, 5115, 5125, 5160, 5200, 5285, 5385, 5490, 5540, 5800, 5805, 7640, 7645, 7905, 7930, 8205, 8235, 8240], "representative_frames_count": 50, "static_frames": [5, 425, 480, 830, 955, 990, 1010, 1020, 1030, 1055, 1070, 1090, 1600, 1620, 1635, 1645, 1660, 1875, 3710, 3935, 4300, 4825, 4835, 4855, 5115, 5200, 5285, 5385, 5540, 7640, 7930, 8205, 8240], "static_frames_count": 33}