{"camera_movement_sequences": [[135, 155], [435, 460], [735, 765], [1035, 1045], [1335, 1350], [1635, 1650], [1935, 1965], [2235, 2275], [2565, 2570], [4965, 5000], [5295, 5305], [5595, 5615], [5895, 5925], [6195, 6225], [6495, 6500], [6795, 6810], [7095, 7120], [7155, 7160], [7395, 7400], [7695, 7735], [8025, 8030], [10755, 10765], [11065, 11075], [11355, 11385], [11655, 11660], [11955, 11960], [12255, 12270], [12555, 12570], [13180, 13195], [13485, 13490], [14085, 14115], [14385, 14415], [14685, 14700], [14985, 15000], [15285, 15305], [16215, 16225], [16520, 16530], [16815, 16845], [17115, 17145], [17415, 17420], [17715, 17730], [18015, 18035], [18315, 18335], [18615, 18650], [18945, 18955], [19255, 19260], [19545, 19575], [19845, 19870], [20145, 20155], [20445, 20460], [20745, 20765], [21045, 21065], [21345, 21385], [21675, 21685], [21975, 21990], [22275, 22300], [22575, 22600], [22875, 22890], [23175, 23190], [23475, 23490], [24075, 24105], [24405, 24415], [24705, 24720], [25005, 25035], [25305, 25335], [25605, 25615], [25905, 25920], [26205, 26220], [26505, 26525], [26805, 26840], [27135, 27145], [27435, 27450], [27735, 27765], [28035, 28065], [28335, 28350], [28635, 28645], [28935, 28950], [29235, 29255]], "foi_count_frames": 11105, "foi_count_seconds": 370.16667, "foi_pct": 0.34432, "foi_sequences": [[35, 40], [90, 160], [705, 775], [825, 830], [1030, 1055], [1330, 1355], [1630, 1985], [2025, 2160], [2205, 2230], [2280, 2320], [2405, 2495], [2530, 2610], [2660, 2890], [3160, 3190], [3460, 3505], [3760, 3785], [4060, 4085], [4360, 4960], [5005, 5060], [5195, 5580], [5620, 5660], [5695, 5815], [5890, 5930], [6040, 6085], [6230, 6235], [6490, 6515], [6585, 6590], [6630, 6640], [6815, 6820], [7090, 7625], [7740, 7780], [7955, 8210], [8260, 8345], [8625, 8655], [8920, 8970], [9220, 9245], [9520, 9550], [9820, 10150], [10420, 10520], [10655, 10915], [11055, 11080], [11350, 11390], [11495, 11500], [11650, 11690], [11950, 11980], [12250, 12290], [12550, 12885], [13150, 13240], [13460, 13510], [13785, 13805], [14080, 14120], [14380, 14420], [14980, 15005], [15280, 15640], [15880, 15975], [16085, 16230], [16460, 16475], [16510, 16535], [16840, 16850], [17410, 17440], [18010, 18345], [18655, 18700], [18875, 19265], [19570, 19580], [19840, 19980], [20140, 20165], [20740, 21080], [21155, 21200], [21390, 21440], [21580, 21995], [22605, 22615], [23100, 23195], [23320, 23365], [23470, 24025], [24060, 24070], [24110, 24160], [24275, 24735], [25000, 25040], [25120, 25155], [25270, 25300], [25600, 25630], [25900, 25935], [26200, 26665], [26710, 26800], [26845, 26895], [27045, 27240], [27280, 27455], [27730, 27770], [28030, 28075], [28355, 28360], [28630, 28655], [28930, 29265], [29530, 29605], [29800, 29900], [29940, 29955], [30115, 30125], [30160, 30185], [30460, 30490], [30760, 30800], [31060, 31085], [31360, 31385], [31660, 31990]], "representative_frames": [5, 35, 40, 90, 140, 160, 165, 470, 705, 745, 770, 775, 825, 830, 1030, 1055, 1330, 1355, 1630, 1655, 1670, 1680, 1695, 1960, 1985, 2025, 2160, 2205, 2230, 2280, 2320, 2405, 2495, 2530, 2575, 2610, 2660, 2885, 2890, 3160, 3165, 3175, 3180, 3185, 3190, 3460, 3470, 3480, 3495, 3505, 3760, 3770, 3785, 4060, 4080, 4085, 4360, 4375, 4385, 4400, 4410, 4415, 4420, 4660, 4670, 4675, 4680, 4960, 5005, 5060, 5195, 5320, 5580, 5620, 5660, 5695, 5815, 5890, 5920, 5930, 6040, 6085, 6115, 6230, 6235, 6490, 6515, 6585, 6590, 6630, 6640, 6815, 6820, 6825, 7090, 7115, 7130, 7140, 7150, 7410, 7625, 7740, 7750, 7780, 7955, 8035, 8210, 8260, 8345, 8625, 8630, 8640, 8650, 8655, 8920, 8925, 8930, 8940, 8955, 8970, 9220, 9245, 9520, 9525, 9535, 9550, 9820, 9825, 9830, 9835, 9850, 9865, 9875, 9880, 9885, 10120, 10130, 10135, 10145, 10150, 10420, 10430, 10440, 10445, 10455, 10520, 10655, 10690, 10770, 10915, 11055, 11080, 11350, 11390, 11495, 11500, 11650, 11665, 11685, 11690, 11950, 11980, 12250, 12290, 12550, 12575, 12590, 12595, 12605, 12620, 12860, 12870, 12875, 12885, 13150, 13155, 13160, 13165, 13170, 13175, 13230, 13240, 13460, 13495, 13510, 13785, 13795, 13805, 14080, 14120, 14380, 14420, 14980, 15005, 15010, 15280, 15315, 15330, 15335, 15340, 15545, 15590, 15600, 15640, 15880, 15900, 15905, 15910, 15915, 15925, 15975, 16085, 16230, 16460, 16475, 16510, 16535, 16840, 16850, 16970, 17355, 17410, 17425, 17440, 17740, 18010, 18045, 18055, 18060, 18065, 18080, 18310, 18320, 18340, 18345, 18655, 18660, 18700, 18875, 18980, 19250, 19265, 19275, 19570, 19580, 19650, 19840, 19875, 19980, 20140, 20165, 20535, 20740, 20760, 20770, 20785, 20795, 20800, 21050, 21055, 21075, 21080, 21155, 21200, 21390, 21440, 21455, 21580, 21825, 21995, 22000, 22480, 22605, 22610, 22615, 23100, 23195, 23200, 23320, 23365, 23470, 23495, 23510, 23520, 23530, 23785, 23795, 24025, 24060, 24070, 24110, 24115, 24160, 24275, 24455, 24730, 24735, 25000, 25040, 25120, 25155, 25270, 25300, 25600, 25630, 25900, 25930, 25935, 26200, 26225, 26235, 26245, 26250, 26255, 26260, 26665, 26710, 26715, 26800, 26845, 26875, 26895, 27045, 27150, 27240, 27280, 27455, 27515, 27730, 27770, 27865, 28030, 28050, 28075, 28355, 28360, 28630, 28655, 28930, 28955, 28965, 28975, 28980, 28990, 29260, 29265, 29530, 29545, 29560, 29570, 29605, 29800, 29870, 29900, 29940, 29955, 30115, 30125, 30160, 30170, 30185, 30460, 30480, 30485, 30490, 30760, 30765, 30770, 30775, 30790, 30800, 31060, 31065, 31085, 31360, 31370, 31375, 31385, 31660, 31665, 31675, 31685, 31695, 31705, 31715, 31725, 31960, 31975, 31990], "representative_frames_count": 389, "static_frames": [5, 140, 165, 470, 745, 770, 1055, 1355, 1655, 1670, 1680, 1695, 1960, 2280, 2575, 2885, 3165, 3175, 3180, 3185, 3470, 3480, 3495, 3770, 4080, 4375, 4385, 4400, 4410, 4415, 4420, 4660, 4670, 4675, 4680, 5005, 5320, 5620, 5920, 6115, 6235, 6825, 7115, 7130, 7140, 7150, 7410, 7750, 8035, 8345, 8625, 8630, 8640, 8650, 8925, 8930, 8940, 8955, 9520, 9525, 9535, 9825, 9830, 9835, 9850, 9865, 9875, 9880, 9885, 10120, 10130, 10135, 10145, 10430, 10440, 10445, 10455, 10690, 10770, 11080, 11390, 11665, 11685, 12290, 12575, 12590, 12595, 12605, 12620, 12860, 12870, 12875, 13155, 13160, 13165, 13170, 13175, 13230, 13495, 13795, 13805, 15010, 15315, 15330, 15335, 15340, 15545, 15590, 15600, 15900, 15905, 15910, 15915, 15925, 16230, 16535, 16970, 17355, 17425, 17740, 18045, 18055, 18060, 18065, 18080, 18310, 18320, 18340, 18660, 18980, 19250, 19275, 19650, 19875, 20535, 20760, 20770, 20785, 20795, 20800, 21050, 21055, 21075, 21455, 21825, 22000, 22480, 22610, 23200, 23495, 23510, 23520, 23530, 23785, 23795, 24115, 24455, 24730, 25040, 25600, 25930, 26225, 26235, 26245, 26250, 26255, 26260, 26715, 26875, 27150, 27515, 27865, 28050, 28930, 28955, 28965, 28975, 28980, 28990, 29260, 29545, 29560, 29570, 29870, 30170, 30185, 30480, 30485, 30765, 30770, 30775, 30790, 31065, 31370, 31375, 31665, 31675, 31685, 31695, 31705, 31715, 31725, 31960, 31975], "static_frames_count": 204}