{"camera_movement_sequences": [[5730, 5745]], "foi_count_frames": 815, "foi_count_seconds": 27.16667, "foi_pct": 0.12932, "foi_sequences": [[2390, 2735], [2940, 3015], [5100, 5460], [5705, 5740]], "representative_frames": [5, 2390, 2395, 2405, 2690, 2715, 2720, 2735, 2940, 3015, 5100, 5105, 5115, 5125, 5135, 5425, 5430, 5445, 5460, 5705, 5740], "representative_frames_count": 21, "static_frames": [5, 2390, 2395, 2405, 2690, 2715, 2720, 5105, 5115, 5125, 5135, 5425, 5430, 5445], "static_frames_count": 14}