{"camera_movement_sequences": [[1430, 1480], [1755, 1840], [2040, 2095], [3930, 3945], [3980, 3985], [4030, 4045], [4185, 4205], [4485, 4550], [6900, 6915]], "foi_count_frames": 1510, "foi_count_seconds": 50.333333333333336, "foi_pct": 0.20966398222715912, "foi_sequences": [[1435, 1845], [1985, 2110], [3935, 4480], [4515, 4575], [4740, 4815], [6905, 7200]], "representative_frames": [1435, 1470, 1485, 1775, 1795, 1845, 1985, 2085, 2105, 2110, 3935, 3950, 3970, 4135, 4210, 4480, 4515, 4540, 4575, 4740, 4815, 6905, 6910, 6925, 6935, 7200], "representative_frames_count": 26, "static_frames": [1435, 1470, 1485, 1775, 1795, 2085, 2105, 3935, 3950, 3970, 4135, 4210, 4515, 4540, 4815, 6910, 6925, 6935], "static_frames_count": 18}