{"camera_movement_sequences": [[5, 15], [60, 65], [2410, 2440]], "foi_count_frames": 1045, "foi_count_seconds": 34.83333, "foi_pct": 0.19238, "foi_sequences": [[20, 70], [2430, 2800], [2940, 3255], [5120, 5430]], "representative_frames": [20, 70, 2430, 2435, 2735, 2740, 2750, 2755, 2800, 2940, 2975, 3035, 3045, 3060, 3255, 5120, 5125, 5150, 5155, 5160, 5255, 5430], "representative_frames_count": 22, "static_frames": [20, 2430, 2435, 2735, 2740, 2750, 2755, 2975, 3035, 3045, 3060, 5125, 5150, 5155, 5160, 5255], "static_frames_count": 16}