{"camera_movement_sequences": [[5, 55], [645, 660], [945, 975], [1245, 1275], [1545, 1560], [1845, 1860], [2145, 2160], [2745, 2775], [3075, 3085]], "foi_count_frames": 850, "foi_count_seconds": 28.333333333333332, "foi_pct": 0.257419745608722, "foi_sequences": [[60, 100], [425, 490], [525, 670], [715, 755], [970, 980], [1280, 1285], [1540, 1565], [1840, 1865], [2140, 2215], [2250, 2290], [2335, 2355], [2440, 2475], [2780, 2840], [2975, 3175], [3220, 3285]], "representative_frames": [10, 60, 65, 100, 425, 490, 525, 665, 670, 715, 755, 970, 980, 1280, 1285, 1540, 1565, 1570, 1840, 1865, 1870, 2140, 2165, 2180, 2190, 2195, 2200, 2215, 2250, 2290, 2335, 2355, 2440, 2450, 2455, 2465, 2475, 2780, 2840, 2975, 3090, 3175, 3220, 3285], "representative_frames_count": 44, "static_frames": [10, 65, 425, 665, 970, 1285, 1570, 1870, 2165, 2180, 2190, 2195, 2200, 2450, 2455, 2465, 2780, 3090], "static_frames_count": 18}