{"camera_movement_sequences": [[585, 600], [885, 895], [1185, 1220], [1515, 1525], [1825, 1835], [2115, 2140], [2415, 2440], [2715, 2730], [3015, 3030], [3315, 3325], [3615, 3625], [3915, 3950], [4245, 4255], [4555, 4565], [4845, 4865], [5145, 5175], [5445, 5455], [5745, 5760], [6045, 6060], [6345, 6355], [6645, 6675]], "foi_count_frames": 4810, "foi_count_seconds": 160.33333, "foi_pct": 0.65158, "foi_sequences": [[55, 65], [425, 1180], [1225, 1230], [1440, 2110], [2435, 2800], [2945, 3910], [3955, 4005], [4150, 4425], [4545, 4875], [4990, 5030], [5375, 5465], [5500, 5530], [5680, 5695], [5740, 6640], [6680, 6740], [6900, 7045], [7275, 7380]], "representative_frames": [5, 55, 65, 425, 430, 605, 620, 630, 635, 645, 890, 900, 910, 1180, 1225, 1230, 1440, 1550, 1840, 2110, 2150, 2435, 2445, 2740, 2800, 2945, 3070, 3330, 3340, 3355, 3375, 3630, 3640, 3910, 3955, 3960, 4005, 4150, 4260, 4425, 4545, 4570, 4850, 4870, 4875, 4990, 5030, 5185, 5375, 5465, 5500, 5530, 5645, 5680, 5695, 5740, 5765, 6065, 6075, 6090, 6105, 6360, 6370, 6640, 6680, 6685, 6740, 6900, 6990, 7045, 7275, 7285, 7300, 7380], "representative_frames_count": 74, "static_frames": [5, 430, 605, 620, 630, 635, 645, 890, 900, 910, 1225, 1550, 1840, 2150, 2445, 2740, 3070, 3330, 3340, 3355, 3375, 3630, 3640, 3960, 4260, 4570, 4850, 4870, 5185, 5645, 5765, 6065, 6075, 6090, 6105, 6360, 6370, 6680, 6685, 6990, 7285, 7300], "static_frames_count": 42}