{"camera_movement_sequences": [[70, 80], [370, 380], [1325, 1335], [1580, 1585]], "foi_count_frames": 1075, "foi_count_seconds": 35.833333333333336, "foi_pct": 0.3087306145893165, "foi_sequences": [[65, 90], [125, 135], [365, 515], [555, 1365], [1525, 1605]], "representative_frames": [5, 65, 90, 125, 135, 365, 385, 515, 555, 680, 720, 730, 740, 750, 855, 875, 920, 1000, 1010, 1340, 1365, 1525, 1605], "representative_frames_count": 23, "static_frames": [5, 90, 385, 680, 720, 730, 740, 750, 855, 875, 920, 1000, 1010, 1340], "static_frames_count": 14}