{"camera_movement_sequences": [[1810, 1820], [2110, 2180], [7310, 7315], [7595, 7650], [7875, 7885]], "foi_count_frames": 700, "foi_count_seconds": 23.33333, "foi_pct": 0.07962, "foi_sequences": [[1825, 2105], [2160, 2200], [2340, 2435], [7320, 7590], [7640, 7655]], "representative_frames": [1825, 1965, 2105, 2160, 2165, 2200, 2340, 2350, 2435, 7320, 7325, 7590, 7640, 7645, 7655], "representative_frames_count": 15, "static_frames": [1825, 1965, 2165, 2350, 7325, 7645], "static_frames_count": 6}