{"camera_movement_sequences": [[1220, 1225], [1505, 1545]], "foi_count_frames": 340, "foi_count_seconds": 11.333333333333334, "foi_pct": 0.12583271650629163, "foi_sequences": [[1230, 1565], [1800, 1805]], "representative_frames": [1230, 1515, 1555, 1565, 1800, 1805], "representative_frames_count": 6, "static_frames": [1230, 1515, 1555], "static_frames_count": 3}