{"camera_movement_sequences": [[260, 280], [555, 585], [855, 870], [1155, 1170], [1460, 1475], [1755, 1775]], "foi_count_frames": 1265, "foi_count_seconds": 42.166666666666664, "foi_pct": 0.6194906953966699, "foi_sequences": [[5, 285], [565, 630], [785, 930], [1210, 1215], [1270, 2040]], "representative_frames": [5, 285, 290, 565, 590, 630, 785, 875, 930, 1180, 1210, 1215, 1270, 1480, 1500, 1515, 1765, 1780, 2040], "representative_frames_count": 19, "static_frames": [5, 290, 565, 590, 875, 1180, 1480, 1500, 1515, 1765, 1780], "static_frames_count": 11}