{"camera_movement_sequences": [[585, 605], [885, 900], [1185, 1200], [1245, 1250], [1485, 1510], [1785, 1825], [2115, 2130], [2420, 2435], [2715, 2740], [3015, 3045], [3315, 3330], [3615, 3630], [3915, 3920], [4550, 4555], [4845, 4860], [5150, 5160], [5445, 5475], [5745, 5765], [6045, 6055], [6345, 6360], [6645, 6660], [7245, 7280], [7575, 7585], [7880, 7890]], "foi_count_frames": 2125, "foi_count_seconds": 70.83333, "foi_pct": 0.26035, "foi_sequences": [[905, 910], [1205, 1285], [1355, 1375], [1490, 1515], [1830, 1880], [2015, 2315], [2355, 2440], [2825, 2900], [2950, 3010], [3050, 3055], [3335, 3340], [3610, 3635], [3785, 3830], [3910, 4250], [4340, 4425], [4510, 4595], [4720, 4865], [4910, 5050], [5140, 5165], [5740, 5780], [6040, 6065], [6340, 6365], [6640, 6745], [6790, 6865], [6940, 6975], [7505, 7510], [7550, 7615], [7660, 7735], [7775, 7780], [7825, 7895]], "representative_frames": [5, 370, 610, 905, 910, 1205, 1225, 1235, 1240, 1255, 1285, 1355, 1375, 1490, 1515, 1830, 1880, 2015, 2135, 2315, 2355, 2440, 2745, 2825, 2900, 2950, 3010, 3050, 3055, 3335, 3340, 3360, 3610, 3635, 3650, 3785, 3830, 3910, 3925, 3935, 3950, 3960, 3965, 3970, 4220, 4230, 4240, 4250, 4340, 4425, 4510, 4515, 4520, 4530, 4545, 4575, 4595, 4720, 4865, 4910, 5050, 5140, 5165, 5175, 5510, 5740, 5760, 5775, 5780, 6040, 6065, 6340, 6365, 6425, 6640, 6665, 6680, 6690, 6695, 6700, 6745, 6790, 6865, 6940, 6960, 6975, 7310, 7505, 7510, 7550, 7590, 7615, 7660, 7735, 7775, 7780, 7825, 7895], "representative_frames_count": 98, "static_frames": [5, 370, 610, 910, 1205, 1225, 1235, 1240, 1255, 1490, 1515, 1830, 2135, 2440, 2745, 3360, 3650, 3925, 3935, 3950, 3960, 3965, 3970, 4220, 4230, 4240, 4515, 4520, 4530, 4545, 4575, 4865, 5175, 5510, 5760, 5775, 6425, 6665, 6680, 6690, 6695, 6700, 6960, 7310, 7590, 7895], "static_frames_count": 46}