{"camera_movement_sequences": [[535, 545], [835, 850], [1135, 1150], [1735, 1770], [2065, 2070]], "foi_count_frames": 1045, "foi_count_seconds": 34.83333, "foi_pct": 0.38675, "foi_sequences": [[550, 555], [815, 870], [930, 935], [985, 1060], [1155, 1500], [1540, 1580], [1675, 1730], [1775, 1825], [1985, 2140], [2180, 2265], [2300, 2440], [2640, 2675]], "representative_frames": [5, 340, 550, 555, 815, 855, 870, 930, 935, 985, 1060, 1155, 1160, 1175, 1180, 1185, 1190, 1200, 1440, 1450, 1460, 1500, 1540, 1580, 1675, 1730, 1775, 1780, 1825, 1985, 2080, 2140, 2180, 2265, 2300, 2365, 2370, 2375, 2380, 2440, 2640, 2675], "representative_frames_count": 42, "static_frames": [5, 340, 550, 855, 1160, 1175, 1180, 1185, 1190, 1200, 1440, 1450, 1460, 1780, 2080, 2365, 2370, 2375, 2380, 2675], "static_frames_count": 20}