{"camera_movement_sequences": [[575, 615], [870, 910], [1200, 1215], [1500, 1520], [1805, 1825], [2105, 2135], [2400, 2415], [2700, 2715], [3000, 3025], [3300, 3305], [3600, 3655], [3930, 3945], [4230, 4245], [4530, 4550], [4830, 4855]], "foi_count_frames": 4145, "foi_count_seconds": 138.16667, "foi_pct": 0.80768, "foi_sequences": [[5, 65], [425, 865], [915, 965], [1140, 2480], [2645, 3595], [3640, 3690], [3840, 4825], [4860, 5130]], "representative_frames": [5, 65, 425, 430, 570, 585, 595, 865, 915, 920, 965, 1140, 1225, 1515, 1525, 1830, 2100, 2125, 2425, 2480, 2645, 2725, 3030, 3040, 3050, 3055, 3060, 3315, 3325, 3595, 3640, 3685, 3690, 3840, 3950, 4250, 4560, 4825, 4860, 4865, 5130], "representative_frames_count": 41, "static_frames": [5, 430, 570, 585, 595, 920, 1225, 1515, 1525, 1830, 2100, 2125, 2425, 2725, 3030, 3040, 3050, 3055, 3060, 3315, 3325, 3640, 3685, 3950, 4250, 4560, 4865, 5130], "static_frames_count": 28}