{"camera_movement_sequences": [[2395, 2405], [2685, 2725], [2975, 3000], [5120, 5135], [5415, 5455], [7855, 7865], [8145, 8185], [10580, 10600], [10875, 10915], [11190, 11205], [13315, 13325], [13605, 13645], [13895, 13935]], "foi_count_frames": 1675, "foi_count_seconds": 55.83333, "foi_pct": 0.11534, "foi_sequences": [[2400, 2680], [2730, 2775], [2980, 3010], [5140, 5410], [5450, 5460], [5700, 5740], [7870, 8140], [8190, 8235], [8400, 8415], [10605, 10870], [10920, 10925], [11160, 11200], [13330, 13690], [13900, 13930]], "representative_frames": [5, 2400, 2410, 2680, 2730, 2760, 2775, 2980, 3010, 5140, 5145, 5410, 5450, 5460, 5675, 5700, 5740, 7870, 7875, 8140, 8190, 8200, 8235, 8400, 8415, 10605, 10610, 10870, 10920, 10925, 11160, 11200, 13330, 13335, 13625, 13690], "representative_frames_count": 36, "static_frames": [5, 2410, 2760, 5145, 5675, 7875, 8200, 10610, 11200, 13335, 13625], "static_frames_count": 11}