{"camera_movement_sequences": [[1000, 1015], [1060, 1080], [1840, 1855], [1910, 1925], [4005, 4015], [4310, 4320]], "foi_count_frames": 4655, "foi_count_seconds": 155.16667, "foi_pct": 0.76037, "foi_sequences": [[5, 75], [420, 1990], [2135, 2340], [2380, 2605], [2710, 4090], [4305, 4330], [4605, 4680], [4800, 5295], [5400, 5595], [5705, 6120]], "representative_frames": [5, 75, 420, 1020, 1090, 1865, 1935, 1990, 2135, 2340, 2380, 2605, 2710, 4025, 4090, 4305, 4325, 4330, 4605, 4630, 4680, 4800, 4910, 4915, 4920, 4940, 5210, 5220, 5295, 5400, 5515, 5525, 5595, 5705, 5820, 5830, 5850, 5865, 6105, 6110, 6115, 6120], "representative_frames_count": 42, "static_frames": [5, 1020, 1090, 1865, 1935, 4025, 4325, 4630, 4910, 4915, 4920, 4940, 5210, 5220, 5515, 5525, 5820, 5830, 5850, 5865, 6105, 6110, 6115, 6120], "static_frames_count": 24}