{"camera_movement_sequences": [[5, 50], [645, 660], [945, 960]], "foi_count_frames": 160, "foi_count_seconds": 5.333333333333333, "foi_pct": 0.10443864229765012, "foi_sequences": [[55, 100], [640, 665], [940, 975], [1180, 1195], [1240, 1280]], "representative_frames": [10, 55, 60, 100, 430, 640, 665, 940, 965, 975, 1180, 1195, 1240, 1245, 1250, 1255, 1265, 1280], "representative_frames_count": 18, "static_frames": [10, 60, 430, 665, 965, 1245, 1250, 1255, 1265], "static_frames_count": 9}