{"camera_movement_sequences": [[570, 870], [1195, 1230], [1455, 1465], [3575, 3610], [3940, 3945], [4185, 4200], [6670, 6680], [9060, 9085], [9360, 9445], [9645, 9690]], "foi_count_frames": 2315, "foi_count_seconds": 77.16666666666667, "foi_pct": 0.22493198600855033, "foi_sequences": [[35, 55], [425, 745], [785, 1190], [1235, 1260], [1380, 1450], [3580, 3990], [4145, 4230], [6320, 6925], [9075, 9355], [9435, 9450], [9605, 9685]], "representative_frames": [5, 35, 55, 425, 430, 580, 600, 610, 615, 625, 635, 690, 745, 785, 880, 895, 1175, 1180, 1185, 1190, 1235, 1260, 1380, 1450, 3580, 3620, 3905, 3910, 3915, 3920, 3930, 3950, 3990, 4145, 4205, 4230, 6320, 6325, 6330, 6340, 6350, 6375, 6635, 6650, 6660, 6685, 6925, 9075, 9080, 9355, 9435, 9450, 9605, 9685], "representative_frames_count": 54, "static_frames": [5, 430, 580, 600, 610, 615, 625, 635, 690, 880, 895, 1175, 1180, 1185, 1190, 1235, 3580, 3620, 3905, 3910, 3915, 3920, 3930, 3950, 4205, 4230, 6325, 6330, 6340, 6350, 6375, 6635, 6650, 6660, 6685, 9075, 9080, 9435], "static_frames_count": 38}