{"camera_movement_sequences": [[5, 40], [615, 625], [915, 930], [1215, 1220], [1515, 1545], [1815, 1850], [2145, 2155], [2445, 2465], [2745, 2775], [3045, 3065], [3345, 3355], [3645, 3660], [3945, 3960], [4000, 4010], [4245, 4250], [4545, 4580], [4875, 4885], [5180, 5190]], "foi_count_frames": 1775, "foi_count_seconds": 59.166666666666664, "foi_pct": 0.32497253753203953, "foi_sequences": [[10, 45], [610, 635], [1075, 1100], [1210, 1685], [1775, 1810], [1855, 1860], [1895, 1905], [1985, 2165], [2245, 2255], [2435, 2470], [2770, 2780], [2885, 3080], [3340, 3365], [3540, 3570], [3640, 3710], [3770, 3790], [3940, 4285], [4390, 4415], [4585, 4600], [4775, 4955], [5170, 5195]], "representative_frames": [10, 45, 430, 610, 630, 635, 940, 1075, 1100, 1210, 1230, 1240, 1255, 1260, 1270, 1540, 1685, 1775, 1810, 1855, 1860, 1895, 1905, 1985, 2160, 2165, 2245, 2255, 2435, 2450, 2470, 2770, 2780, 2885, 3060, 3080, 3340, 3365, 3540, 3570, 3640, 3670, 3710, 3770, 3790, 3940, 3970, 3985, 3995, 4020, 4260, 4270, 4285, 4390, 4415, 4585, 4600, 4775, 4955, 5170, 5175, 5195, 5230], "representative_frames_count": 63, "static_frames": [10, 45, 430, 630, 940, 1230, 1240, 1255, 1260, 1270, 1540, 1855, 2160, 2450, 2470, 2770, 3060, 3340, 3365, 3670, 3970, 3985, 3995, 4020, 4260, 4270, 4585, 5175, 5230], "static_frames_count": 29}