{"camera_movement_sequences": [[585, 650]], "foi_count_frames": 235, "foi_count_seconds": 7.83333, "foi_pct": 0.20051, "foi_sequences": [[580, 730], [770, 790], [855, 920]], "representative_frames": [5, 365, 580, 615, 625, 635, 660, 730, 770, 790, 855, 890, 900, 920], "representative_frames_count": 14, "static_frames": [5, 365, 615, 625, 635, 660, 890, 900], "static_frames_count": 8}