{"camera_movement_sequences": [[590, 605], [885, 910], [1185, 1220], [1585, 1605], [3540, 3550], [3840, 3860], [4140, 4160], [4440, 4470], [4740, 4750], [5040, 5055], [5340, 5355], [5640, 5670]], "foi_count_frames": 4460, "foi_count_seconds": 148.66666666666666, "foi_pct": 0.7505890272635476, "foi_sequences": [[5, 50], [425, 880], [915, 1180], [1225, 1270], [1410, 1670], [1800, 4230], [4380, 4435], [4475, 4520], [4680, 4825], [4980, 5065], [5110, 5125], [5320, 5935]], "representative_frames": [5, 50, 425, 610, 880, 915, 1140, 1180, 1225, 1230, 1270, 1410, 1490, 1555, 1610, 1670, 1800, 3560, 3865, 4165, 4230, 4380, 4435, 4475, 4520, 4680, 4755, 4825, 4980, 5065, 5110, 5125, 5320, 5360, 5380, 5390, 5405, 5645, 5660, 5935], "representative_frames_count": 40, "static_frames": [5, 425, 610, 915, 1140, 1230, 1490, 1555, 1610, 3560, 3865, 4165, 4475, 4755, 5065, 5360, 5380, 5390, 5405, 5645, 5660], "static_frames_count": 21}