{"camera_movement_sequences": [[5, 15], [615, 625], [905, 935], [2735, 2745], [3035, 3045], [3345, 3355], [3635, 3660], [3935, 3965], [4235, 4250], [5460, 5475], [5765, 5785], [6070, 6085], [6365, 6395], [6665, 6695], [6965, 6980], [7265, 7280], [7565, 7580], [7865, 7900], [8165, 8205], [8495, 8505], [10825, 10835], [11130, 11135], [11420, 11450]], "foi_count_frames": 3830, "foi_count_seconds": 127.66667, "foi_pct": 0.33415, "foi_sequences": [[20, 65], [425, 510], [545, 715], [1210, 1530], [1805, 1825], [2105, 2800], [2950, 3360], [3665, 3725], [3820, 3925], [3960, 3995], [4510, 4565], [4835, 5170], [5395, 5530], [5640, 6090], [6400, 6455], [6700, 6705], [6860, 6985], [7285, 7290], [7585, 7905], [7995, 8010], [8210, 8260], [8400, 8515], [8550, 8560], [8795, 8815], [9815, 9845], [10480, 10570], [10805, 10840], [11105, 11140]], "representative_frames": [20, 65, 425, 430, 510, 545, 630, 715, 945, 1210, 1220, 1230, 1515, 1520, 1530, 1805, 1815, 1825, 2105, 2115, 2125, 2140, 2150, 2155, 2170, 2405, 2410, 2420, 2630, 2710, 2730, 2750, 2800, 2950, 3050, 3360, 3665, 3670, 3725, 3820, 3925, 3960, 3995, 4260, 4510, 4540, 4545, 4550, 4565, 4835, 4845, 4855, 4870, 4880, 4885, 4890, 4895, 5145, 5150, 5155, 5170, 5395, 5435, 5440, 5445, 5480, 5530, 5640, 5780, 6075, 6090, 6400, 6455, 6700, 6705, 6860, 6985, 7285, 7290, 7585, 7590, 7605, 7610, 7620, 7630, 7880, 7890, 7905, 7995, 8010, 8210, 8260, 8400, 8415, 8510, 8515, 8550, 8560, 8795, 8800, 8805, 8815, 9815, 9845, 10480, 10570, 10805, 10820, 10840, 11105, 11125, 11140, 11460], "representative_frames_count": 113, "static_frames": [20, 430, 630, 945, 1210, 1220, 1230, 1515, 1520, 1805, 1815, 1825, 2115, 2125, 2140, 2150, 2155, 2170, 2405, 2410, 2420, 2630, 2710, 2730, 2750, 3050, 3360, 3670, 3960, 4260, 4540, 4545, 4550, 4845, 4855, 4870, 4880, 4885, 4890, 4895, 5145, 5150, 5155, 5435, 5440, 5445, 5480, 5780, 6075, 6090, 6400, 6705, 6985, 7285, 7590, 7605, 7610, 7620, 7630, 7880, 7890, 8415, 8510, 8800, 8805, 8815, 10820, 10840, 11125, 11140, 11460], "static_frames_count": 71}