{"camera_movement_sequences": [[570, 585], [870, 925], [1200, 1220], [1505, 1520], [1805, 1820], [2105, 2135], [2400, 2410], [2700, 2715], [3000, 3015], [3300, 3310], [3600, 3655], [3930, 3945], [4235, 4250], [4530, 4550], [4830, 4850], [5130, 5145], [5430, 5445], [5730, 5740], [5785, 5795], [6030, 6040], [6330, 6365], [6660, 6670], [6960, 6980], [7260, 7280], [7560, 7585], [7860, 7875], [8160, 8175], [8460, 8475], [8515, 8525], [8760, 8765], [9060, 9095], [9390, 9405], [9695, 9710], [9990, 10015], [10290, 10315], [10590, 10605], [10890, 10905], [11190, 11205], [11245, 11255], [11490, 11500], [11790, 11825], [12125, 12135], [12425, 12440], [12720, 12745], [13020, 13055], [13320, 13335]], "foi_count_frames": 10790, "foi_count_seconds": 359.6666666666667, "foi_pct": 0.7956053679398318, "foi_sequences": [[5, 65], [485, 715], [760, 775], [840, 865], [910, 965], [1140, 2480], [2640, 3595], [3645, 3690], [3845, 5215], [5345, 6190], [6235, 6310], [6370, 6425], [6600, 7555], [7590, 7940], [8105, 9055], [9100, 9150], [9305, 9985], [10020, 10285], [10320, 10680], [10860, 11515], [11605, 11665], [11755, 11785], [11830, 11885], [12060, 12715], [12750, 13405]], "representative_frames": [5, 65, 485, 490, 580, 590, 595, 715, 760, 775, 840, 865, 910, 915, 965, 1140, 1215, 1530, 1830, 2100, 2130, 2415, 2480, 2640, 2725, 3020, 3030, 3045, 3050, 3055, 3060, 3085, 3130, 3195, 3290, 3305, 3315, 3320, 3595, 3645, 3650, 3690, 3845, 3950, 4255, 4560, 4860, 5155, 5215, 5345, 5455, 5745, 5755, 5770, 5780, 5800, 6035, 6050, 6190, 6235, 6310, 6370, 6375, 6425, 6600, 6675, 6990, 7285, 7555, 7590, 7885, 7940, 8105, 8180, 8480, 8495, 8505, 8530, 8770, 8780, 9055, 9100, 9105, 9150, 9305, 9315, 9400, 9700, 9715, 9985, 10020, 10025, 10285, 10320, 10360, 10610, 10680, 10860, 10915, 11215, 11230, 11240, 11260, 11495, 11505, 11510, 11515, 11605, 11665, 11755, 11785, 11830, 11885, 12060, 12120, 12140, 12465, 12715, 12750, 12755, 13045, 13070, 13345, 13405], "representative_frames_count": 124, "static_frames": [5, 490, 580, 590, 595, 915, 1215, 1530, 1830, 2100, 2130, 2415, 2725, 3020, 3030, 3045, 3050, 3055, 3060, 3085, 3130, 3195, 3290, 3305, 3315, 3320, 3650, 3950, 4255, 4560, 4860, 5155, 5455, 5745, 5755, 5770, 5780, 5800, 6035, 6050, 6375, 6675, 6990, 7285, 7590, 7885, 8180, 8480, 8495, 8505, 8530, 8770, 8780, 9105, 9315, 9400, 9700, 9715, 10025, 10320, 10360, 10610, 10915, 11215, 11230, 11240, 11260, 11495, 11505, 11510, 11830, 12120, 12140, 12465, 12755, 13045, 13070, 13345], "static_frames_count": 78}