{"camera_movement_sequences": [[790, 825], [860, 865]], "foi_count_frames": 350, "foi_count_seconds": 11.666666666666666, "foi_pct": 0.4013761467889908, "foi_sequences": [[30, 55], [360, 630], [780, 795], [830, 870]], "representative_frames": [5, 30, 55, 360, 570, 630, 780, 795, 830, 835, 870], "representative_frames_count": 11, "static_frames": [5, 570, 835, 870], "static_frames_count": 4}