{"camera_movement_sequences": [[1820, 1830], [2120, 2140], [2420, 2440], [2720, 2750], [3020, 3035], [3320, 3335], [3620, 3680], [3920, 3945], [4220, 4270], [4550, 4570], [4850, 4865], [5150, 5170], [5455, 5480], [5750, 5765], [6050, 6065], [6350, 6365], [6650, 6675], [6975, 7030], [7310, 7320], [7605, 7625], [7905, 7930], [8210, 8225], [8505, 8525], [8805, 8820]], "foi_count_frames": 7010, "foi_count_seconds": 233.66666666666666, "foi_pct": 0.7919114324446452, "foi_sequences": [[5, 1900], [2045, 2515], [2645, 3110], [3240, 3410], [3540, 3705], [3840, 4215], [4260, 4305], [4445, 5835], [6005, 6135], [6300, 6430], [6605, 6745], [6785, 6825], [6880, 6955], [7020, 7060], [7230, 8590], [8730, 8850]], "representative_frames": [5, 1835, 1900, 2045, 2145, 2450, 2515, 2645, 2740, 3040, 3110, 3240, 3345, 3410, 3540, 3630, 3640, 3655, 3690, 3705, 3840, 3930, 3940, 4215, 4260, 4305, 4445, 4560, 4870, 5175, 5450, 5475, 5770, 5835, 6005, 6075, 6135, 6300, 6360, 6370, 6385, 6395, 6405, 6430, 6605, 6670, 6745, 6785, 6825, 6880, 6955, 7020, 7060, 7230, 7330, 7630, 7925, 7935, 8205, 8235, 8280, 8535, 8590, 8730, 8830, 8850], "representative_frames_count": 66, "static_frames": [5, 1835, 2145, 2450, 2740, 3040, 3345, 3630, 3640, 3655, 3690, 3930, 3940, 4260, 4560, 4870, 5175, 5450, 5475, 5770, 6075, 6360, 6370, 6385, 6395, 6405, 6670, 7020, 7330, 7630, 7925, 7935, 8205, 8235, 8280, 8535, 8830], "static_frames_count": 37}