{"camera_movement_sequences": [[860, 880], [1155, 1195], [3855, 3930], [6315, 6340], [6615, 6655], [9055, 9065], [9345, 9385], [9660, 9675], [11775, 11795], [12075, 12105], [15120, 15135]], "foi_count_frames": 1925, "foi_count_seconds": 64.16666666666667, "foi_pct": 0.10986188791233878, "foi_sequences": [[885, 1200], [3860, 3880], [3935, 3975], [4180, 4210], [6320, 6610], [6650, 6660], [6905, 6940], [9070, 9395], [9600, 9670], [11800, 12135], [12360, 12400], [14500, 14865], [15060, 15130]], "representative_frames": [885, 1185, 1190, 1200, 3865, 3935, 3940, 3970, 3975, 4180, 4210, 6320, 6345, 6610, 6650, 6660, 6905, 6940, 9070, 9075, 9390, 9395, 9600, 9670, 11800, 11805, 12085, 12110, 12135, 12360, 12400, 14500, 14510, 14520, 14810, 14815, 14825, 14830, 14835, 14865, 15060, 15130], "representative_frames_count": 42, "static_frames": [885, 1185, 1190, 3865, 3940, 3970, 6320, 6345, 6650, 9075, 9390, 11805, 12085, 12110, 14500, 14510, 14520, 14810, 14815, 14825, 14830, 14835], "static_frames_count": 22}