{"camera_movement_sequences": [[5, 45], [615, 625], [915, 925], [1215, 1230]], "foi_count_frames": 545, "foi_count_seconds": 18.16667, "foi_pct": 0.19949, "foi_sequences": [[10, 50], [630, 640], [930, 940], [1235, 1285], [1330, 1360], [1410, 1420], [1480, 1545], [1660, 1690], [1810, 1905], [1985, 2055], [2135, 2160], [2260, 2345], [2445, 2470]], "representative_frames": [10, 50, 430, 630, 640, 930, 935, 940, 1235, 1240, 1255, 1265, 1270, 1280, 1285, 1330, 1360, 1410, 1420, 1480, 1525, 1530, 1540, 1545, 1660, 1690, 1810, 1825, 1840, 1845, 1850, 1865, 1905, 1985, 2055, 2135, 2145, 2160, 2260, 2345, 2445, 2450, 2455, 2465, 2470], "representative_frames_count": 45, "static_frames": [10, 50, 430, 630, 935, 1240, 1255, 1265, 1270, 1280, 1525, 1530, 1540, 1825, 1840, 1845, 1850, 1865, 2145, 2160, 2450, 2455, 2465], "static_frames_count": 23}