{"camera_movement_sequences": [[570, 610], [900, 910], [1210, 1220], [1500, 1525], [1800, 1825], [2100, 2115], [2405, 2415], [2700, 2730], [3000, 3010], [3300, 3335], [3630, 3650], [3930, 3945], [4230, 4250], [4530, 4590], [4830, 4845], [5135, 5145], [5430, 5490], [5730, 5750], [6030, 6065], [6360, 6370], [6665, 6680], [6960, 6985], [7260, 7290], [7560, 7575], [7860, 7875], [8160, 8225], [8460, 8480], [8760, 8800], [9090, 9100], [9395, 9410], [9695, 9715], [9995, 10005], [10290, 10305], [10595, 10605], [10890, 10960], [11190, 11210], [11490, 11525], [11820, 11830], [12125, 12135], [12420, 12440], [12720, 12735], [13020, 13035], [13325, 13335], [13620, 13645]], "foi_count_frames": 10730, "foi_count_seconds": 357.66667, "foi_pct": 0.77406, "foi_sequences": [[5, 55], [420, 565], [615, 660], [840, 1495], [1530, 2185], [2340, 2480], [2640, 2785], [2940, 3145], [3185, 3280], [3340, 3385], [3540, 4915], [5100, 5225], [5340, 6025], [6070, 6125], [6305, 6955], [6990, 7640], [7800, 7945], [8100, 8755], [8805, 8855], [9000, 10375], [10500, 11485], [11530, 11585], [11765, 13100], [13260, 13405], [13560, 13615], [13650, 13860]], "representative_frames": [5, 15, 20, 25, 40, 55, 420, 565, 615, 660, 840, 915, 1230, 1495, 1530, 1665, 1820, 1835, 2125, 2185, 2340, 2400, 2425, 2480, 2640, 2725, 2740, 2750, 2755, 2760, 2785, 2940, 3015, 3020, 3145, 3185, 3280, 3340, 3385, 3540, 3645, 3955, 4255, 4465, 4550, 4565, 4855, 4915, 5100, 5130, 5155, 5225, 5340, 5450, 5460, 5485, 5495, 5745, 5755, 6025, 6070, 6125, 6305, 6375, 6690, 6955, 6990, 6995, 7125, 7285, 7580, 7640, 7800, 7885, 7945, 8100, 8190, 8200, 8215, 8220, 8485, 8755, 8805, 8855, 9000, 9105, 9390, 9415, 9725, 9990, 10015, 10055, 10315, 10375, 10500, 10590, 10615, 10920, 10930, 10945, 10950, 11100, 11205, 11215, 11485, 11530, 11585, 11765, 11835, 12140, 12450, 12600, 12695, 12740, 12750, 13045, 13100, 13260, 13320, 13345, 13405, 13560, 13615, 13650, 13655, 13665, 13680, 13860], "representative_frames_count": 128, "static_frames": [5, 15, 20, 25, 40, 420, 615, 915, 1230, 1530, 1665, 1820, 1835, 2125, 2400, 2425, 2725, 2740, 2750, 2755, 2760, 2785, 3015, 3020, 3340, 3645, 3955, 4255, 4465, 4550, 4565, 4855, 5130, 5155, 5450, 5460, 5485, 5495, 5745, 5755, 6070, 6375, 6690, 6995, 7125, 7285, 7580, 7885, 8190, 8200, 8215, 8220, 8485, 8805, 9105, 9390, 9415, 9725, 9990, 10015, 10055, 10315, 10590, 10615, 10920, 10930, 10945, 10950, 11100, 11205, 11215, 11530, 11835, 12140, 12450, 12600, 12695, 12740, 12750, 13045, 13320, 13345, 13655, 13665, 13680], "static_frames_count": 85}