{"camera_movement_sequences": [[4790, 4800]], "foi_count_frames": 1565, "foi_count_seconds": 52.166666666666664, "foi_pct": 0.2146187602852441, "foi_sequences": [[3000, 4330], [4500, 4620], [4785, 4825], [4905, 4935], [5055, 5100]], "representative_frames": [3000, 3240, 3350, 3470, 3545, 3570, 3590, 3610, 3625, 3640, 3815, 4030, 4330, 4500, 4545, 4620, 4785, 4805, 4820, 4825, 4905, 4935, 5055, 5095, 5100], "representative_frames_count": 25, "static_frames": [3000, 3240, 3350, 3470, 3545, 3570, 3590, 3610, 3625, 3640, 3815, 4030, 4545, 4805, 4820, 5095, 5100], "static_frames_count": 17}