{"camera_movement_sequences": [[5, 45], [615, 635], [915, 930], [1215, 1230], [1850, 1855], [2145, 2155], [2450, 2460], [2745, 2770], [3045, 3075], [3345, 3365], [3645, 3660], [3945, 3960], [4005, 4010], [4245, 4265], [4545, 4585], [4875, 4885], [5180, 5190], [5475, 5500], [5775, 5805], [6075, 6095], [6375, 6390], [6675, 6690], [6985, 6995], [7275, 7315], [7605, 7615], [7910, 7920], [8205, 8235], [8505, 8535], [8805, 8825], [9105, 9120], [9405, 9420], [10030, 10040], [10335, 10345], [10640, 10650], [10935, 10965], [11235, 11265], [11535, 11550], [11835, 11850], [12135, 12150]], "foi_count_frames": 2180, "foi_count_seconds": 72.66666666666667, "foi_pct": 0.17135670492060998, "foi_sequences": [[610, 640], [910, 935], [1210, 1545], [1810, 1860], [2140, 2160], [2445, 2465], [3080, 3085], [3340, 3370], [3640, 3665], [3940, 4050], [4090, 4135], [4240, 4270], [4870, 4890], [4940, 4955], [5175, 5195], [5770, 5815], [6070, 6100], [6370, 6395], [6670, 6740], [6775, 6820], [6865, 7005], [7600, 7620], [7825, 7925], [8200, 8240], [8500, 8545], [8800, 8830], [9100, 9125], [9400, 9735], [10000, 10050], [10330, 10350], [10635, 10655], [11230, 11275], [11830, 11855], [12130, 12280], [12325, 12465]], "representative_frames": [10, 50, 430, 610, 640, 910, 935, 940, 1210, 1235, 1250, 1260, 1270, 1510, 1520, 1530, 1540, 1545, 1810, 1815, 1820, 1825, 1835, 1845, 1860, 2140, 2160, 2445, 2465, 2790, 3080, 3085, 3120, 3340, 3370, 3640, 3665, 3670, 3940, 3970, 3980, 3990, 4000, 4050, 4090, 4135, 4240, 4270, 4590, 4870, 4890, 4895, 4940, 4955, 5175, 5195, 5505, 5770, 5800, 5810, 5815, 6070, 6100, 6370, 6395, 6400, 6670, 6700, 6715, 6720, 6725, 6730, 6740, 6775, 6820, 6865, 6980, 6990, 7005, 7270, 7320, 7600, 7620, 7825, 7925, 7945, 8200, 8240, 8500, 8545, 8595, 8800, 8830, 9100, 9125, 9400, 9430, 9445, 9460, 9475, 9715, 9725, 9735, 10000, 10015, 10025, 10045, 10050, 10330, 10350, 10635, 10655, 10975, 11230, 11275, 11285, 11570, 11830, 11855, 11980, 12130, 12160, 12180, 12190, 12220, 12280, 12325, 12440, 12450, 12465, 12470], "representative_frames_count": 131, "static_frames": [10, 50, 430, 640, 940, 1235, 1250, 1260, 1270, 1510, 1520, 1530, 1540, 1815, 1820, 1825, 1835, 1845, 1860, 2160, 2465, 2790, 3120, 3640, 3670, 3970, 3980, 3990, 4000, 4050, 4270, 4590, 4895, 5505, 5800, 5810, 6400, 6700, 6715, 6720, 6725, 6730, 6740, 6980, 6990, 7270, 7320, 7620, 7945, 8500, 8595, 9125, 9430, 9445, 9460, 9475, 9715, 9725, 10015, 10025, 10045, 10350, 10975, 11285, 11570, 11980, 12160, 12180, 12190, 12220, 12440, 12450, 12470], "static_frames_count": 73}