{"camera_movement_sequences": [[240, 255], [540, 560], [600, 605], [840, 845], [1140, 1175], [1470, 1485], [1770, 1790], [2070, 2095], [2370, 2400], [2670, 2680], [2970, 2985], [3270, 3290], [3570, 3575], [3870, 3910], [4205, 4215], [4500, 4520], [4800, 4825], [5100, 5125], [5400, 5415], [5700, 5715], [6000, 6020], [6300, 6315], [6600, 6635], [6930, 6945], [7230, 7250], [7530, 7555], [7830, 7860], [8130, 8145], [8430, 8445], [8730, 8755], [9030, 9040], [9330, 9370], [9660, 9690], [9960, 9980], [10260, 10285], [10560, 10590], [10860, 10870], [11160, 11175], [11460, 11480], [11760, 11770], [12060, 12095], [12390, 12400], [12690, 12710], [12990, 13015], [13290, 13320], [13590, 13600], [13890, 13905], [14190, 14215], [14490, 14505], [14790, 14820], [15120, 15130], [15420, 15435], [15720, 15740], [16020, 16050], [16320, 16335], [16620, 16635], [16920, 16940], [17220, 17225], [17520, 17555], [17850, 17860], [18150, 18170], [18455, 18475], [18750, 18775], [19050, 19065], [19350, 19365], [19655, 19675], [19950, 19955], [20250, 20285], [20580, 20590], [20885, 20900], [21180, 21200], [21480, 21500], [21780, 21795], [22080, 22095], [22380, 22405], [22680, 22685], [22980, 23015], [23310, 23320], [23610, 23625], [23910, 23930], [24215, 24220], [24510, 24525], [24810, 24825], [25110, 25135], [25410, 25415], [25710, 25750], [26040, 26050]], "foi_count_frames": 29260, "foi_count_seconds": 975.3333333333334, "foi_pct": 0.7433565367613434, "foi_sequences": [[5, 25], [180, 1135], [1180, 1230], [1385, 2365], [2405, 2760], [2940, 3600], [3805, 3865], [3915, 3965], [4145, 4795], [4830, 5095], [5130, 5480], [5645, 6325], [6415, 6455], [6640, 6690], [6845, 7525], [7560, 7825], [7865, 8215], [8405, 9055], [9305, 9325], [9375, 9425], [9600, 9715], [9760, 9895], [9985, 10255], [10290, 10555], [10595, 10945], [11105, 11785], [11875, 11925], [12040, 12055], [12100, 12145], [12300, 12985], [13020, 13285], [13325, 13675], [13860, 14185], [14220, 14665], [14740, 14770], [14825, 14880], [15060, 15265], [15310, 16015], [16055, 16405], [16560, 17515], [17560, 17605], [17760, 17950], [18000, 18745], [18780, 19140], [19320, 19985], [20035, 20245], [20290, 20345], [20520, 21865], [22030, 22375], [22410, 22975], [23020, 23070], [23230, 24595], [24780, 25705], [25755, 25805], [25985, 27325], [27480, 28530], [28680, 28780], [28885, 28915], [28960, 29090], [29335, 30055], [30240, 30355], [30480, 31260], [31440, 31510], [31800, 31825], [32095, 32780], [32940, 33990], [34140, 34165], [34225, 34240], [34530, 34570], [34645, 34765], [34825, 34860], [35015, 35020], [35110, 35165], [35275, 35485], [35700, 36725], [36900, 36970], [37260, 37795], [37855, 37895], [37930, 37945], [38125, 38245], [38400, 38415], [38460, 38480], [38755, 39125], [39185, 39235], [39350, 39360]], "representative_frames": [5, 25, 180, 260, 555, 565, 580, 590, 610, 850, 855, 860, 1135, 1180, 1230, 1385, 1490, 1795, 2105, 2290, 2365, 2405, 2410, 2685, 2760, 2940, 2995, 3295, 3315, 3330, 3580, 3590, 3595, 3600, 3805, 3865, 3915, 3965, 4145, 4225, 4525, 4795, 4830, 5095, 5130, 5425, 5480, 5645, 5725, 6025, 6040, 6050, 6055, 6065, 6310, 6320, 6325, 6415, 6455, 6640, 6690, 6845, 6950, 7265, 7525, 7560, 7565, 7825, 7865, 7870, 8155, 8215, 8405, 8455, 8750, 8760, 8775, 8780, 8785, 8790, 9035, 9050, 9055, 9305, 9325, 9375, 9380, 9425, 9600, 9675, 9715, 9760, 9895, 9985, 10255, 10290, 10295, 10555, 10595, 10875, 10945, 11105, 11185, 11495, 11510, 11520, 11765, 11780, 11785, 11875, 11925, 12040, 12055, 12100, 12105, 12145, 12300, 12410, 12715, 12985, 13020, 13025, 13285, 13325, 13330, 13610, 13675, 13860, 13915, 14185, 14220, 14225, 14235, 14240, 14245, 14250, 14495, 14510, 14665, 14740, 14770, 14825, 14830, 14880, 15060, 15140, 15265, 15310, 15445, 15750, 16015, 16055, 16060, 16340, 16405, 16560, 16645, 16945, 16960, 16970, 16975, 17015, 17230, 17240, 17245, 17515, 17560, 17605, 17760, 17865, 17950, 18000, 18180, 18485, 18745, 18780, 19075, 19140, 19320, 19370, 19680, 19695, 19700, 19705, 19710, 19745, 19960, 19970, 19985, 20035, 20245, 20290, 20345, 20520, 20600, 20910, 21210, 21505, 21560, 21805, 21865, 22030, 22105, 22375, 22410, 22415, 22425, 22430, 22440, 22480, 22690, 22700, 22975, 23020, 23070, 23230, 23325, 23635, 23935, 24210, 24225, 24235, 24250, 24535, 24595, 24780, 24835, 25140, 25150, 25160, 25165, 25170, 25235, 25420, 25430, 25705, 25755, 25805, 25985, 26060, 26345, 26360, 26640, 26660, 26690, 26935, 26940, 26945, 26950, 26955, 26965, 27250, 27325, 27480, 27535, 27555, 27845, 27855, 27865, 27880, 27890, 27895, 27900, 27955, 28010, 28140, 28150, 28155, 28165, 28445, 28455, 28465, 28480, 28530, 28680, 28780, 28885, 28915, 28960, 29075, 29085, 29090, 29335, 29370, 29375, 29385, 29395, 29575, 29670, 29685, 29695, 29705, 29970, 29985, 30055, 30240, 30275, 30280, 30355, 30480, 30580, 30590, 30600, 30610, 30615, 30620, 30625, 30650, 30870, 30880, 30890, 31170, 31175, 31180, 31185, 31210, 31260, 31440, 31500, 31510, 31515, 31800, 31810, 31820, 31825, 32095, 32100, 32105, 32110, 32115, 32120, 32400, 32405, 32410, 32415, 32430, 32540, 32700, 32715, 32780, 32940, 33005, 33010, 33060, 33305, 33325, 33335, 33350, 33355, 33360, 33600, 33610, 33615, 33620, 33915, 33930, 33940, 33990, 34140, 34165, 34225, 34230, 34240, 34245, 34530, 34540, 34545, 34570, 34575, 34645, 34765, 34825, 34830, 34835, 34840, 34855, 34860, 35015, 35020, 35110, 35130, 35135, 35140, 35145, 35155, 35165, 35275, 35375, 35440, 35485, 35700, 35735, 35740, 35750, 36030, 36040, 36055, 36070, 36080, 36085, 36090, 36330, 36335, 36345, 36350, 36635, 36640, 36645, 36650, 36670, 36725, 36900, 36960, 36970, 36975, 37260, 37270, 37275, 37285, 37560, 37565, 37585, 37795, 37855, 37860, 37865, 37880, 37890, 37895, 37930, 37945, 38125, 38175, 38245, 38400, 38415, 38460, 38465, 38470, 38480, 38755, 38760, 38765, 38775, 38790, 38805, 38810, 38815, 38820, 39060, 39075, 39085, 39125, 39185, 39235, 39350, 39360], "representative_frames_count": 457,