{"camera_movement_sequences": [[3895, 3930], [4200, 4245]], "foi_count_frames": 20, "foi_count_seconds": 0.66667, "foi_pct": 0.00414, "foi_sequences": [[3900, 4215], [4250, 4260], [4490, 4500]], "representative_frames": [3900, 3920, 4215, 4250, 4260, 4490, 4500], "representative_frames_count": 7, "static_frames": [3900, 3920, 4215, 4250], "static_frames_count": 4}