{"camera_movement_sequences": [[35, 40], [915, 950], [1215, 1230], [1515, 1530], [1815, 1830], [1875, 1880], [2115, 2140], [2415, 2455], [2745, 2760], [3045, 3065], [3345, 3370], [3645, 3680], [3945, 3960], [4245, 4260], [4545, 4555], [4845, 4870], [5145, 5185], [5475, 5490], [5775, 5795], [6075, 6105], [6375, 6405], [6675, 6690], [6975, 6990], [7275, 7290], [7335, 7345], [7575, 7600], [7875, 7915], [8205, 8220], [8505, 8520], [8805, 8830]], "foi_count_frames": 2680, "foi_count_seconds": 89.33333, "foi_pct": 0.29476, "foi_sequences": [[5, 95], [940, 955], [1210, 1235], [1525, 1535], [1835, 2270], [2460, 2505], [2675, 2765], [2885, 2890], [3035, 3070], [3375, 3400], [3610, 3685], [3925, 3970], [4370, 4390], [4560, 4840], [4920, 4940], [4990, 5005], [5055, 5140], [5190, 5230], [5375, 5495], [5530, 5540], [5585, 5620], [5790, 5800], [6070, 6110], [6400, 6420], [6755, 6760], [6840, 6900], [6995, 7015], [7260, 7610], [7650, 7870], [7920, 7965], [8140, 8225], [8275, 8300], [8355, 8530], [8705, 8800], [8890, 8900]], "representative_frames": [5, 45, 95, 785, 940, 955, 1210, 1235, 1525, 1535, 1835, 1855, 1860, 1870, 1890, 2130, 2145, 2270, 2460, 2505, 2675, 2765, 2885, 2890, 3035, 3060, 3070, 3375, 3400, 3405, 3610, 3665, 3685, 3850, 3925, 3970, 4285, 4370, 4390, 4560, 4570, 4580, 4590, 4595, 4610, 4840, 4890, 4920, 4940, 4990, 5005, 5055, 5140, 5190, 5230, 5375, 5495, 5530, 5540, 5585, 5620, 5790, 5800, 6070, 6110, 6140, 6400, 6420, 6755, 6760, 6840, 6900, 6995, 7015, 7260, 7295, 7310, 7320, 7325, 7340, 7595, 7610, 7650, 7870, 7920, 7945, 7965, 8140, 8225, 8275, 8300, 8355, 8530, 8705, 8800, 8840, 8890, 8900], "representative_frames_count": 98, "static_frames": [5, 45, 785, 955, 1235, 1535, 1835, 1855, 1860, 1870, 1890, 2130, 2145, 2460, 2765, 3060, 3405, 3665, 3850, 4285, 4560, 4570, 4580, 4590, 4595, 4610, 4890, 5190, 5800, 6140, 7015, 7295, 7310, 7320, 7325, 7340, 7595, 7945, 8530, 8840], "static_frames_count": 40}