{"camera_movement_sequences": [[585, 600], [635, 650], [885, 925], [1185, 1215], [1515, 1530], [3920, 3965], [4240, 4260], [4545, 4560], [4840, 4870], [5140, 5165], [5440, 5455], [5745, 5755], [6040, 6055], [6105, 6110], [6340, 6345], [6970, 6985], [7275, 7290], [7570, 7595], [7870, 7930], [8170, 8185], [8470, 8485], [8775, 8780], [8825, 8840], [9395, 9425], [9700, 9720], [10005, 10020], [10300, 10325], [10600, 10635]], "foi_count_frames": 5090, "foi_count_seconds": 169.66666666666666, "foi_pct": 0.46731546088872566, "foi_sequences": [[475, 480], [515, 1180], [1220, 1275], [1415, 1535], [1705, 1715], [1765, 1845], [1955, 2005], [2100, 2175], [2290, 2310], [2400, 2445], [2690, 2730], [3010, 3030], [3225, 3750], [3910, 3915], [3950, 4000], [4080, 4270], [4440, 4565], [4875, 4890], [5105, 5135], [5170, 5175], [5740, 5760], [5820, 5825], [6060, 6375], [6420, 6505], [6545, 6735], [6840, 6995], [7065, 7160], [7210, 7295], [7395, 7460], [7600, 7685], [7845, 8045], [8165, 8260], [8340, 9460], [9600, 9875], [9910, 9965], [10000, 10070], [10135, 10145], [10240, 10245], [10555, 10560], [10640, 10660], [10800, 10805]], "representative_frames": [5, 370, 475, 480, 515, 605, 620, 630, 660, 910, 1180, 1220, 1225, 1275, 1415, 1535, 1540, 1705, 1715, 1765, 1820, 1825, 1830, 1845, 1955, 2005, 2100, 2115, 2120, 2130, 2135, 2175, 2290, 2310, 2400, 2410, 2430, 2445, 2690, 2710, 2730, 3010, 3020, 3030, 3225, 3325, 3340, 3355, 3360, 3365, 3370, 3610, 3620, 3625, 3635, 3750, 3910, 3915, 3950, 3955, 4000, 4080, 4255, 4270, 4440, 4565, 4690, 4875, 4880, 4890, 5105, 5135, 5170, 5175, 5190, 5740, 5760, 5820, 5825, 6060, 6070, 6085, 6095, 6100, 6350, 6360, 6375, 6420, 6425, 6505, 6545, 6640, 6645, 6650, 6655, 6665, 6675, 6685, 6735, 6840, 6990, 6995, 7065, 7160, 7210, 7295, 7395, 7460, 7600, 7605, 7685, 7845, 7890, 7915, 8045, 8165, 8195, 8260, 8340, 8495, 8790, 8805, 8815, 8820, 8850, 9080, 9085, 9090, 9370, 9385, 9415, 9460, 9600, 9715, 9875, 9910, 9965, 10000, 10025, 10070, 10135, 10145, 10240, 10245, 10335, 10555, 10560, 10640, 10660, 10800, 10805], "representative_frames_count": 151, "static_frames": [5, 370, 605, 620, 630, 660, 910, 1225, 1540, 1820, 1825, 1830, 2115, 2120, 2130, 2135, 2410, 2430, 2445, 2710, 3010, 3020, 3030, 3325, 3340, 3355, 3360, 3365, 3370, 3610, 3620, 3625, 3635, 3910, 3955, 4255, 4690, 4880, 5190, 5820, 6060, 6070, 6085, 6095, 6100, 6350, 6360, 6425, 6640, 6645, 6650, 6655, 6665, 6675, 6685, 6990, 7295, 7605, 7890, 7915, 8195, 8495, 8790, 8805, 8815, 8820, 8850, 9080, 9085, 9090, 9370, 9385, 9415, 9715, 10025, 10335, 10640], "static_frames_count": 77}