{"camera_movement_sequences": [[570, 590], [870, 880], [1170, 1205], [1500, 1520], [1805, 1820], [2100, 2125], [2400, 2425], [2705, 2715], [3000, 3015], [3305, 3310], [3900, 3935], [4235, 4245], [4530, 4545], [4835, 4855], [5130, 5150], [5430, 5445]], "foi_count_frames": 4400, "foi_count_seconds": 146.66667, "foi_pct": 0.76762, "foi_sequences": [[5, 55], [425, 1165], [1210, 1265], [1440, 2095], [2130, 2395], [2430, 2785], [2945, 3745], [3865, 3895], [3940, 3990], [4140, 5515], [5700, 5725]], "representative_frames": [5, 55, 425, 430, 585, 595, 610, 620, 630, 675, 875, 885, 890, 1165, 1210, 1215, 1265, 1440, 1515, 1825, 2095, 2130, 2135, 2395, 2430, 2540, 2725, 2785, 2945, 3025, 3320, 3335, 3345, 3360, 3390, 3415, 3610, 3615, 3620, 3745, 3865, 3895, 3940, 3990, 4140, 4250, 4535, 4550, 4865, 5110, 5155, 5170, 5455, 5515, 5700, 5725], "representative_frames_count": 56, "static_frames": [5, 430, 585, 595, 610, 620, 630, 675, 875, 885, 890, 1215, 1515, 1825, 2135, 2430, 2540, 2725, 3025, 3320, 3335, 3345, 3360, 3390, 3415, 3610, 3615, 3620, 3940, 4250, 4535, 4550, 4865, 5110, 5155, 5170, 5455], "static_frames_count": 37}