{"camera_movement_sequences": [[35, 40], [225, 275], [555, 590]], "foi_count_frames": 1460, "foi_count_seconds": 48.66667, "foi_pct": 0.44621, "foi_sequences": [[5, 550], [595, 640], [780, 1365], [2985, 3270]], "representative_frames": [5, 45, 115, 280, 550, 595, 640, 780, 885, 890, 900, 1185, 1210, 1365, 2985, 2990, 3000, 3005, 3160, 3270], "representative_frames_count": 20, "static_frames": [5, 45, 115, 280, 595, 885, 890, 900, 1185, 1210, 2985, 2990, 3000, 3005, 3160], "static_frames_count": 15}