{"camera_movement_sequences": [[5, 15], [600, 620], [900, 915], [1200, 1215], [1500, 1515], [1560, 1565], [1800, 1835], [2100, 2135], [2430, 2440], [2740, 2750], [3030, 3060], [3330, 3345], [3630, 3645], [3935, 3945], [4230, 4250], [4530, 4565], [4830, 4870], [5160, 5180], [5460, 5475], [7585, 7600], [7890, 7900], [8195, 8210], [8490, 8520], [8795, 8810], [9090, 9105], [9390, 9405], [9690, 9730], [9990, 10010], [10290, 10330], [10620, 10630], [10920, 10940], [11220, 11245], [11525, 11545], [11820, 11835], [12120, 12135], [12420, 12440], [12725, 12740], [13020, 13060], [13350, 13360], [13655, 13670], [13950, 13975], [14250, 14270], [14550, 14565], [14850, 14865], [15150, 15170], [15455, 15470], [15750, 15790], [16080, 16090], [16385, 16400], [16680, 16705], [16985, 17000], [17280, 17290], [17580, 17595], [17880, 17905], [18180, 18200], [18480, 18520], [18810, 18820], [19115, 19130], [19385, 19405], [19685, 19700], [19985, 19990], [20285, 20300], [20585, 20610], [20885, 20905], [21185, 21220], [21515, 21520], [21815, 21835], [22115, 22135], [22415, 22430], [22715, 22725], [23015, 23025], [23315, 23345], [23615, 23630], [23915, 23950], [24245, 24250], [24545, 24560], [24845, 24865], [25145, 25175], [25475, 25485], [25775, 25785], [26070, 26095], [26370, 26385], [26670, 26705], [27000, 27010], [27300, 27320], [27600, 27630], [27900, 27920], [28200, 28215], [28505, 28515], [28800, 28825], [29100, 29105], [29400, 29440], [29730, 29740], [30035, 30045]], "foi_count_frames": 22645, "foi_count_seconds": 754.83333, "foi_pct": 0.71816, "foi_sequences": [[485, 990], [1140, 1290], [1440, 2190], [2340, 2510], [2640, 2755], [3050, 3720], [3900, 4020], [4140, 4825], [4875, 4920], [5105, 6450], [6600, 6745], [6900, 7515], [7550, 7650], [7800, 9185], [9360, 9480], [9600, 9685], [9720, 10285], [10335, 10380], [10560, 11215], [11250, 11910], [12060, 12205], [12360, 12505], [12660, 13015], [13065, 13105], [13260, 13945], [13980, 14645], [14820, 14940], [15065, 15240], [15365, 15745], [15795, 15845], [16020, 16405], [16610, 16625], [16710, 17360], [17520, 17670], [17825, 17875], [17910, 17965], [18120, 18475], [18525, 18570], [18725, 20070], [20250, 20370], [20495, 21180], [21225, 21270], [21450, 21865], [21960, 22800], [22950, 23095], [23255, 23395], [23550, 23910], [23955, 24000], [24150, 24570], [24730, 25445], [25490, 25565], [25740, 25860], [25980, 26065], [26100, 26160], [26280, 26665], [26710, 26760], [26940, 27355], [27390, 27460], [27545, 27580], [27625, 28290], [28440, 28585], [28740, 28795], [28830, 28885], [29040, 29395], [29445, 29490], [29640, 30055], [30245, 30290], [30330, 31020], [31200, 31320], [31440, 31530]], "representative_frames": [20, 485, 630, 920, 990, 1140, 1220, 1290, 1440, 1520, 1530, 1545, 1555, 1570, 1815, 1820, 1965, 2110, 2140, 2190, 2340, 2445, 2510, 2640, 2755, 2760, 3050, 3065, 3355, 3655, 3720, 3900, 3930, 3950, 4020, 4140, 4260, 4270, 4275, 4280, 4285, 4295, 4545, 4555, 4825, 4875, 4920, 5105, 5175, 5480, 5760, 5765, 5780, 5790, 6060, 6065, 6070, 6075, 6090, 6360, 6370, 6380, 6450, 6600, 6660, 6665, 6670, 6675, 6745, 6900, 6965, 6975, 6985, 6995, 7005, 7015, 7020, 7270, 7275, 7280, 7355, 7515, 7550, 7560, 7565, 7575, 7580, 7605, 7650, 7800, 7905, 8215, 8525, 8790, 8815, 8860, 9110, 9185, 9360, 9410, 9480, 9600, 9685, 9720, 9725, 9735, 9745, 9750, 9795, 10015, 10285, 10335, 10380, 10560, 10635, 10925, 10945, 11215, 11250, 11540, 11555, 11840, 11910, 12060, 12140, 12205, 12360, 12445, 12455, 12465, 12470, 12475, 12480, 12505, 12660, 12680, 12730, 12750, 13015, 13065, 13105, 13260, 13280, 13365, 13675, 13945, 13980, 14175, 14280, 14570, 14645, 14820, 14875, 14940, 15065, 15180, 15190, 15200, 15205, 15210, 15240, 15365, 15430, 15450, 15460, 15465, 15475, 15745, 15795, 15845, 16020, 16095, 16405, 16410, 16610, 16625, 16710, 16715, 16980, 17005, 17075, 17295, 17360, 17520, 17605, 17670, 17825, 17875, 17910, 17915, 17925, 17930, 17935, 17940, 17965, 18120, 18130, 18195, 18205, 18475, 18525, 18570, 18725, 18825, 19165, 19410, 19645, 19705, 19720, 19995, 20070, 20250, 20305, 20370, 20495, 20595, 20620, 20630, 20635, 20645, 20725, 20750, 20880, 20900, 20920, 21180, 21225, 21230, 21270, 21450, 21525, 21840, 21865, 21960, 22145, 22435, 22450, 22730, 22800, 22950, 23035, 23095, 23255, 23350, 23360, 23365, 23370, 23395, 23550, 23620, 23635, 23910, 23955, 24000, 24150, 24255, 24565, 24570, 24730, 24875, 25160, 25180, 25445, 25490, 25565, 25740, 25770, 25795, 25860, 25980, 26065, 26100, 26105, 26115, 26120, 26125, 26130, 26160, 26280, 26380, 26390, 26665, 26710, 26760, 26940, 26955, 27015, 27305, 27330, 27355, 27390, 27460, 27545, 27580, 27625, 27635, 27930, 28175, 28225, 28290, 28440, 28500, 28525, 28585, 28740, 28795, 28830, 28835, 28845, 28850, 28855, 28860, 28885, 29040, 29115, 29125, 29395, 29445, 29490, 29640, 29745, 30050, 30055, 30245, 30290, 30330, 30335, 30340, 30350, 30355, 30630, 30640, 30650, 30665, 30930, 30940, 30950, 31020, 31200, 31230, 31235, 31240, 31245, 31320, 31440, 31530], "representative_frames_count": 346, "static_frames": [20, 485, 630, 920, 1220, 1520, 1530, 1545, 1555, 1570, 1815, 1820, 1965, 2110, 2140, 2445, 2760, 3065, 3355, 3655, 3930, 3950, 4260, 4270, 4275, 4280, 4285, 4295, 4545, 4555, 4875, 5105, 5175, 5480, 5760, 5765, 5780, 5790, 6060, 6065, 6070, 6075, 6090, 6360, 6370, 6380, 6660, 6665, 6670, 6675, 6965, 6975, 6985, 6995, 7005, 7015, 7020, 7270, 7275, 7280, 7355, 7560, 7565, 7575, 7580, 7605, 7905, 8215, 8525, 8790, 8815, 8860, 9110, 9410, 9725, 9735, 9745, 9750, 9795, 10015, 10335, 10635, 10925, 10945, 11250, 11540, 11555, 11840, 12140, 12445, 12455, 12465, 12470, 12475, 12480, 12680, 12730, 12750, 13065, 13280, 13365, 13675, 13980, 14175, 14280, 14570, 14875, 15180, 15190, 15200, 15205, 15210, 15430, 15450, 15460, 15465, 15475, 15795, 16095, 16410, 16715, 16980, 17005, 17075, 17295, 17605, 17915, 17925, 17930, 17935, 17940, 18130, 18195, 18205, 18525, 18825, 19165, 19410, 19645, 19705, 19720, 19995, 20305, 20595, 20620, 20630, 20635, 20645, 20725, 20750, 20880, 20900, 20920, 21230, 21525, 21840, 22145, 22435, 22450, 22730, 23035, 23350, 23360, 23365, 23370, 23620, 23635, 23955, 24255, 24565, 24875, 25160, 25180, 25490, 25770, 25795, 26105, 26115, 26120, 26125, 26130, 26380, 26390, 26710, 26955, 27015, 27305, 27330, 27635, 27930, 28175, 28225, 28500, 28525, 28835, 28845, 28850, 28855, 28860, 28885, 29115, 29125, 29445, 29745, 30050, 30335, 30340, 30350, 30355, 30630, 30640, 30650, 30665, 30930, 30940, 30950, 31230, 31235, 31240, 31245], "static_frames_count": 220}