{"camera_movement_sequences": [[30, 55], [665, 670]], "foi_count_frames": 550, "foi_count_seconds": 18.333333333333332, "foi_pct": 0.5717255717255717, "foi_sequences": [[5, 425], [545, 675]], "representative_frames": [5, 45, 60, 340, 345, 350, 355, 365, 370, 425, 545, 570, 625, 675], "representative_frames_count": 14, "static_frames": [5, 45, 60, 340, 345, 350, 355, 365, 370, 570, 625, 675], "static_frames_count": 12}