{"camera_movement_sequences": [[615, 625], [900, 910], [1245, 1355], [1415, 1420], [1480, 1490], [1545, 1625], [1695, 1705], [2265, 2280]], "foi_count_frames": 1285, "foi_count_seconds": 42.833333333333336, "foi_pct": 0.5035266457680251, "foi_sequences": [[5, 45], [420, 700], [845, 975], [1140, 1270], [1305, 1540], [1585, 1595], [1630, 1760], [1920, 2050], [2220, 2340], [2460, 2550]], "representative_frames": [5, 45, 180, 420, 580, 635, 700, 845, 920, 975, 1140, 1270, 1305, 1315, 1365, 1430, 1485, 1540, 1585, 1630, 1635, 1715, 1760, 1920, 2050, 2220, 2285, 2340, 2460, 2550], "representative_frames_count": 30, "static_frames": [5, 180, 580, 635, 920, 1305, 1315, 1365, 1430, 1485, 1585, 1635, 1715, 2285], "static_frames_count": 14}