{"camera_movement_sequences": [[2380, 2385], [7850, 7865], [8145, 8185], [8455, 8475], [10555, 10595], [12120, 12125]], "foi_count_frames": 1825, "foi_count_seconds": 60.83333, "foi_pct": 0.14763, "foi_sequences": [[2390, 2740], [2975, 3015], [5115, 5710], [7870, 8140], [8190, 8205], [8400, 8470], [10560, 10960], [11100, 11115], [11155, 11165], [12130, 12190]], "representative_frames": [5, 2390, 2400, 2405, 2685, 2690, 2695, 2700, 2705, 2715, 2720, 2740, 2975, 3015, 5115, 5125, 5135, 5415, 5420, 5425, 5435, 5440, 5450, 5495, 5600, 5680, 5710, 7870, 7875, 8140, 8190, 8205, 8400, 8420, 8470, 10560, 10600, 10880, 10910, 10960, 11100, 11115, 11155, 11165, 12130, 12135, 12190], "representative_frames_count": 47, "static_frames": [5, 2390, 2400, 2405, 2685, 2690, 2695, 2700, 2705, 2715, 2720, 2975, 3015, 5115, 5125, 5135, 5415, 5420, 5425, 5435, 5440, 5450, 5495, 5600, 5680, 7875, 8420, 10560, 10600, 10880, 10910, 12135], "static_frames_count": 32}