{"camera_movement_sequences": [[590, 605], [885, 960], [1170, 1220], [3290, 3305]], "foi_count_frames": 335, "foi_count_seconds": 11.166666666666666, "foi_pct": 0.10054021608643457, "foi_sequences": [[610, 880], [920, 965], [1175, 1205], [3310, 3330]], "representative_frames": [610, 880, 920, 965, 3310, 3315, 3330], "representative_frames_count": 7, "static_frames": [610, 920, 3315], "static_frames_count": 3}