{"camera_movement_sequences": [[330, 355], [675, 685], [935, 955], [3030, 3035], [3075, 3095], [3375, 3420], [3665, 3675], [5800, 5810]], "foi_count_frames": 1385, "foi_count_seconds": 46.166666666666664, "foi_pct": 0.2273473407747866, "foi_sequences": [[340, 970], [2975, 3370], [3425, 3460], [3515, 3560], [3595, 3600], [5815, 6090]], "representative_frames": [340, 360, 365, 645, 650, 690, 750, 800, 840, 885, 950, 970, 2975, 2980, 3090, 3370, 3425, 3430, 3460, 3515, 3560, 3595, 3600, 5815, 5820, 5830, 6090], "representative_frames_count": 27, "static_frames": [340, 360, 365, 645, 650, 690, 750, 800, 840, 885, 950, 2980, 3090, 3430, 5820, 5830], "static_frames_count": 16}