{"camera_movement_sequences": [[30, 55], [340, 385], [625, 630], [665, 670]], "foi_count_frames": 505, "foi_count_seconds": 16.83333, "foi_pct": 0.52495, "foi_sequences": [[5, 335], [375, 425], [550, 675]], "representative_frames": [5, 45, 60, 335, 375, 425, 550, 555, 635, 675], "representative_frames_count": 10, "static_frames": [5, 45, 60, 375, 555, 635], "static_frames_count": 6}