{"camera_movement_sequences": [[2370, 2410], [2660, 2670], [2705, 2710]], "foi_count_frames": 100, "foi_count_seconds": 3.33333, "foi_pct": 0.02776, "foi_sequences": [[2380, 2425], [2580, 2595], [2675, 2715]], "representative_frames": [2380, 2395, 2415, 2425, 2580, 2595, 2675, 2715], "representative_frames_count": 8, "static_frames": [2380, 2395, 2415], "static_frames_count": 3}