{"camera_movement_sequences": [[585, 600], [635, 650], [885, 925], [1185, 1215], [1515, 1530], [1815, 1830], [2115, 2145], [2410, 2440], [2710, 2725], [3015, 3025], [3315, 3325], [3365, 3375], [3610, 3645], [3910, 3965], [4240, 4260], [4545, 4560], [4840, 4870], [5140, 5175], [5440, 5455], [5745, 5755], [6040, 6055], [6095, 6110], [6340, 6345], [6970, 6985], [7275, 7290], [7570, 7595], [7870, 7930], [8170, 8185], [8470, 8485], [8770, 8780], [8815, 8855], [8940, 8950], [9070, 9075], [9370, 9425], [9700, 9720], [10005, 10020], [10300, 10325], [10600, 10635]], "foi_count_frames": 5090, "foi_count_seconds": 169.66667, "foi_pct": 0.46732, "foi_sequences": [[475, 1180], [1220, 1275], [1380, 1535], [1705, 1715], [1765, 1845], [1955, 2005], [2095, 2180], [2260, 2310], [2400, 2445], [2690, 2730], [3005, 3030], [3225, 3750], [3950, 4000], [4080, 4265], [4440, 4565], [4875, 4890], [5105, 5210], [5740, 5760], [5820, 5825], [6060, 6375], [6420, 6505], [6545, 6735], [6840, 6995], [7065, 7160], [7210, 7295], [7395, 7425], [7600, 7685], [7845, 7860], [7910, 8045], [8165, 8260], [8340, 8825], [8860, 9025], [9060, 9365], [9415, 9460], [9600, 9965], [10000, 10070], [10135, 10140], [10240, 10245], [10555, 10560], [10640, 10660], [10800, 10805]], "representative_frames": [5, 370, 475, 605, 620, 630, 660, 905, 1180, 1220, 1275, 1380, 1535, 1540, 1705, 1715, 1765, 1835, 1845, 1955, 2005, 2095, 2135, 2180, 2260, 2310, 2400, 2445, 2690, 2730, 3005, 3010, 3030, 3035, 3225, 3330, 3345, 3360, 3380, 3630, 3675, 3750, 3950, 4000, 4080, 4255, 4265, 4440, 4565, 4685, 4875, 4890, 5105, 5165, 5210, 5740, 5760, 5805, 5820, 5825, 6060, 6070, 6085, 6120, 6355, 6360, 6375, 6385, 6420, 6505, 6545, 6640, 6645, 6650, 6675, 6685, 6735, 6840, 6990, 6995, 7065, 7160, 7210, 7295, 7395, 7425, 7600, 7605, 7685, 7845, 7860, 7910, 7915, 8045, 8165, 8195, 8260, 8340, 8495, 8785, 8800, 8820, 8825, 8860, 8865, 9025, 9060, 9085, 9090, 9365, 9415, 9420, 9460, 9600, 9715, 9965, 10000, 10030, 10070, 10135, 10140, 10240, 10245, 10335, 10555, 10560, 10640, 10660, 10800, 10805], "representative_frames_count": 130, "static_frames": [5, 370, 605, 620, 630, 660, 905, 1220, 1540, 1835, 2135, 2445, 3010, 3035, 3330, 3345, 3360, 3380, 3630, 3675, 3950, 4255, 4685, 4875, 5165, 5740, 5805, 6060, 6070, 6085, 6120, 6355, 6360, 6385, 6640, 6645, 6650, 6675, 6685, 6990, 7295, 7605, 7915, 8195, 8495, 8785, 8800, 8820, 8825, 8865, 9085, 9090, 9420, 9715, 10030, 10335, 10640], "static_frames_count": 57}