{"camera_movement_sequences": [[1820, 1830], [2120, 2140], [2420, 2440], [2720, 2750], [3020, 3035], [3320, 3335], [3620, 3680], [3920, 3945], [4220, 4270], [4550, 4570], [4850, 4865], [5150, 5170], [5455, 5475], [5750, 5765], [6050, 6065], [6350, 6365], [6650, 6675], [6975, 7030], [7310, 7320], [7605, 7625], [7905, 7930], [8210, 8225], [8505, 8525], [8805, 8820]], "foi_count_frames": 6985, "foi_count_seconds": 232.83333, "foi_pct": 0.78909, "foi_sequences": [[5, 1900], [2045, 2515], [2645, 3110], [3240, 3410], [3540, 3705], [3840, 4215], [4260, 4305], [4445, 5835], [6005, 6135], [6300, 6430], [6605, 6730], [6785, 6790], [6825, 6960], [7020, 7060], [7230, 7900], [7935, 8590], [8730, 8850]], "representative_frames": [5, 1835, 1900, 2045, 2145, 2445, 2515, 2645, 2740, 2970, 3040, 3110, 3240, 3345, 3410, 3540, 3630, 3640, 3655, 3685, 3705, 3840, 3930, 3940, 4215, 4260, 4305, 4445, 4560, 4870, 5175, 5450, 5480, 5770, 5835, 6005, 6075, 6135, 6300, 6375, 6390, 6405, 6430, 6605, 6670, 6730, 6785, 6790, 6825, 6960, 7020, 7060, 7230, 7330, 7630, 7900, 7935, 8205, 8235, 8280, 8535, 8590, 8730, 8830, 8850], "representative_frames_count": 65, "static_frames": [5, 1835, 2145, 2445, 2740, 2970, 3040, 3345, 3630, 3640, 3655, 3685, 3930, 3940, 4260, 4560, 4870, 5175, 5450, 5480, 5770, 6075, 6375, 6390, 6405, 6670, 7020, 7330, 7630, 7935, 8205, 8235, 8280, 8535, 8830], "static_frames_count": 35}