{"camera_movement_sequences": [[20, 50], [320, 345], [625, 640], [920, 935], [1220, 1235], [1520, 1530], [1820, 1860], [2045, 2050], [2155, 2160], [2460, 2470], [2755, 2780], [3050, 3070]], "foi_count_frames": 1175, "foi_count_seconds": 39.166666666666664, "foi_pct": 0.35264105642256904, "foi_sequences": [[350, 365], [620, 650], [1240, 1610], [1665, 1685], [1865, 1915], [2055, 2475], [2785, 2805], [2875, 3125]], "representative_frames": [5, 60, 350, 355, 365, 620, 650, 945, 1240, 1245, 1255, 1265, 1270, 1275, 1280, 1535, 1610, 1665, 1685, 1865, 1915, 2055, 2150, 2170, 2455, 2475, 2785, 2805, 2875, 3080, 3125], "representative_frames_count": 31, "static_frames": [5, 60, 355, 650, 945, 1245, 1255, 1265, 1270, 1275, 1280, 1535, 1865, 2150, 2170, 2455, 2475, 2785, 3080], "static_frames_count": 19}