{"camera_movement_sequences": [[535, 555], [835, 850], [1135, 1150], [1735, 1770], [2065, 2075], [2365, 2380], [2665, 2675]], "foi_count_frames": 1090, "foi_count_seconds": 36.333333333333336, "foi_pct": 0.40340488527017027, "foi_sequences": [[550, 560], [815, 895], [930, 935], [985, 1060], [1155, 1500], [1540, 1580], [1675, 1730], [1775, 1825], [1985, 2265], [2310, 2440], [2660, 2680]], "representative_frames": [5, 340, 550, 560, 815, 855, 895, 930, 935, 985, 1060, 1155, 1170, 1180, 1185, 1190, 1195, 1440, 1450, 1460, 1500, 1540, 1580, 1675, 1730, 1775, 1780, 1825, 1985, 2080, 2265, 2310, 2385, 2440, 2660, 2680], "representative_frames_count": 36, "static_frames": [5, 340, 550, 855, 1155, 1170, 1180, 1185, 1190, 1195, 1440, 1450, 1460, 1780, 2080, 2385, 2680], "static_frames_count": 17}