{"camera_movement_sequences": [[640, 650], [805, 810]], "foi_count_frames": 8105, "foi_count_seconds": 270.1666666666667, "foi_pct": 0.9681079789775442, "foi_sequences": [[40, 6410], [6515, 7620], [7740, 8370]], "representative_frames": [5, 40, 655, 690, 775, 820, 1085, 1130, 1960, 2020, 2480, 2735, 4295, 4305, 4310, 4320, 4390, 4400, 4405, 4410, 4435, 4445, 4525, 4575, 4585, 4930, 5315, 5410, 5420, 5470, 5480, 5515, 5565, 5570, 5575, 5660, 5665, 5670, 5710, 5720, 6390, 6405, 6410, 6515, 6520, 6535, 7285, 7335, 7370, 7375, 7380, 7385, 7390, 7450, 7460, 7465, 7530, 7535, 7540, 7545, 7550, 7620, 7740, 8125, 8140, 8150, 8180, 8185, 8240, 8245, 8305, 8310, 8315, 8370], "representative_frames_count": 74, "static_frames": [5, 655, 690, 775, 820, 1085, 1130, 1960, 2020, 2480, 2735, 4295, 4305, 4310, 4320, 4390, 4400, 4405, 4410, 4435, 4445, 4525, 4575, 4585, 4930, 5315, 5410, 5420, 5470, 5480, 5515, 5565, 5570, 5575, 5660, 5665, 5670, 5710, 5720, 6390, 6405, 6520, 6535, 7285, 7335, 7370, 7375, 7380, 7385, 7390, 7450, 7460, 7465, 7530, 7535, 7540, 7545, 7550, 8125, 8140, 8150, 8180, 8185, 8240, 8245, 8305, 8310, 8315], "static_frames_count": 68}