{"camera_movement_sequences": [[2110, 2135], [4905, 4945], [5155, 5200]], "foi_count_frames": 1015, "foi_count_seconds": 33.83333, "foi_pct": 0.18686, "foi_sequences": [[1845, 2105], [2140, 2155], [2375, 2435], [4370, 4950], [5105, 5205]], "representative_frames": [1845, 2105, 2140, 2145, 2155, 2375, 2435, 4370, 4375, 4405, 4560, 4565, 4575, 4580, 4880, 4885, 4890, 4900, 4950, 5105, 5205], "representative_frames_count": 21, "static_frames": [1845, 2145, 4375, 4405, 4560, 4565, 4575, 4580, 4880, 4885, 4890, 4900, 5205], "static_frames_count": 13}