{"camera_movement_sequences": [[70, 80], [370, 380]], "foi_count_frames": 1090, "foi_count_seconds": 36.33333, "foi_pct": 0.31304, "foi_sequences": [[65, 90], [125, 135], [365, 515], [555, 1365], [1525, 1620]], "representative_frames": [5, 65, 90, 125, 135, 365, 385, 515, 555, 680, 730, 740, 745, 755, 990, 1000, 1010, 1330, 1365, 1525, 1620], "representative_frames_count": 21, "static_frames": [5, 90, 385, 680, 730, 740, 745, 755, 990, 1000, 1010, 1330], "static_frames_count": 12}