{"camera_movement_sequences": [[20, 50], [320, 345], [625, 640], [920, 935], [1220, 1235], [1520, 1540], [1820, 1860], [2155, 2160], [2460, 2470], [2755, 2780], [3050, 3070]], "foi_count_frames": 1130, "foi_count_seconds": 37.66667, "foi_pct": 0.33914, "foi_sequences": [[350, 365], [620, 650], [1240, 1610], [1665, 1685], [1865, 1915], [2050, 2370], [2405, 2475], [2785, 2805], [2860, 3095]], "representative_frames": [5, 60, 350, 365, 620, 645, 650, 940, 1240, 1245, 1255, 1265, 1270, 1275, 1280, 1545, 1610, 1665, 1685, 1865, 1915, 2050, 2170, 2370, 2405, 2455, 2475, 2785, 2805, 2860, 3080, 3095], "representative_frames_count": 32, "static_frames": [5, 60, 350, 645, 940, 1245, 1255, 1265, 1270, 1275, 1280, 1545, 1865, 2170, 2455, 2475, 2785, 3080], "static_frames_count": 18}