{"camera_movement_sequences": [[5, 45], [615, 635], [915, 930], [1215, 1230], [1275, 1280], [1850, 1855], [2145, 2155], [2450, 2460], [2745, 2775], [3045, 3075], [3345, 3365], [3645, 3660], [3945, 3960], [3995, 4010], [4245, 4265], [4545, 4585], [4875, 4885], [5180, 5190], [5475, 5500], [5775, 5805], [6075, 6095], [6375, 6390], [6675, 6690], [7310, 7315], [7605, 7615], [7910, 7920], [8205, 8235], [8505, 8535], [8805, 8825], [9105, 9120], [9405, 9420], [10030, 10045], [10335, 10345], [10640, 10650], [10935, 10960], [11235, 11270], [11535, 11550], [11835, 11850], [12135, 12150]], "foi_count_frames": 2210, "foi_count_seconds": 73.66667, "foi_pct": 0.17371, "foi_sequences": [[610, 640], [910, 935], [1210, 1545], [1810, 1860], [2140, 2160], [2445, 2465], [3080, 3085], [3340, 3370], [3640, 3665], [3940, 4050], [4090, 4160], [4240, 4270], [4870, 4890], [4940, 4955], [5175, 5195], [5770, 5815], [6070, 6100], [6370, 6395], [6670, 6740], [6775, 6820], [6865, 7005], [7270, 7320], [7600, 7620], [7825, 7925], [8200, 8240], [8500, 8545], [8800, 8830], [9100, 9125], [9400, 9735], [10000, 10050], [10330, 10350], [10635, 10655], [11230, 11275], [11830, 11855], [12130, 12205], [12250, 12280], [12325, 12465]], "representative_frames": [10, 55, 430, 610, 640, 910, 935, 940, 1210, 1235, 1245, 1255, 1285, 1520, 1530, 1540, 1545, 1810, 1815, 1820, 1825, 1830, 1835, 1860, 2140, 2160, 2445, 2465, 2790, 3080, 3085, 3340, 3370, 3640, 3665, 3940, 3970, 3980, 3990, 4015, 4050, 4090, 4160, 4240, 4270, 4415, 4590, 4870, 4890, 4940, 4955, 5175, 5195, 5505, 5770, 5800, 5815, 6070, 6100, 6370, 6395, 6405, 6670, 6695, 6710, 6720, 6725, 6730, 6740, 6775, 6820, 6865, 6985, 6995, 7005, 7270, 7275, 7305, 7320, 7600, 7620, 7825, 7925, 7940, 8200, 8240, 8500, 8520, 8540, 8545, 8800, 8830, 9100, 9125, 9400, 9425, 9445, 9460, 9465, 9715, 9725, 9735, 10000, 10005, 10015, 10025, 10050, 10120, 10330, 10350, 10635, 10655, 10975, 11230, 11275, 11700, 11830, 11855, 12130, 12160, 12180, 12190, 12195, 12205, 12250, 12280, 12325, 12440, 12450, 12465], "representative_frames_count": 130, "static_frames": [10, 55, 430, 640, 940, 1235, 1245, 1255, 1285, 1520, 1530, 1540, 1815, 1820, 1825, 1830, 1835, 1860, 2160, 2465, 2790, 3080, 3640, 3665, 3970, 3980, 3990, 4015, 4415, 4590, 4890, 5505, 5800, 6405, 6695, 6710, 6720, 6725, 6730, 6740, 6985, 6995, 7275, 7305, 7320, 7620, 7940, 8500, 8520, 8540, 9125, 9425, 9445, 9460, 9465, 9715, 9725, 10005, 10015, 10025, 10120, 10350, 10975, 11275, 11700, 12160, 12180, 12190, 12195, 12440, 12450, 12465], "static_frames_count": 72}