{"camera_movement_sequences": [[180, 185], [490, 525], [805, 825]], "foi_count_frames": 355, "foi_count_seconds": 11.833333333333334, "foi_pct": 0.2514164305949009, "foi_sequences": [[190, 485], [530, 550], [775, 815]], "representative_frames": [190, 485, 530, 535, 550, 775, 815], "representative_frames_count": 7, "static_frames": [190, 535], "static_frames_count": 2}