{"camera_movement_sequences": [[595, 605], [890, 900], [1185, 1220], [1490, 1500], [1790, 1800], [2090, 2110], [2385, 2400], [2685, 2725], [3020, 3025], [3325, 3335], [3620, 3640], [3920, 3955], [4220, 4230], [4515, 4530], [4820, 4840], [5115, 5140], [5415, 5435], [13630, 13645], [13935, 13940], [14240, 14250], [14535, 14560], [14835, 14865], [15135, 15150], [15435, 15450], [15735, 15760], [16035, 16060], [16335, 16375], [16665, 16675], [16970, 16985], [17265, 17270], [19090, 19105], [19395, 19405], [19700, 19715], [19995, 20015], [20295, 20330], [20595, 20620], [20895, 20910], [21195, 21200], [21260, 21280], [21495, 21525], [23040, 23055], [23325, 23345], [23625, 23640], [23925, 23950], [23990, 24010], [24225, 24255], [24525, 24570], [24855, 24865], [25155, 25175], [25455, 25475], [25755, 25790], [26055, 26080], [26355, 26370], [26655, 26665], [26700, 26735], [26955, 26985], [27255, 27300], [27390, 27470], [29130, 29135], [29230, 29240], [30655, 30670], [34775, 34795], [35075, 35095], [35375, 35400], [35675, 35690], [35975, 35990], [36275, 36285], [36575, 36600], [36875, 36915], [37205, 37215], [37505, 37520], [39600, 39610], [39900, 39910], [40195, 40220], [40495, 40525], [40795, 40810]], "foi_count_frames": 24745, "foi_count_seconds": 824.83333, "foi_pct": 0.60248, "foi_sequences": [[5, 45], [565, 1845], [2085, 2665], [2730, 2780], [2940, 4300], [4440, 4535], [4570, 4575], [4815, 5405], [5440, 5495], [5530, 5865], [5905, 6725], [6840, 7265], [7545, 8565], [8620, 9415], [9600, 9760], [9900, 9995], [10035, 10040], [10275, 10960], [11100, 11260], [11470, 12190], [12300, 12305], [12340, 12490], [12670, 12725], [12760, 12790], [12845, 12850], [12965, 13105], [13160, 13405], [13440, 13565], [13600, 13665], [13930, 14830], [14870, 15220], [15360, 15455], [15505, 15510], [15765, 16330], [16370, 16420], [16600, 17645], [17760, 17945], [18095, 18110], [18150, 18180], [18220, 18225], [18465, 18640], [18675, 19110], [19210, 19230], [19390, 20290], [20325, 20530], [20570, 20585], [20625, 20680], [20820, 20915], [20950, 20955], [21190, 21315], [21350, 21365], [21410, 21560], [21630, 21745], [21780, 21840], [22045, 22180], [22265, 22345], [22405, 23070], [23350, 23410], [23520, 23555], [23605, 23710], [23770, 23795], [23940, 24520], [24575, 24870], [25085, 25540], [25785, 25795], [25850, 25900], [25935, 25940], [26015, 26050], [26085, 26135], [26280, 26375], [26410, 26415], [26650, 27250], [27385, 27420], [27740, 27770], [29045, 29050], [29085, 29090], [29140, 29180], [29245, 29275], [29325, 29390], [29615, 29870], [29915, 30680], [31490, 31535], [32670, 32710], [34470, 34515], [34555, 34575], [34770, 35370], [35405, 35760], [35915, 36030], [36095, 36125], [36160, 36165], [36270, 36605], [36670, 36685], [36720, 36790], [36825, 36975], [37110, 37220], [37270, 37360], [37525, 39615], [39740, 39790], [39895, 40225], [41045, 41070]], "representative_frames": [5, 45, 425, 565, 590, 610, 905, 910, 1225, 1510, 1810, 1845, 2085, 2100, 2115, 2130, 2145, 2395, 2405, 2410, 2665, 2730, 2735, 2780, 2940, 3030, 3355, 3645, 3915, 3945, 4235, 4300, 4440, 4535, 4540, 4570, 4575, 4815, 4835, 4850, 4865, 4875, 5125, 5145, 5405, 5440, 5455, 5495, 5530, 5545, 5760, 5865, 5905, 6055, 6065, 6350, 6355, 6365, 6370, 6645, 6650, 6655, 6660, 6675, 6725, 6840, 6950, 6955, 6960, 7245, 7250, 7255, 7260, 7265, 7545, 7570, 7590, 7595, 7600, 7605, 7845, 7850, 7860, 7870, 8145, 8150, 8155, 8160, 8165, 8170, 8180, 8190, 8490, 8565, 8620, 8780, 8785, 8790, 8795, 9080, 9085, 9090, 9100, 9390, 9410, 9415, 9600, 9680, 9695, 9760, 9900, 9985, 9990, 9995, 10035, 10040, 10275, 10295, 10310, 10320, 10325, 10330, 10340, 10575, 10580, 10585, 10595, 10875, 10880, 10890, 10900, 10905, 10910, 10930, 10960, 11100, 11220, 11260, 11470, 11515, 11520, 11525, 11805, 11815, 11820, 11825, 11830, 12110, 12115, 12125, 12140, 12190, 12300, 12305, 12340, 12405, 12415, 12420, 12490, 12670, 12720, 12725, 12760, 12790, 12845, 12850, 12965, 13015, 13030, 13050, 13055, 13060, 13075, 13105, 13160, 13305, 13315, 13320, 13330, 13405, 13440, 13565, 13600, 13620, 13625, 13650, 13665, 13930, 14000, 14255, 14540, 14565, 14830, 14870, 15160, 15220, 15360, 15455, 15505, 15510, 15765, 15770, 15780, 15785, 15790, 15795, 16065, 16330, 16370, 16420, 16600, 16680, 16990, 17275, 17290, 17575, 17585, 17595, 17645, 17760, 17875, 17885, 17945, 18095, 18110, 18150, 18170, 18175, 18180, 18190, 18220, 18225, 18465, 18470, 18480, 18495, 18505, 18525, 18640, 18675, 18765, 18775, 18790, 19065, 19080, 19100, 19110, 19210, 19230, 19390, 19415, 19695, 19870, 20020, 20290, 20325, 20530, 20570, 20585, 20625, 20680, 20820, 20915, 20950, 20955, 21190, 21205, 21225, 21235, 21245, 21255, 21315, 21350, 21365, 21410, 21510, 21515, 21560, 21630, 21745, 21780, 21805, 21810, 21825, 21830, 21840, 22045, 22125, 22130, 22135, 22180, 22265, 22345, 22405, 22435, 22440, 22730, 22735, 22740, 22750, 23030, 23035, 23065, 23070, 23350, 23410, 23520, 23555, 23605, 23645, 23710, 23770, 23795, 23940, 23955, 23970, 23975, 23980, 23985, 24230, 24245, 24520, 24575, 24870, 25085, 25480, 25540, 25785, 25795, 25850, 25900, 25935, 25940, 26015, 26050, 26085, 26135, 26280, 26340, 26375, 26410, 26415, 26650, 26670, 26695, 26710, 26715, 26970, 27250, 27305, 27385, 27395, 27420, 27475, 27740, 27770, 29045, 29050, 29085, 29090, 29140, 29145, 29180, 29245, 29250, 29275, 29325, 29390, 29615, 29870, 29915, 30575, 30665, 30680, 31490, 31500, 31535, 32670, 32710, 34470, 34480, 34485, 34505, 34515, 34555, 34575, 34770, 34805, 35100, 35370, 35405, 35695, 35760, 35915, 35995, 36030, 36095, 36125, 36160, 36165, 36270, 36290, 36305, 36320, 36335, 36590, 36605, 36670, 36685, 36720, 36790, 36825, 36880, 36890, 36895, 36920, 36975, 37110, 37220, 37270, 37360, 37525, 37795, 39615, 39620, 39740, 39790, 39895, 39915, 40205, 40225, 40230, 40535, 40820, 41045, 41070], "representative_frames_count": 436, "static_frames": [5, 425, 590, 610, 905, 910, 1225, 1510, 1810, 2100, 2115, 2130, 2145, 2395, 2405, 2410, 2735, 3030, 3355, 3645, 3915, 3945, 4235, 4540, 4835, 4850, 4865, 4875, 5125, 5145, 5455, 5545, 5760, 6055, 6065, 6350, 6355, 6365, 6370, 6645, 6650, 6655, 6660, 6675, 6950, 6955, 6960, 7245, 7250, 7255, 7260, 7570, 7590, 7595, 7600, 7605, 7845, 7850, 7860, 7870, 8145, 8150, 8155, 8160, 8165, 8170, 8180, 8190, 8490, 8780, 8785, 8790, 8795, 9080, 9085, 9090, 9100, 9390, 9410, 9680, 9695, 9985, 9990, 10295, 10310, 10320, 10325, 10330, 10340, 10575, 10580, 10585, 10595, 10875, 10880, 10890, 10900, 10905, 10910, 10930, 11220, 11515, 11520, 11525, 11805, 11815, 11820, 11825, 11830, 12110, 12115, 12125, 12140, 12405, 12415, 12420, 12720, 13015, 13030, 13050, 13055, 13060, 13075, 13305, 13315, 13320, 13330, 13620, 13625, 13650, 14000, 14255, 14540, 14565, 14870, 15160, 15455, 15770, 15780, 15785, 15790, 15795, 16065, 16370, 16680, 16990, 17275, 17290, 17575, 17585, 17595, 17875, 17885, 18170, 18175, 18190, 18470, 18480, 18495, 18505, 18525, 18765, 18775, 18790, 19065, 19080, 19100, 19415, 19695, 19870, 20020, 20325, 20680, 21205, 21225, 21235, 21245, 21255, 21510, 21515, 21805, 21810, 21825, 21830, 22125, 22130, 22135, 22435, 22440, 22730, 22735, 22740, 22750, 23030, 23035, 23065, 23645, 23940, 23955, 23970, 23975, 23980, 23985, 24230, 24245, 24575, 24870, 25480, 25785, 26340, 26375, 26670, 26695, 26710, 26715, 26970, 27305, 27395, 27420, 27475, 29145, 29250, 30575, 30665, 30680, 31500, 32670, 34480, 34485, 34505, 34805, 35100, 35405, 35695, 35995, 36290, 36305, 36320, 36335, 36590, 36605, 36880, 36890, 36895, 36920, 37220, 37525, 37795, 39620, 39915, 40205, 40230, 40535, 40820], "static_frames_count": 254}