{"camera_movement_sequences": [[820, 830], [1035, 1045], [1190, 1210], [1470, 1475], [1815, 1845], [2040, 2050], [2680, 2685], [2765, 2770], [4640, 4660], [5265, 5270], [5540, 5570], [5840, 5855], [6140, 6155], [6440, 6445], [6490, 6505], [6740, 6765], [7040, 7080], [7670, 7685], [7970, 7990], [8270, 8340], [8490, 8585], [8920, 8925], [9155, 9160], [11310, 11325], [11610, 11620], [11905, 11925]], "foi_count_frames": 6745, "foi_count_seconds": 224.83333333333334, "foi_pct": 0.5536857658840912, "foi_sequences": [[45, 50], [505, 510], [565, 580], [870, 875], [1050, 1095], [1250, 1270], [1310, 1355], [1400, 1525], [1725, 1795], [1930, 1960], [2000, 2890], [3280, 3285], [3475, 3490], [3650, 3740], [3785, 3885], [3935, 4120], [4170, 4205], [4320, 4325], [4555, 4585], [4635, 4725], [4890, 5275], [5575, 5580], [5835, 5865], [6135, 6165], [6200, 6205], [6415, 7125], [7295, 7390], [7425, 7430], [7665, 8145], [8230, 8345], [8505, 8545], [8625, 8635], [8795, 11140], [11175, 11210], [11245, 11340], [11380, 11390], [11600, 12180]], "representative_frames": [5, 45, 50, 430, 505, 510, 565, 580, 840, 870, 875, 1050, 1055, 1095, 1220, 1250, 1270, 1310, 1320, 1355, 1400, 1410, 1480, 1525, 1725, 1795, 1850, 1930, 1960, 2000, 2010, 2055, 2695, 2780, 2890, 3280, 3285, 3475, 3490, 3650, 3740, 3785, 3885, 3935, 4120, 4170, 4205, 4320, 4325, 4555, 4585, 4635, 4645, 4665, 4670, 4725, 4890, 4940, 4945, 4950, 4960, 5240, 5250, 5255, 5275, 5575, 5580, 5835, 5860, 5865, 6135, 6165, 6200, 6205, 6415, 6450, 6465, 6485, 6515, 6760, 7085, 7125, 7295, 7385, 7390, 7425, 7430, 7665, 7695, 8000, 8145, 8230, 8295, 8305, 8345, 8595, 8625, 8635, 8795, 8810, 8860, 8870, 8930, 9030, 9170, 9210, 9420, 9490, 11140, 11175, 11210, 11245, 11305, 11330, 11340, 11380, 11390, 11600, 11625, 11930, 12180], "representative_frames_count": 121, "static_frames": [5, 430, 840, 1055, 1220, 1320, 1355, 1410, 1480, 1850, 1930, 2010, 2055, 2695, 2780, 4645, 4665, 4670, 4940, 4945, 4950, 4960, 5240, 5250, 5255, 5275, 5580, 5860, 6165, 6450, 6465, 6485, 6515, 6760, 7085, 7385, 7695, 8000, 8295, 8305, 8595, 8810, 8860, 8870, 8930, 9030, 9170, 9210, 9420, 9490, 11305, 11330, 11625, 11930], "static_frames_count": 54}