{"camera_movement_sequences": [[600, 620], [900, 920], [1200, 1230], [1500, 1515], [1800, 1815], [2100, 2125], [2400, 2420]], "foi_count_frames": 1085, "foi_count_seconds": 36.166666666666664, "foi_pct": 0.4015544041450777, "foi_sequences": [[5, 10], [625, 1195], [1270, 1275], [2115, 2425], [2500, 2695]], "representative_frames": [5, 10, 425, 625, 930, 1195, 1240, 1270, 1275, 1520, 1825, 2115, 2130, 2145, 2150, 2155, 2160, 2410, 2415, 2425, 2500, 2695], "representative_frames_count": 22, "static_frames": [5, 425, 625, 930, 1240, 1520, 1825, 2115, 2130, 2145, 2150, 2155, 2160, 2410, 2415, 2425], "static_frames_count": 16}