{"camera_movement_sequences": [[330, 335], [2140, 2160], [2445, 2460], [2745, 2770], [2945, 2960], [3000, 3015], [3070, 3080], [3665, 3670], [5520, 5540], [5820, 5840], [6195, 6205], [6255, 6270], [6345, 6355], [6415, 6430], [6835, 6850], [7110, 7120], [7210, 7220], [7265, 7280], [7345, 7380]], "foi_count_frames": 6730, "foi_count_seconds": 224.33333333333334, "foi_pct": 0.9116770522893525, "foi_sequences": [[5, 2740], [2775, 3140], [3300, 6150], [6190, 6210], [6275, 6485], [6630, 6920], [7055, 7225], [7285, 7375]], "representative_frames": [5, 85, 260, 340, 2170, 2465, 2740, 2775, 2780, 2965, 2995, 3020, 3085, 3140, 3300, 3435, 3475, 3485, 3610, 3680, 5550, 5845, 6150, 6190, 6210, 6215, 6275, 6280, 6360, 6440, 6485, 6630, 6700, 6780, 6790, 6860, 6920, 7055, 7130, 7225, 7285, 7290, 7360, 7375], "representative_frames_count": 44, "static_frames": [5, 85, 260, 340, 2170, 2465, 2780, 2965, 2995, 3020, 3085, 3435, 3475, 3485, 3610, 3680, 5550, 5845, 6215, 6280, 6360, 6440, 6630, 6700, 6780, 6790, 6860, 7055, 7130, 7225, 7290, 7360], "static_frames_count": 32}