{"camera_movement_sequences": [[605, 620], [905, 925], [1200, 1220], [1500, 1515], [1800, 1815], [2100, 2125], [2400, 2410], [2700, 2740], [3030, 3045], [3335, 3350], [3640, 3650], [3930, 3985], [4230, 4245], [4530, 4545], [4830, 4850], [5130, 5155], [5430, 5465], [5760, 5775], [6065, 6080], [6360, 6385], [6665, 6680], [6960, 6975], [7260, 7275], [7560, 7580], [7860, 7885], [8160, 8195], [8490, 8510], [8790, 8810], [9095, 9115], [9395, 9410], [9690, 9705], [9995, 10005], [10290, 10350], [10595, 10615], [10890, 10925], [11220, 11240], [11520, 11540], [11825, 11845], [12120, 12140], [12420, 12435], [12725, 12735], [13020, 13040], [13320, 13330], [13620, 13655], [13950, 13965], [14250, 14270], [14555, 14575], [14850, 14880], [15150, 15160], [15450, 15465], [15755, 15770], [16050, 16075], [16350, 16400], [16680, 16695], [16985, 17000], [17280, 17300], [17580, 17605], [17880, 17900], [18185, 18195], [18485, 18505], [18780, 18785], [19080, 19135], [19410, 19425], [19715, 19730], [20015, 20035], [20310, 20345], [20610, 20625], [20910, 20925], [21210, 21235], [21510, 21520], [21810, 21845], [22140, 22155], [22445, 22460], [22745, 22765], [23045, 23075], [23340, 23355], [23640, 23655], [23940, 23955], [24240, 24285], [24540, 24575], [24870, 24885], [25170, 25190], [25470, 25495], [25770, 25795], [26070, 26080]], "foi_count_frames": 21130, "foi_count_seconds": 704.3333333333334, "foi_pct": 0.801228575762172, "foi_sequences": [[5, 65], [480, 1590], [1740, 1885], [2045, 2095], [2130, 2695], [2745, 2790], [2945, 4320], [4440, 4620], [4740, 5390], [5470, 5520], [5700, 6355], [6390, 7050], [7200, 7345], [7500, 8025], [8200, 8245], [8400, 9785], [9960, 10080], [10200, 10285], [10320, 10800], [10835, 10870], [10930, 10985], [11160, 12510], [12660, 13705], [13865, 15240], [15420, 16345], [16390, 16440], [16620, 17575], [17610, 17965], [18120, 19055], [19120, 19165], [19320, 20700], [20880, 21005], [21180, 21205], [21240, 21580], [21630, 21805], [21850, 21905], [22080, 23430], [23580, 23730], [23880, 24535], [24580, 24630], [24785, 25465], [25500, 26165], [26340, 26365]], "representative_frames": [5, 15, 65, 425, 480, 625, 935, 1025, 1225, 1270, 1525, 1590, 1740, 1825, 1885, 2045, 2095, 2130, 2135, 2145, 2150, 2160, 2415, 2420, 2695, 2745, 2750, 2790, 2945, 2965, 3050, 3355, 3630, 3635, 3660, 3955, 3975, 4255, 4320, 4440, 4555, 4620, 4740, 4860, 4875, 4885, 4890, 4915, 5150, 5390, 5470, 5520, 5700, 5725, 5780, 6085, 6355, 6390, 6395, 6690, 6855, 6980, 7050, 7200, 7285, 7345, 7500, 7595, 7605, 7615, 7620, 7890, 8025, 8200, 8205, 8245, 8400, 8505, 8795, 8820, 9125, 9420, 9710, 9785, 9960, 9990, 10015, 10080, 10200, 10285, 10320, 10325, 10335, 10345, 10355, 10590, 10605, 10620, 10800, 10835, 10870, 10930, 10985, 11160, 11235, 11545, 11855, 12145, 12250, 12445, 12510, 12660, 12745, 13035, 13050, 13060, 13070, 13085, 13335, 13340, 13665, 13705, 13865, 13970, 14280, 14585, 14875, 15165, 15240, 15420, 15475, 15775, 15790, 15805, 15810, 16065, 16070, 16345, 16390, 16440, 16620, 16700, 17005, 17310, 17575, 17610, 17905, 17965, 18120, 18180, 18205, 18515, 18525, 18530, 18535, 18540, 18565, 18765, 18795, 18800, 19055, 19120, 19165, 19320, 19430, 19735, 20010, 20040, 20335, 20400, 20635, 20700, 20880, 20930, 21005, 21180, 21205, 21240, 21250, 21270, 21525, 21530, 21580, 21630, 21805, 21850, 21905, 22080, 22160, 22450, 22470, 22770, 23040, 23065, 23365, 23430, 23580, 23660, 23730, 23880, 23960, 23975, 23985, 23995, 24000, 24030, 24230, 24260, 24270, 24535, 24580, 24630, 24785, 24890, 25195, 25465, 25500, 25800, 26085, 26165, 26340, 26365], "representative_frames_count": 222, "static_frames": [5, 15, 425, 625, 935, 1025, 1225, 1270, 1525, 1825, 2135, 2145, 2150, 2160, 2415, 2420, 2750, 2965, 3050, 3355, 3630, 3635, 3660, 3955, 3975, 4255, 4555, 4860, 4875, 4885, 4890, 4915, 5150, 5470, 5725, 5780, 6085, 6395, 6690, 6855, 6980, 7285, 7595, 7605, 7615, 7620, 7890, 8205, 8505, 8795, 8820, 9125, 9420, 9710, 9990, 10015, 10325, 10335, 10345, 10355, 10590, 10605, 10620, 10930, 11235, 11545, 11855, 12145, 12250, 12445, 12745, 13035, 13050, 13060, 13070, 13085, 13335, 13340, 13665, 13970, 14280, 14585, 14875, 15165, 15475, 15775, 15790, 15805, 15810, 16065, 16070, 16390, 16620, 16700, 17005, 17310, 17610, 17905, 18180, 18205, 18515, 18525, 18530, 18535, 18540, 18565, 18765, 18795, 18800, 19120, 19430, 19735, 20010, 20040, 20335, 20400, 20635, 20930, 21250, 21270, 21525, 21530, 21850, 22160, 22450, 22470, 22770, 23040, 23065, 23365, 23660, 23960, 23975, 23985, 23995, 24000, 24030, 24230, 24260, 24270, 24580, 24890, 25195, 25500, 25800, 26085], "static_frames_count": 146}