{"camera_movement_sequences": [[875, 900], [1175, 1215], [1495, 1510]], "foi_count_frames": 605, "foi_count_seconds": 20.166666666666668, "foi_pct": 0.09692406280038449, "foi_sequences": [[715, 1170], [1255, 1270], [1380, 1515]], "representative_frames": [715, 750, 870, 890, 1170, 1225, 1255, 1270, 1380, 1515], "representative_frames_count": 10, "static_frames": [715, 750, 870, 890, 1225, 1515], "static_frames_count": 6}