{"camera_movement_sequences": [[585, 590], [630, 645], [810, 845], [880, 905], [1180, 1235], [1510, 1530], [1815, 1830], [2110, 2135], [2410, 2445], [2710, 2725], [3010, 3025], [3315, 3325], [3610, 3635], [3910, 3950], [4240, 4260], [4545, 4560], [4840, 4865], [5140, 5175], [5440, 5455], [5740, 5755], [6045, 6055], [6100, 6105], [6340, 6365], [6640, 6680], [6970, 6990], [7275, 7290], [7570, 7595], [7870, 7905], [8170, 8185], [8470, 8485], [8775, 8790], [8830, 8835], [9070, 9075], [9395, 9410], [9705, 9720], [10005, 10020], [10300, 10325], [10600, 10635], [10900, 10915], [11205, 11215], [11500, 11515], [11560, 11565], [11800, 11825], [12100, 12140], [12430, 12445], [12730, 12750], [13030, 13055], [13330, 13365], [13630, 13645], [13935, 13945], [14235, 14250], [14290, 14300], [14530, 14540], [14830, 14865], [15160, 15180], [15465, 15480], [15760, 15785], [16060, 16090], [16360, 16375], [17590, 17600], [17890, 17900], [18200, 18210], [18490, 18515], [18790, 18825], [19090, 19105], [19390, 19405], [19695, 19705], [19990, 20020], [20290, 20325], [20620, 20635], [20930, 20940], [21220, 21245], [21520, 21555], [21820, 21835], [23045, 23065], [23355, 23370], [23660, 23670], [23950, 23975], [24250, 24285], [24550, 24565], [25775, 25790], [26080, 26095], [26390, 26400], [26680, 26705], [26980, 27015], [27280, 27295], [27580, 27595], [27885, 27895], [28180, 28200], [28480, 28520], [28810, 28825], [29120, 29130], [29415, 29435], [29710, 29745], [30010, 30025], [30315, 30325], [30615, 30630], [30670, 30675], [30910, 30935], [31210, 31245], [31545, 31550], [31845, 31860], [32140, 32165], [32440, 32475], [32740, 32755], [33045, 33055], [33345, 33355], [33640, 33665], [33940, 33975], [34275, 34280], [34580, 34590], [34870, 34895], [35170, 35205], [35470, 35485], [35775, 35785], [36075, 36085], [36370, 36395], [36670, 36715], [37000, 37010], [37310, 37320], [37600, 37630], [37900, 37935], [38200, 38215], [38500, 38515]], "foi_count_frames": 13870, "foi_count_seconds": 462.3333333333333, "foi_pct": 0.3578246736494505, "foi_sequences": [[5, 65], [365, 875], [910, 1175], [1225, 1270], [1380, 1545], [1585, 1835], [2140, 2165], [2235, 2270], [2450, 2460], [2510, 2560], [2730, 2740], [3030, 3270], [3305, 3605], [3640, 3995], [4140, 4315], [4355, 4565], [5040, 5045], [5180, 5185], [5460, 5495], [5735, 5765], [6040, 6415], [6485, 6520], [6565, 6580], [6685, 6735], [6875, 7025], [7165, 7175], [7215, 7295], [7765, 7770], [7910, 7915], [8190, 8195], [8465, 8495], [8770, 8965], [9000, 9170], [9370, 9455], [9540, 9765], [9900, 9965], [10000, 10025], [10105, 10235], [10625, 10750], [10920, 10950], [11135, 11160], [11200, 11230], [11520, 11605], [11645, 11835], [11945, 11955], [12025, 12095], [12145, 12195], [12335, 12455], [12495, 12715], [13300, 13305], [13355, 13375], [13650, 13685], [13930, 13955], [14230, 14585], [14715, 14790], [14870, 14920], [15060, 15490], [15790, 15865], [15985, 15990], [16095, 16105], [16380, 16385], [16560, 16610], [16645, 16715], [16790, 16820], [16960, 17290], [17460, 17490], [17560, 17655], [17800, 18120], [18190, 18215], [18520, 18565], [18775, 18780], [18830, 18850], [19110, 19115], [19155, 19165], [19410, 19415], [19645, 19650], [19690, 20025], [20135, 20275], [20330, 20380], [20495, 20945], [21545, 21565], [21840, 21845], [21935, 21945], [22075, 22080], [22125, 22145], [22420, 22510], [22565, 22755], [22825, 22900], [23015, 23095], [23255, 23375], [23425, 23505], [23645, 23675], [24275, 24295], [24570, 24575], [24785, 24985], [25150, 25230], [25295, 25505], [25585, 25695], [25745, 25835], [25955, 26215], [26285, 26405], [27005, 27025], [27100, 27215], [27880, 28155], [28190, 28215], [28525, 28830], [28885, 28900], [28935, 28960], [29015, 29055], [29105, 29135], [29410, 29440], [29735, 29755], [30030, 30035], [30310, 30335], [30610, 30780], [30845, 30875], [30920, 30945], [31250, 31745], [31805, 31865], [32465, 32485], [33040, 33070], [33340, 33435], [33490, 33500], [33570, 33595], [33670, 33675], [33980, 34595], [35165, 35215], [35760, 35790], [36070, 36405], [36710, 37325], [37940, 37945], [38220, 38225]], "representative_frames": [5, 65, 365, 580, 595, 610, 625, 655, 715, 875, 910, 1175, 1225, 1270, 1380, 1535, 1545, 1585, 1835, 2140, 2165, 2235, 2270, 2450, 2455, 2460, 2510, 2560, 2730, 2740, 3030, 3270, 3305, 3335, 3355, 3360, 3365, 3370, 3605, 3640, 3920, 3925, 3955, 3995, 4140, 4255, 4315, 4355, 4565, 4875, 5040, 5045, 5180, 5185, 5460, 5495, 5735, 5765, 6040, 6060, 6075, 6085, 6090, 6095, 6110, 6350, 6375, 6415, 6485, 6520, 6565, 6580, 6685, 6735, 6875, 6995, 7025, 7165, 7175, 7215, 7295, 7310, 7605, 7765, 7770, 7910, 7915, 8190, 8195, 8200, 8465, 8495, 8575, 8770, 8800, 8815, 8825, 8840, 8965, 9000, 9080, 9090, 9170, 9370, 9380, 9385, 9390, 9415, 9455, 9540, 9715, 9765, 9900, 9965, 10000, 10025, 10105, 10235, 10335, 10625, 10640, 10750, 10920, 10950, 11135, 11160, 11200, 11225, 11230, 11520, 11535, 11545, 11555, 11570, 11605, 11645, 11810, 11835, 11945, 11955, 12020, 12025, 12095, 12145, 12195, 12335, 12450, 12455, 12495, 12715, 12755, 13065, 13300, 13305, 13355, 13370, 13375, 13650, 13685, 13930, 13955, 14230, 14255, 14270, 14275, 14285, 14305, 14550, 14585, 14715, 14790, 14870, 14900, 14920, 15060, 15175, 15485, 15490, 15790, 15795, 15865, 15985, 15990, 16095, 16100, 16105, 16380, 16385, 16560, 16610, 16645, 16665, 16670, 16675, 16715, 16790, 16820, 16960, 16975, 16990, 17005, 17015, 17025, 17260, 17265, 17275, 17285, 17290, 17460, 17490, 17560, 17565, 17570, 17575, 17605, 17655, 17800, 17930, 18120, 18190, 18195, 18215, 18220, 18520, 18565, 18775, 18780, 18830, 18850, 19110, 19115, 19155, 19165, 19410, 19415, 19645, 19650, 19690, 19710, 19720, 19735, 19740, 19745, 19750, 20005, 20010, 20025, 20135, 20275, 20330, 20380, 20495, 20665, 20945, 20950, 21255, 21545, 21565, 21840, 21845, 21935, 21945, 22075, 22080, 22125, 22130, 22145, 22150, 22420, 22435, 22440, 22455, 22465, 22470, 22475, 22480, 22510, 22565, 22725, 22735, 22740, 22745, 22755, 22825, 22900, 23015, 23025, 23035, 23060, 23095, 23255, 23375, 23380, 23425, 23505, 23645, 23675, 23680, 23985, 24275, 24295, 24570, 24575, 24785, 24860, 24865, 24985, 25150, 25175, 25185, 25195, 25200, 25205, 25210, 25230, 25295, 25460, 25465, 25470, 25505, 25585, 25695, 25745, 25750, 25765, 25800, 25835, 25955, 26125, 26215, 26285, 26405, 26440, 26715, 27005, 27025, 27100, 27195, 27215, 27610, 27880, 27905, 27915, 27925, 27935, 27950, 28155, 28190, 28205, 28215, 28525, 28570, 28830, 28885, 28900, 28935, 28960, 29015, 29055, 29105, 29115, 29135, 29185, 29410, 29440, 29450, 29735, 29755, 30030, 30035, 30310, 30335, 30610, 30640, 30650, 30660, 30665, 30680, 30780, 30845, 30875, 30920, 30940, 30945, 31250, 31555, 31745, 31805, 31865, 31910, 32465, 32485, 32815, 33040, 33070, 33075, 33340, 33370, 33380, 33385, 33400, 33435, 33490, 33500, 33570, 33595, 33670, 33675, 33825, 33980, 34290, 34595, 34905, 35165, 35195, 35215, 35265, 35760, 35790, 36070, 36095, 36110, 36120, 36130, 36380, 36405, 36710, 37015, 37325, 37645, 37940, 37945, 38220, 38225], "representative_frames_count": 434,