{"camera_movement_sequences": [[2695, 2740], [3010, 3020], [3310, 3325], [3610, 3685], [3910, 3930], [4210, 4250], [4495, 4510], [5425, 5470], [5740, 5755], [6040, 6055], [6415, 6430], [6640, 6665], [6945, 6980], [7250, 7270]], "foi_count_frames": 2030, "foi_count_seconds": 67.66666666666667, "foi_pct": 0.23989600567241787, "foi_sequences": [[2700, 2785], [2885, 2935], [3005, 3025], [3060, 3085], [3305, 3385], [3480, 4205], [4255, 4270], [4440, 4490], [5430, 5485], [5735, 5805], [6035, 6115], [6240, 6940], [6985, 6995], [7200, 7265]], "representative_frames": [2700, 2735, 2785, 2885, 2935, 3005, 3025, 3030, 3060, 3085, 3305, 3335, 3385, 3480, 3625, 3640, 3655, 3660, 3680, 3710, 3815, 3935, 4205, 4255, 4260, 4270, 4440, 4490, 5430, 5450, 5475, 5485, 5735, 5805, 6035, 6115, 6240, 6350, 6375, 6385, 6390, 6395, 6635, 6670, 6940, 6985, 6995, 7200, 7265], "representative_frames_count": 49, "static_frames": [2700, 2735, 3005, 3030, 3335, 3625, 3640, 3655, 3660, 3680, 3710, 3815, 3935, 4260, 5430, 5450, 5475, 6350, 6375, 6385, 6390, 6395, 6635, 6670], "static_frames_count": 24}