{"camera_movement_sequences": [[595, 620], [655, 965], [1140, 1160], [2235, 2280], [3040, 3050], [3100, 3115], [3210, 3220]], "foi_count_frames": 4535, "foi_count_seconds": 151.16667, "foi_pct": 0.80809, "foi_sequences": [[10, 65], [455, 2230], [2265, 3295], [3425, 4175], [4405, 4425], [4705, 5610]], "representative_frames": [10, 65, 455, 460, 605, 625, 640, 645, 650, 665, 775, 960, 990, 1040, 1070, 1075, 1095, 1105, 1120, 1205, 1210, 1280, 1285, 1400, 2230, 2265, 3230, 3235, 3240, 3250, 3260, 3295, 3425, 3515, 3520, 3525, 3805, 3815, 3825, 3830, 4105, 4115, 4120, 4135, 4175, 4405, 4410, 4415, 4425, 4430, 4705, 4720, 5020, 5035, 5045, 5050, 5060, 5065, 5100, 5130, 5220, 5305, 5315, 5320, 5325, 5350, 5605, 5610], "representative_frames_count": 68, "static_frames": [10, 460, 605, 625, 640, 645, 650, 665, 775, 960, 990, 1040, 1070, 1075, 1095, 1105, 1120, 1205, 1210, 1280, 1285, 1400, 3230, 3235, 3240, 3250, 3260, 3515, 3520, 3525, 3805, 3815, 3825, 3830, 4105, 4115, 4120, 4135, 4405, 4410, 4415, 4430, 4705, 4720, 5020, 5035, 5045, 5050, 5060, 5065, 5100, 5130, 5220, 5305, 5315, 5320, 5325, 5350, 5605, 5610], "static_frames_count": 60}