{"camera_movement_sequences": [[35, 40], [915, 945], [1215, 1230], [1515, 1530], [1815, 1830], [1875, 1880], [2115, 2140], [2415, 2455], [2745, 2760], [3045, 3065], [3345, 3370], [5180, 5185], [5475, 5490], [5775, 5795], [6075, 6105], [7910, 7915], [8205, 8220], [8510, 8520], [8805, 8830]], "foi_count_frames": 2935, "foi_count_seconds": 97.83333333333333, "foi_pct": 0.3228112626484822, "foi_sequences": [[5, 95], [940, 955], [1210, 1240], [1835, 2110], [2145, 2270], [2460, 2505], [2675, 2765], [2885, 2890], [3035, 3070], [3375, 3400], [3610, 3685], [3920, 3970], [4245, 4260], [4370, 4390], [4545, 4945], [4990, 5005], [5055, 5240], [5375, 5495], [5530, 5540], [5590, 5620], [5790, 5800], [6070, 6110], [6380, 6420], [6675, 6695], [6755, 6760], [6840, 6900], [6975, 7030], [7260, 7610], [7650, 7965], [8145, 8225], [8275, 8300], [8355, 8530], [8705, 8800], [8890, 8900]], "representative_frames": [5, 45, 95, 785, 940, 950, 955, 1210, 1235, 1240, 1535, 1835, 1855, 1870, 1885, 2110, 2145, 2270, 2460, 2505, 2675, 2765, 2885, 2890, 3035, 3060, 3070, 3375, 3400, 3610, 3655, 3665, 3685, 3700, 3920, 3950, 3955, 3970, 4245, 4250, 4260, 4370, 4390, 4545, 4555, 4565, 4575, 4590, 4595, 4600, 4605, 4845, 4855, 4865, 4945, 4990, 5005, 5055, 5150, 5155, 5160, 5190, 5240, 5375, 5495, 5530, 5540, 5590, 5620, 5790, 5800, 6070, 6110, 6130, 6380, 6385, 6390, 6410, 6420, 6675, 6685, 6695, 6755, 6760, 6840, 6900, 6975, 6985, 6990, 7030, 7260, 7285, 7295, 7310, 7320, 7325, 7335, 7575, 7585, 7600, 7610, 7650, 7885, 7890, 7900, 7955, 7965, 8145, 8225, 8275, 8300, 8355, 8505, 8525, 8530, 8705, 8800, 8840, 8890, 8900], "representative_frames_count": 120, "static_frames": [5, 45, 785, 950, 1235, 1535, 1835, 1855, 1870, 1885, 2145, 2460, 2765, 3060, 3375, 3655, 3665, 3700, 3950, 3955, 4250, 4260, 4555, 4565, 4575, 4590, 4595, 4600, 4605, 4845, 4855, 4865, 5150, 5155, 5160, 5190, 5800, 6130, 6380, 6385, 6390, 6410, 6675, 6685, 6985, 6990, 7285, 7295, 7310, 7320, 7325, 7335, 7575, 7585, 7600, 7885, 7890, 7900, 7955, 8505, 8525, 8840], "static_frames_count": 62}