{"camera_movement_sequences": [[70, 90], [345, 380], [5855, 5885], [6160, 6165]], "foi_count_frames": 2065, "foi_count_seconds": 68.83333333333333, "foi_pct": 0.2808759521218716, "foi_sequences": [[10, 340], [385, 425], [540, 680], [2780, 3150], [3300, 3375], [4320, 4405], [4625, 4650], [4685, 4690], [4925, 5005], [5135, 5925], [6030, 6155]], "representative_frames": [5, 10, 100, 340, 385, 390, 425, 540, 595, 680, 2780, 2785, 2795, 3080, 3090, 3105, 3115, 3150, 3300, 3375, 4320, 4335, 4340, 4345, 4360, 4405, 4625, 4630, 4635, 4640, 4650, 4685, 4690, 4925, 4930, 4945, 5005, 5135, 5235, 5250, 5260, 5275, 5285, 5290, 5525, 5530, 5540, 5545, 5725, 5830, 5835, 5850, 5880, 5925, 6030, 6155], "representative_frames_count": 56, "static_frames": [5, 100, 390, 540, 595, 2785, 2795, 3080, 3090, 3105, 3115, 4320, 4335, 4340, 4345, 4360, 4630, 4635, 4640, 4930, 4945, 5235, 5250, 5260, 5275, 5285, 5290, 5525, 5530, 5540, 5545, 5725, 5830, 5835, 5850, 5880], "static_frames_count": 36}