{"camera_movement_sequences": [[1220, 1225], [1505, 1545]], "foi_count_frames": 290, "foi_count_seconds": 9.66667, "foi_pct": 0.10733, "foi_sequences": [[1230, 1500], [1550, 1565], [1800, 1805]], "representative_frames": [1230, 1500, 1550, 1555, 1565, 1800, 1805], "representative_frames_count": 7, "static_frames": [1230, 1555], "static_frames_count": 2}