{"camera_movement_sequences": [[1530, 1570], [1790, 1815], [3910, 3940], [4215, 4255], [4520, 4545], [6640, 6670], [6945, 6980], [9370, 9375]], "foi_count_frames": 1510, "foi_count_seconds": 50.333333333333336, "foi_pct": 0.1562823432001656, "foi_sequences": [[1035, 1575], [1780, 1810], [3945, 4210], [4260, 4265], [4495, 4540], [6675, 6940], [6985, 6995], [7200, 7270], [9380, 9660]], "representative_frames": [1035, 1195, 1200, 1410, 1500, 1505, 1515, 1535, 1575, 1780, 1810, 3945, 3950, 4210, 4260, 4265, 4495, 4540, 6675, 6680, 6940, 6985, 6990, 6995, 7200, 7270, 9380, 9385, 9395, 9660], "representative_frames_count": 30, "static_frames": [1035, 1195, 1200, 1410, 1500, 1505, 1515, 1535, 3950, 4265, 6680, 6990, 9380, 9385, 9395], "static_frames_count": 15}