{"camera_movement_sequences": [[5, 30], [630, 650], [930, 960], [1230, 1260], [1530, 1540], [1830, 1845], [2130, 2145], [2185, 2190], [2430, 2460], [2730, 2765], [3060, 3075], [3360, 3375], [3660, 3680], [3960, 3970], [6565, 6575], [6865, 6885], [7165, 7195], [7465, 7475], [7765, 7780], [8065, 8080], [8365, 8375], [8425, 8430], [8665, 8695], [8965, 9015], [9295, 9305], [9595, 9615], [9895, 9915], [10195, 10225], [10495, 10510], [10795, 10810], [11095, 11110], [11150, 11165], [11395, 11420], [11695, 11745], [12025, 12035], [12325, 12345], [12625, 12645], [12925, 12940], [13225, 13240], [13525, 13540], [13825, 13890], [14450, 14480], [14755, 14770], [15055, 15065], [15355, 15375], [15655, 15670], [15955, 15980], [16255, 16270], [16555, 16565], [16615, 16620], [16850, 16880], [17155, 17205], [17480, 17500], [17785, 17800], [18085, 18110], [18385, 18410], [18535, 18560], [19115, 19125], [20560, 20575], [22380, 22395], [22675, 22695], [22975, 22995], [23275, 23290], [23575, 23600], [23875, 23890], [24175, 24195], [24230, 24245], [24475, 24500], [24775, 24830], [25110, 25125], [25410, 25425], [25705, 25730], [26010, 26025], [26310, 26325], [26605, 26620], [26910, 26920], [26965, 26975], [27205, 27235], [27505, 27560], [27840, 27855], [28140, 28155], [28435, 28460], [28735, 28770], [29040, 29050], [29340, 29350], [29640, 29650], [29935, 29965], [30235, 30290], [30570, 30585], [30870, 30885], [31170, 31190], [31470, 31495], [31770, 31780], [32065, 32080], [32370, 32380], [32425, 32435], [32665, 32690], [32965, 33000], [33300, 33310], [33540, 33585], [33625, 33640], [34460, 34480], [34560, 34570], [34710, 34725], [34760, 34765], [34975, 34980], [35015, 35020], [35080, 35095]], "foi_count_frames": 27260, "foi_count_seconds": 908.6666666666666, "foi_pct": 0.7759307753614938, "foi_sequences": [[10, 85], [485, 1025], [1145, 1620], [1745, 1915], [2075, 2725], [2770, 2820], [2940, 3755], [3905, 6640], [6810, 6855], [6890, 7260], [7410, 7855], [8010, 8150], [8315, 8700], [8845, 8850], [9005, 9055], [9210, 9990], [10170, 10585], [10710, 10885], [11010, 11425], [11470, 11500], [11650, 11685], [11735, 11785], [11910, 12715], [12875, 13315], [13470, 13605], [13770, 14155], [14240, 14270], [14305, 14350], [14420, 14510], [14675, 14835], [14970, 15450], [15630, 16045], [16170, 16335], [16470, 16885], [17195, 17245], [17430, 18080], [18115, 19180], [19350, 23065], [23225, 23665], [23790, 23955], [24125, 24505], [24815, 24860], [24990, 25700], [25735, 26400], [26550, 26685], [26905, 27265], [27530, 27595], [27750, 28430], [28465, 29125], [29250, 29415], [29580, 29970], [30275, 30320], [30450, 32700], [32860, 32950], [33005, 35125]], "representative_frames": [10, 40, 85, 485, 655, 965, 1025, 1145, 1245, 1265, 1545, 1620, 1745, 1855, 1915, 2075, 2155, 2170, 2180, 2195, 2450, 2495, 2725, 2770, 2820, 2940, 3070, 3380, 3685, 3755, 3905, 3955, 3975, 5295, 5440, 6580, 6640, 6810, 6855, 6890, 7190, 7260, 7410, 7480, 7495, 7790, 7855, 8010, 8090, 8150, 8315, 8380, 8395, 8405, 8420, 8435, 8685, 8700, 8845, 8850, 9005, 9055, 9210, 9310, 9620, 9900, 9925, 9990, 10170, 10215, 10230, 10515, 10585, 10710, 10820, 10885, 11010, 11120, 11130, 11140, 11145, 11160, 11405, 11415, 11425, 11470, 11500, 11650, 11685, 11735, 11785, 11910, 12045, 12330, 12350, 12655, 12715, 12875, 12945, 12960, 13245, 13315, 13470, 13550, 13605, 13770, 13850, 13860, 13880, 13895, 14130, 14140, 14155, 14160, 14240, 14270, 14305, 14350, 14420, 14430, 14435, 14440, 14445, 14465, 14510, 14675, 14750, 14775, 14835, 14970, 15075, 15380, 15450, 15630, 15675, 15690, 15975, 16045, 16170, 16275, 16335, 16470, 16575, 16590, 16600, 16605, 16610, 16870, 16885, 17195, 17200, 17245, 17430, 17495, 17805, 18080, 18115, 18120, 18400, 18415, 18555, 18765, 18850, 19130, 19180, 19350, 20570, 20580, 22400, 22700, 23000, 23065, 23225, 23300, 23310, 23595, 23665, 23790, 23900, 23955, 24125, 24190, 24200, 24210, 24220, 24250, 24490, 24495, 24505, 24815, 24820, 24860, 24990, 25105, 25120, 25430, 25700, 25735, 26005, 26030, 26115, 26335, 26400, 26550, 26685, 26790, 26905, 26930, 26945, 26955, 26960, 26980, 27225, 27265, 27530, 27545, 27595, 27750, 27835, 27860, 28160, 28430, 28465, 28765, 28810, 29060, 29125, 29250, 29360, 29415, 29580, 29660, 29675, 29685, 29690, 29695, 29950, 29955, 29970, 30275, 30320, 30450, 30520, 30580, 30890, 31200, 31465, 31490, 31525, 31795, 32090, 32390, 32405, 32415, 32440, 32675, 32695, 32700, 32860, 32950, 33005, 33315, 33555, 33590, 33650, 34465, 34485, 34575, 34625, 34705, 34735, 34775, 34990, 35010, 35030, 35090, 35100, 35125], "representative_frames_count": 278, "static_frames": [10, 40, 485, 655, 965, 1245, 1265, 1545, 1855, 2155, 2170, 2180, 2195, 2450, 2495, 2770, 3070, 3380, 3685, 3955, 3975, 5295, 5440, 6580, 6890, 7190, 7480, 7495, 7790, 8090, 8380, 8395, 8405, 8420, 8435, 8685, 9005, 9310, 9620, 9900, 9925, 10215, 10230, 10515, 10820, 11120, 11130, 11140, 11145, 11160, 11405, 11415, 11735, 12045, 12330, 12350, 12655, 12945, 12960, 13245, 13550, 13850, 13860, 13880, 13895, 14130, 14140, 14160, 14430, 14435, 14440, 14445, 14465, 14750, 14775, 15075, 15380, 15675, 15690, 15975, 16275, 16575, 16590, 16600, 16605, 16610, 16870, 17200, 17495, 17805, 18120, 18400, 18415, 18555, 18765, 18850, 19130, 20570, 20580, 22400, 22700, 23000, 23300, 23310, 23595, 23900, 24190, 24200, 24210, 24220, 24250, 24490, 24495, 24820, 25105, 25120, 25430, 25735, 26005, 26030, 26115, 26335, 26790, 26930, 26945, 26955, 26960, 26980, 27225, 27545, 27835, 27860, 28160, 28465, 28765, 28810, 29060, 29360, 29660, 29675, 29685, 29690, 29695, 29950, 29955, 30275, 30520, 30580, 30890, 31200, 31465, 31490, 31525, 31795, 32090, 32390, 32405, 32415, 32440, 32675, 32695, 33005, 33315, 33555, 33590, 33650, 34465, 34485, 34575, 34625, 34705, 34735, 34775, 34990, 35010, 35030, 35090, 35100], "static_frames_count": 178}