{"camera_movement_sequences": [[595, 605], [895, 910], [950, 1220], [1490, 1505], [3675, 3945], [4220, 4260], [4555, 4560], [4855, 4870], [5155, 5175]], "foi_count_frames": 3430, "foi_count_seconds": 114.33333333333333, "foi_pct": 0.6314432989690721, "foi_sequences": [[5, 70], [460, 475], [585, 675], [840, 850], [885, 1060], [1095, 1580], [1740, 1845], [1980, 2005], [2080, 2540], [2720, 2925], [3000, 3040], [3080, 3085], [3205, 3220], [3315, 3400], [3540, 4215], [4265, 4300], [4440, 4780], [4830, 5430]], "representative_frames": [5, 70, 425, 460, 475, 585, 615, 675, 840, 850, 885, 920, 935, 945, 980, 1060, 1095, 1215, 1515, 1520, 1530, 1580, 1740, 1825, 1835, 1845, 1980, 2005, 2080, 2130, 2135, 2140, 2440, 2445, 2540, 2720, 2725, 2730, 2735, 2750, 2755, 2925, 3000, 3040, 3080, 3085, 3205, 3220, 3315, 3320, 3330, 3335, 3400, 3540, 3640, 3650, 3665, 3670, 3690, 3780, 3935, 4000, 4215, 4265, 4270, 4300, 4440, 4570, 4780, 4830, 4880, 5185, 5315, 5355, 5430], "representative_frames_count": 75, "static_frames": [5, 425, 615, 920, 935, 945, 980, 1215, 1515, 1520, 1530, 1825, 1835, 2130, 2135, 2140, 2440, 2445, 2725, 2730, 2735, 2750, 2755, 3320, 3330, 3335, 3640, 3650, 3665, 3670, 3690, 3780, 3935, 4000, 4270, 4570, 4880, 5185, 5315, 5355], "static_frames_count": 40}