{"camera_movement_sequences": [], "foi_count_frames": 695, "foi_count_seconds": 23.166666666666668, "foi_pct": 0.229221635883905, "foi_sequences": [[1185, 1605], [1745, 1990], [2140, 2170]], "representative_frames": [1185, 1210, 1220, 1225, 1230, 1260, 1520, 1530, 1535, 1545, 1555, 1605, 1745, 1845, 1850, 1860, 1990, 2140, 2165, 2170], "representative_frames_count": 20, "static_frames": [1185, 1210, 1220, 1225, 1230, 1260, 1520, 1530, 1535, 1545, 1555, 1845, 1850, 1860, 2165], "static_frames_count": 15}