{"camera_movement_sequences": [[2385, 2410], [2685, 2725], [2955, 2980], [3905, 3965]], "foi_count_frames": 535, "foi_count_seconds": 17.833333333333332, "foi_pct": 0.1273203236554022, "foi_sequences": [[2295, 2730], [2940, 3010], [3945, 3975]], "representative_frames": [5, 2295, 2405, 2710, 2715, 2720, 2730, 2940, 3010, 3910, 3945, 3955, 3975], "representative_frames_count": 13, "static_frames": [5, 2295, 2405, 2710, 2715, 2720, 3910, 3955], "static_frames_count": 8}