{"camera_movement_sequences": [[615, 630], [910, 940], [1210, 1240], [1510, 1525], [1810, 1825], [2115, 2130], [2410, 2420], [2710, 2750], [3040, 3050], [3350, 3355], [3640, 3670], [3940, 3970], [4240, 4255], [4540, 4555], [4845, 4860], [5145, 5165], [5440, 5475], [5770, 5780], [6080, 6090], [6375, 6400], [6670, 6700], [6970, 6985], [7270, 7285], [7575, 7590], [7870, 7895], [8170, 8215], [8505, 8510], [8810, 8820], [9100, 9130], [9400, 9430], [9700, 9715], [10000, 10015], [10305, 10320], [10600, 10615], [10900, 10935], [11230, 11240], [11535, 11550], [11835, 11860], [12130, 12165], [12430, 12445], [12730, 12745], [13035, 13050], [13330, 13365], [13630, 13665], [13960, 13970], [16400, 16405], [16690, 16700], [17000, 17010], [17290, 17320], [17590, 17620], [17890, 17905], [18190, 18205], [18495, 18505], [18795, 18815], [19045, 19085], [24600, 24610], [24905, 24910], [25205, 25220], [25505, 25535], [25800, 25905], [25945, 25960], [25995, 26005], [28035, 28055], [28220, 28235], [28630, 28675]], "foi_count_frames": 10495, "foi_count_seconds": 349.83333, "foi_pct": 0.33571, "foi_sequences": [[5, 75], [410, 635], [1235, 1255], [1830, 1835], [2110, 2440], [2560, 2570], [2620, 2650], [2755, 2790], [2940, 3060], [3095, 3115], [3190, 3205], [3245, 3365], [3975, 3985], [4260, 4265], [4840, 5170], [5480, 5540], [5680, 5840], [5875, 6095], [6695, 6715], [6990, 6995], [7570, 7865], [7900, 7905], [7945, 7975], [8060, 8110], [8210, 8825], [9435, 9445], [10300, 10665], [10940, 11255], [11290, 11555], [12170, 12175], [12450, 12455], [12565, 12625], [13020, 13325], [13360, 13370], [13670, 13675], [13780, 13830], [13870, 13880], [14080, 14140], [14180, 14285], [14545, 14595], [14860, 15035], [15160, 15230], [15295, 15360], [15445, 15485], [15640, 15660], [15760, 16230], [16300, 16450], [16565, 16925], [16960, 17015], [17600, 17950], [18490, 18900], [19010, 19175], [19260, 20185], [20245, 20265], [20305, 20375], [22170, 22495], [22770, 22800], [23070, 23115], [23370, 23395], [23670, 23695], [23970, 24305], [24420, 24665], [24815, 24915], [24955, 24995], [25030, 25165], [25200, 25225], [25500, 25540], [25645, 25795], [25840, 25850], [26010, 26025], [26065, 26175], [26225, 26235], [27395, 27410], [27445, 27475], [27815, 27820], [27865, 27970], [28030, 28180], [28225, 28240], [28505, 28510], [28680, 28875], [30325, 30335], [30610, 30625], [30735, 31260]], "representative_frames": [5, 75, 365, 410, 635, 950, 1235, 1255, 1305, 1535, 1830, 1835, 2110, 2140, 2150, 2160, 2170, 2430, 2440, 2560, 2570, 2620, 2650, 2755, 2790, 2940, 3055, 3060, 3095, 3115, 3190, 3205, 3245, 3365, 3975, 3980, 3985, 4260, 4265, 4840, 4875, 4885, 4890, 4900, 5150, 5170, 5175, 5480, 5540, 5680, 5800, 5840, 5875, 6075, 6095, 6370, 6420, 6695, 6715, 6990, 6995, 7570, 7595, 7605, 7615, 7620, 7625, 7635, 7745, 7865, 7900, 7905, 7945, 7975, 8060, 8110, 8210, 8500, 8710, 8825, 9140, 9435, 9445, 10300, 10330, 10340, 10350, 10365, 10625, 10665, 10940, 10955, 11245, 11255, 11290, 11555, 11870, 12170, 12175, 12205, 12450, 12455, 12565, 12625, 12980, 13020, 13055, 13065, 13075, 13085, 13095, 13325, 13360, 13370, 13670, 13675, 13680, 13780, 13830, 13870, 13880, 13975, 14080, 14140, 14180, 14270, 14275, 14285, 14335, 14545, 14565, 14570, 14590, 14595, 14860, 14865, 14870, 14880, 14900, 15035, 15160, 15170, 15175, 15230, 15295, 15360, 15445, 15470, 15475, 15485, 15640, 15660, 15760, 15770, 15790, 15800, 15805, 15810, 15815, 15820, 16060, 16070, 16075, 16085, 16230, 16300, 16370, 16375, 16410, 16450, 16565, 16705, 16925, 16960, 17015, 17330, 17600, 17710, 17920, 17950, 18220, 18490, 18515, 18525, 18535, 18540, 18545, 18550, 18635, 18790, 18800, 18825, 18900, 19010, 19020, 19040, 19050, 19100, 19110, 19175, 19260, 20175, 20185, 20245, 20250, 20260, 20265, 20305, 20315, 20325, 20355, 20370, 20375, 22170, 22175, 22190, 22200, 22475, 22485, 22495, 22555, 22770, 22790, 22795, 22800, 23070, 23080, 23090, 23105, 23115, 23370, 23375, 23395, 23670, 23680, 23690, 23695, 23970, 23985, 23995, 24010, 24020, 24025, 24030, 24270, 24280, 24290, 24305, 24420, 24570, 24575, 24580, 24585, 24590, 24595, 24620, 24665, 24815, 24915, 24930, 24955, 24995, 25030, 25165, 25200, 25225, 25235, 25500, 25540, 25645, 25795, 25840, 25910, 25965, 26010, 26025, 26065, 26100, 26130, 26175, 26180, 26225, 26235, 26240, 27395, 27410, 27445, 27475, 27815, 27820, 27865, 27970, 28030, 28120, 28180, 28225, 28240, 28245, 28505, 28510, 28635, 28680, 28685, 28725, 28735, 28740, 28820, 28865, 28875, 30325, 30335, 30610, 30625, 30735, 30745, 30750, 30760, 30765, 31040, 31045, 31080, 31170, 31180, 31215, 31220, 31225, 31250, 31255, 31260], "representative_frames_count": 329, "static_frames": [5, 365, 635, 950, 1235, 1305, 1535, 1835, 2140, 2150, 2160, 2170, 2430, 2755, 3055, 3980, 4840, 4875, 4885, 4890, 4900, 5150, 5175, 5480, 5800, 6075, 6370, 6420, 7570, 7595, 7605, 7615, 7620, 7625, 7635, 7745, 7900, 8210, 8500, 8710, 9140, 10330, 10340, 10350, 10365, 10625, 10955, 11245, 11870, 12205, 12980, 13055, 13065, 13075, 13085, 13095, 13360, 13680, 13975, 14270, 14275, 14335, 14565, 14570, 14590, 14860, 14865, 14870, 14880, 14900, 15160, 15170, 15175, 15470, 15475, 15770, 15790, 15800, 15805, 15810, 15815, 15820, 16060, 16070, 16075, 16085, 16370, 16375, 16410, 16705, 17330, 17600, 17710, 17920, 18220, 18515, 18525, 18535, 18540, 18545, 18550, 18635, 18790, 18800, 18825, 19020, 19040, 19050, 19100, 19110, 20175, 20185, 20250, 20260, 20315, 20325, 20355, 20370, 22170, 22175, 22190, 22200, 22475, 22485, 22555, 22790, 22795, 23080, 23090, 23105, 23375, 23670, 23680, 23690, 23985, 23995, 24010, 24020, 24025, 24030, 24270, 24280, 24290, 24570, 24575, 24580, 24585, 24590, 24595, 24620, 24930, 25235, 25540, 25840, 25910, 25965, 26025, 26100, 26130, 26180, 26240, 28120, 28225, 28245, 28635, 28685, 28725, 28735, 28740, 28820, 28865, 30745, 30750, 30760, 30765, 31040, 31045, 31080, 31170, 31180, 31215, 31220, 31225, 31250, 31255, 31260], "static_frames_count": 186}