{"camera_movement_sequences": [[590, 605], [885, 910], [1185, 1220], [1585, 1605], [3540, 3550], [3840, 3860], [4140, 4160], [4440, 4470], [4740, 4755], [5040, 5055], [5340, 5355], [5395, 5400], [5640, 5670]], "foi_count_frames": 4505, "foi_count_seconds": 150.16667, "foi_pct": 0.75816, "foi_sequences": [[5, 50], [425, 880], [915, 1270], [1410, 1670], [1800, 4230], [4380, 4435], [4475, 4520], [4680, 4825], [4980, 5065], [5110, 5125], [5320, 5935]], "representative_frames": [5, 50, 425, 610, 880, 915, 1145, 1205, 1225, 1270, 1410, 1490, 1560, 1610, 1670, 1800, 3555, 3865, 4165, 4230, 4380, 4415, 4435, 4475, 4520, 4680, 4760, 4825, 4980, 5065, 5110, 5125, 5320, 5360, 5380, 5390, 5405, 5645, 5655, 5665, 5935], "representative_frames_count": 41, "static_frames": [5, 425, 610, 915, 1145, 1205, 1225, 1490, 1560, 1610, 3555, 3865, 4165, 4415, 4475, 4760, 5065, 5360, 5380, 5390, 5405, 5645, 5655, 5665], "static_frames_count": 24}