{"camera_movement_sequences": [[1440, 1480], [1755, 1790]], "foi_count_frames": 370, "foi_count_seconds": 12.33333, "foi_pct": 0.18119, "foi_sequences": [[1485, 1750], [1795, 1845], [1985, 2040]], "representative_frames": [1450, 1485, 1505, 1750, 1795, 1830, 1845, 1985, 2015, 2040], "representative_frames_count": 10, "static_frames": [1450, 1505, 1795, 1830, 2015], "static_frames_count": 5}