{"camera_movement_sequences": [[5, 40], [615, 635], [915, 930], [1215, 1220], [1515, 1545], [1815, 1855], [2145, 2155], [2445, 2465], [2745, 2775], [4875, 4885], [5180, 5190]], "foi_count_frames": 1820, "foi_count_seconds": 60.66667, "foi_pct": 0.33321, "foi_sequences": [[10, 45], [610, 640], [1075, 1100], [1210, 1685], [1775, 1810], [1895, 1905], [1985, 2165], [2245, 2255], [2435, 2470], [2770, 2780], [2885, 3080], [3340, 3365], [3540, 3570], [3640, 3710], [3770, 3790], [3940, 4285], [4390, 4415], [4540, 4600], [4775, 4955], [5170, 5195]], "representative_frames": [10, 30, 45, 430, 610, 640, 940, 1075, 1100, 1210, 1230, 1245, 1260, 1270, 1540, 1685, 1775, 1810, 1860, 1895, 1905, 1985, 2160, 2165, 2245, 2255, 2435, 2450, 2470, 2770, 2780, 2885, 3055, 3065, 3080, 3340, 3355, 3365, 3540, 3570, 3640, 3665, 3710, 3770, 3790, 3940, 3950, 3960, 3975, 3985, 3995, 4000, 4005, 4250, 4255, 4265, 4270, 4285, 4390, 4415, 4540, 4550, 4555, 4560, 4565, 4575, 4585, 4600, 4775, 4955, 5170, 5175, 5195], "representative_frames_count": 73, "static_frames": [10, 30, 45, 430, 640, 940, 1230, 1245, 1260, 1270, 1540, 1860, 2160, 2450, 2470, 2770, 3055, 3065, 3355, 3665, 3950, 3960, 3975, 3985, 3995, 4000, 4005, 4250, 4255, 4265, 4270, 4550, 4555, 4560, 4565, 4575, 4585, 5175], "static_frames_count": 38}