{"camera_movement_sequences": [[1435, 1475], [1755, 1795], [4195, 4205], [4485, 4525]], "foi_count_frames": 695, "foi_count_seconds": 23.166666666666668, "foi_pct": 0.1157947350883039, "foi_sequences": [[1445, 1750], [1800, 1835], [2040, 2050], [4200, 4480], [4745, 4810]], "representative_frames": [1445, 1480, 1750, 1800, 1805, 1835, 2040, 2050, 4200, 4480, 4745, 4810], "representative_frames_count": 12, "static_frames": [1445, 1480, 1805, 4200], "static_frames_count": 4}