{"camera_movement_sequences": [[1195, 1255], [1455, 1465], [3575, 3610], [3940, 3970], [4185, 4200], [6670, 6680], [9060, 9085], [9360, 9445], [9645, 9690]], "foi_count_frames": 2375, "foi_count_seconds": 79.16667, "foi_pct": 0.23076, "foi_sequences": [[35, 55], [425, 1190], [1235, 1260], [1380, 1470], [3580, 3990], [4145, 4230], [6320, 6925], [9075, 9355], [9435, 9450], [9605, 9685]], "representative_frames": [5, 35, 55, 425, 430, 575, 595, 605, 615, 620, 625, 635, 690, 870, 880, 895, 1175, 1180, 1185, 1190, 1235, 1240, 1260, 1380, 1470, 3580, 3620, 3905, 3910, 3915, 3920, 3930, 3955, 3990, 4145, 4175, 4230, 6320, 6325, 6330, 6340, 6350, 6375, 6635, 6645, 6650, 6660, 6690, 6925, 9075, 9080, 9355, 9435, 9450, 9605, 9670, 9685], "representative_frames_count": 57, "static_frames": [5, 430, 575, 595, 605, 615, 620, 625, 635, 690, 870, 880, 895, 1175, 1180, 1185, 1240, 3580, 3620, 3905, 3910, 3915, 3920, 3930, 3955, 4175, 4230, 6325, 6330, 6340, 6350, 6375, 6635, 6645, 6650, 6660, 6690, 9075, 9080, 9435, 9670], "static_frames_count": 41}