{"camera_movement_sequences": [[1200, 1225], [1495, 1570], [1800, 1830], [2730, 2760]], "foi_count_frames": 475, "foi_count_seconds": 15.83333, "foi_pct": 0.15666, "foi_sequences": [[1190, 1490], [1560, 1590], [1745, 1825], [2745, 2810]], "representative_frames": [1190, 1210, 1230, 1490, 1560, 1575, 1590, 1745, 1825, 2745, 2765, 2810], "representative_frames_count": 12, "static_frames": [1190, 1210, 1230, 1575, 1825, 2765], "static_frames_count": 6}