{"camera_movement_sequences": [[1430, 1455], [1800, 1840], [2040, 2095], [3930, 3945], [3980, 3985], [4030, 4045], [4185, 4205], [4485, 4550], [6900, 6915]], "foi_count_frames": 1495, "foi_count_seconds": 49.83333, "foi_pct": 0.20758, "foi_sequences": [[1435, 1845], [1985, 2120], [3935, 4480], [4540, 4575], [4740, 4815], [6905, 7200]], "representative_frames": [1435, 1465, 1480, 1760, 1770, 1780, 1795, 1845, 1985, 2085, 2100, 2120, 3935, 3950, 3970, 4210, 4480, 4540, 4545, 4575, 4740, 4815, 6905, 6910, 6925, 6935, 7200], "representative_frames_count": 27, "static_frames": [1435, 1465, 1480, 1760, 1770, 1780, 1795, 2085, 2100, 3950, 3970, 4210, 4545, 6910, 6925, 6935], "static_frames_count": 16}