{"camera_movement_sequences": [[625, 645], [985, 1040], [3125, 3150], [3420, 3435], [4930, 4985], [5140, 5220], [5530, 5545], [10390, 10600], [10650, 10700]], "foi_count_frames": 8740, "foi_count_seconds": 291.3333333333333, "foi_pct": 0.7936796222302942, "foi_sequences": [[5, 55], [425, 710], [845, 940], [1005, 1100], [1260, 3120], [3155, 3205], [3330, 3745], [3810, 4405], [4565, 5610], [5730, 6825], [6930, 7065], [7100, 7105], [7345, 8340], [8490, 9800], [9840, 9860], [10075, 10460], [10550, 10665], [10705, 11010]], "representative_frames": [5, 55, 425, 595, 650, 710, 845, 940, 1005, 1045, 1100, 1260, 3120, 3155, 3205, 3330, 3445, 3735, 3745, 3810, 4020, 4025, 4030, 4045, 4320, 4325, 4330, 4405, 4565, 4625, 4630, 4940, 4990, 5000, 5015, 5035, 5125, 5130, 5150, 5235, 5310, 5525, 5555, 5610, 5730, 5860, 6150, 6155, 6160, 6165, 6450, 6455, 6460, 6465, 6470, 6765, 6780, 6825, 6930, 7050, 7055, 7060, 7065, 7100, 7105, 7345, 7350, 7355, 7365, 7660, 7680, 7690, 7695, 7705, 7715, 7945, 7955, 7960, 7970, 8075, 8255, 8260, 8265, 8270, 8280, 8285, 8340, 8490, 8530, 8590, 8880, 8885, 8895, 9060, 9185, 9195, 9200, 9480, 9495, 9505, 9780, 9785, 9790, 9800, 9840, 9860, 10075, 10080, 10085, 10100, 10380, 10395, 10415, 10425, 10445, 10460, 10505, 10705, 10710, 10985, 11010], "representative_frames_count": 121, "static_frames": [5, 425, 595, 650, 1005, 1045, 3155, 3445, 3735, 3745, 4020, 4025, 4030, 4045, 4320, 4325, 4330, 4625, 4630, 4940, 4990, 5000, 5015, 5035, 5125, 5130, 5150, 5235, 5310, 5525, 5555, 5860, 6150, 6155, 6160, 6165, 6450, 6455, 6460, 6465, 6470, 6765, 6780, 7050, 7055, 7060, 7350, 7355, 7365, 7660, 7680, 7690, 7695, 7705, 7715, 7945, 7955, 7960, 7970, 8075, 8255, 8260, 8265, 8270, 8280, 8285, 8530, 8590, 8880, 8885, 8895, 9060, 9185, 9195, 9200, 9480, 9495, 9505, 9780, 9785, 9790, 10080, 10085, 10100, 10380, 10395, 10415, 10425, 10445, 10460, 10505, 10710, 10985, 11010], "static_frames_count": 94}