{"camera_movement_sequences": [[615, 630]], "foi_count_frames": 190, "foi_count_seconds": 6.333333333333333, "foi_pct": 0.2106430155210643, "foi_sequences": [[35, 50], [445, 570], [605, 655]], "representative_frames": [5, 35, 50, 365, 445, 570, 605, 635, 655], "representative_frames_count": 9, "static_frames": [5, 365, 635], "static_frames_count": 3}