{"camera_movement_sequences": [[305, 330], [610, 650], [915, 945], [3070, 3090], [3390, 3405]], "foi_count_frames": 950, "foi_count_seconds": 31.666666666666668, "foi_pct": 0.2213420316868593, "foi_sequences": [[320, 605], [655, 685], [810, 950], [3075, 3445], [3540, 3665]], "representative_frames": [320, 335, 605, 655, 660, 685, 810, 950, 3075, 3080, 3095, 3370, 3380, 3420, 3445, 3540, 3665], "representative_frames_count": 17, "static_frames": [320, 335, 660, 3080, 3095, 3370, 3380, 3420], "static_frames_count": 8}