{"camera_movement_sequences": [[1200, 1225], [1495, 1570], [1800, 1830]], "foi_count_frames": 490, "foi_count_seconds": 16.333333333333332, "foi_pct": 0.1616094986807388, "foi_sequences": [[1190, 1490], [1560, 1590], [1745, 1825], [2735, 2810], [3025, 3030]], "representative_frames": [1190, 1215, 1230, 1490, 1560, 1575, 1590, 1745, 1825, 2735, 2745, 2760, 2810, 3025, 3030], "representative_frames_count": 15, "static_frames": [1190, 1215, 1230, 1575, 1825, 2735, 2745, 2760], "static_frames_count": 8}