{"camera_movement_sequences": [[570, 590], [625, 630], [865, 895], [1170, 1205], [1500, 1505], [1800, 1815], [2100, 2120], [2395, 2430], [2700, 2710], [3000, 3010], [3300, 3315], [3900, 3940], [4230, 4240], [4530, 4545], [4830, 4855], [5130, 5160], [5430, 5440], [5730, 5740], [6030, 6045], [6330, 6345], [6630, 6640]], "foi_count_frames": 2995, "foi_count_seconds": 99.83333333333333, "foi_pct": 0.4495646952867007, "foi_sequences": [[335, 360], [545, 1025], [1060, 1260], [1385, 1660], [1695, 1820], [1995, 2050], [2095, 2130], [2280, 2375], [2435, 2440], [2695, 2715], [2950, 3020], [3295, 3635], [3740, 3895], [3945, 3985], [4150, 4550], [5125, 5165], [5425, 5460], [5725, 5750], [6025, 6355], [6400, 6645]], "representative_frames": [5, 335, 340, 360, 545, 600, 610, 615, 620, 635, 880, 890, 1025, 1060, 1200, 1210, 1260, 1385, 1515, 1660, 1695, 1820, 1995, 2050, 2095, 2130, 2280, 2375, 2435, 2440, 2695, 2715, 2950, 3020, 3295, 3320, 3335, 3345, 3350, 3355, 3600, 3610, 3615, 3625, 3635, 3740, 3895, 3945, 3985, 4150, 4245, 4535, 4550, 4555, 4860, 5125, 5145, 5165, 5425, 5460, 5725, 5750, 6025, 6050, 6070, 6085, 6350, 6355, 6400, 6645], "representative_frames_count": 70, "static_frames": [5, 340, 600, 610, 615, 620, 635, 880, 890, 1200, 1210, 1515, 1820, 2130, 2435, 2715, 3020, 3320, 3335, 3345, 3350, 3355, 3600, 3610, 3615, 3625, 3945, 4245, 4535, 4555, 4860, 5145, 5165, 5725, 5750, 6050, 6070, 6085, 6350, 6645], "static_frames_count": 40}