{"camera_movement_sequences": [[600, 620], [900, 920], [1200, 1230], [1500, 1515], [1800, 1815], [2100, 2125], [2400, 2410]], "foi_count_frames": 1075, "foi_count_seconds": 35.83333, "foi_pct": 0.39785, "foi_sequences": [[5, 10], [625, 1185], [1270, 1275], [2115, 2425], [2500, 2695]], "representative_frames": [5, 10, 425, 625, 930, 1185, 1240, 1270, 1275, 1520, 1825, 2115, 2130, 2145, 2150, 2155, 2160, 2405, 2415, 2420, 2425, 2500, 2695], "representative_frames_count": 23, "static_frames": [5, 425, 625, 930, 1240, 1520, 1825, 2115, 2130, 2145, 2150, 2155, 2160, 2405, 2415, 2420], "static_frames_count": 16}