{"camera_movement_sequences": [[1220, 1225], [1510, 1560], [1745, 1825]], "foi_count_frames": 365, "foi_count_seconds": 12.16667, "foi_pct": 0.11054, "foi_sequences": [[1230, 1505], [1545, 1565], [1760, 1830]], "representative_frames": [1230, 1505, 1545, 1565, 1760, 1830], "representative_frames_count": 6, "static_frames": [1230, 1545], "static_frames_count": 2}