{"camera_movement_sequences": [[180, 185], [485, 525], [805, 825]], "foi_count_frames": 350, "foi_count_seconds": 11.66667, "foi_pct": 0.24788, "foi_sequences": [[190, 480], [530, 550], [775, 815]], "representative_frames": [190, 480, 530, 535, 550, 775, 815], "representative_frames_count": 7, "static_frames": [190, 535], "static_frames_count": 2}