{"camera_movement_sequences": [[5, 45], [615, 630], [915, 930], [1215, 1230], [1815, 1855], [2145, 2160], [2450, 2460]], "foi_count_frames": 535, "foi_count_seconds": 17.833333333333332, "foi_pct": 0.1958272327964861, "foi_sequences": [[10, 50], [635, 640], [935, 940], [1235, 1285], [1330, 1360], [1400, 1420], [1480, 1545], [1660, 1690], [1860, 1905], [1985, 2055], [2140, 2200], [2260, 2350], [2445, 2470]], "representative_frames": [10, 50, 430, 635, 640, 935, 940, 1235, 1240, 1255, 1265, 1270, 1280, 1285, 1330, 1360, 1400, 1420, 1480, 1525, 1530, 1540, 1545, 1660, 1690, 1860, 1905, 1985, 2055, 2140, 2165, 2200, 2260, 2350, 2445, 2465, 2470], "representative_frames_count": 37, "static_frames": [10, 50, 430, 635, 940, 1240, 1255, 1265, 1270, 1280, 1525, 1530, 1540, 1860, 2165, 2465], "static_frames_count": 16}