{"camera_movement_sequences": [[600, 610], [900, 925], [1200, 1230], [1500, 1515], [1800, 1815], [2100, 2165], [2400, 2405], [2700, 2735], [3030, 3040], [3330, 3340], [3630, 3660], [3930, 3960], [4230, 4245], [4530, 4540], [4830, 4845], [5130, 5145], [5430, 5465], [5760, 5770], [6060, 6080], [6360, 6390], [6660, 6690], [6960, 6975], [7260, 7275], [7560, 7620], [8160, 8200], [8490, 8500], [8790, 8810], [9090, 9120], [9390, 9420], [9690, 9705], [9990, 10005], [10290, 10355], [10590, 10600], [10890, 10930], [11220, 11230], [11525, 11540], [11820, 11845], [12120, 12145], [12420, 12435], [12720, 12735], [13020, 13065]], "foi_count_frames": 4675, "foi_count_seconds": 155.83333, "foi_pct": 0.34244, "foi_sequences": [[10, 55], [595, 620], [1235, 1240], [1335, 1385], [1495, 1520], [1795, 1825], [2095, 2590], [2635, 2695], [2740, 2790], [2940, 3045], [3145, 3200], [3260, 3360], [3910, 3925], [3965, 4010], [4055, 4100], [4225, 4250], [4480, 4550], [4825, 5240], [5275, 5360], [5395, 5425], [5470, 5520], [5645, 5785], [5895, 6005], [6055, 6085], [6355, 6700], [6955, 6980], [7255, 7285], [7590, 8005], [8045, 8155], [8195, 8250], [8400, 8515], [8560, 8635], [8675, 8815], [9115, 9125], [9425, 9430], [9710, 9715], [10285, 10615], [10700, 10735], [10815, 10885], [10935, 10980], [11110, 11260], [11310, 11390], [11470, 11545], [11975, 11990], [12115, 12155], [12415, 12445], [12715, 12740], [13015, 13345], [13615, 13630]], "representative_frames": [10, 55, 365, 595, 615, 620, 935, 1235, 1240, 1335, 1385, 1495, 1520, 1795, 1825, 2095, 2125, 2140, 2145, 2150, 2155, 2170, 2415, 2590, 2620, 2635, 2695, 2740, 2760, 2790, 2940, 3045, 3050, 3145, 3200, 3260, 3335, 3345, 3360, 3665, 3910, 3925, 3965, 3970, 4010, 4055, 4100, 4225, 4250, 4480, 4550, 4825, 4850, 4860, 4875, 4880, 4885, 4895, 5155, 5240, 5275, 5360, 5395, 5425, 5470, 5500, 5520, 5645, 5775, 5785, 5895, 6005, 6055, 6085, 6355, 6410, 6675, 6700, 6955, 6980, 7255, 7285, 7590, 7595, 7615, 7625, 7865, 7870, 7880, 8005, 8045, 8155, 8195, 8250, 8400, 8505, 8515, 8560, 8635, 8675, 8815, 8820, 9115, 9125, 9425, 9430, 9710, 9715, 10030, 10285, 10310, 10320, 10330, 10345, 10365, 10595, 10605, 10615, 10700, 10735, 10815, 10885, 10935, 10980, 11110, 11240, 11260, 11310, 11390, 11470, 11545, 11815, 11855, 11975, 11990, 12055, 12115, 12125, 12130, 12155, 12415, 12445, 12600, 12715, 12740, 12745, 13015, 13045, 13060, 13075, 13080, 13315, 13330, 13345, 13615, 13625, 13630], "representative_frames_count": 157, "static_frames": [10, 365, 615, 935, 1240, 1520, 1825, 2125, 2140, 2145, 2150, 2155, 2170, 2415, 2620, 2760, 3050, 3335, 3345, 3665, 3970, 4250, 4550, 4850, 4860, 4875, 4880, 4885, 4895, 5155, 5500, 5775, 6085, 6410, 6675, 6700, 7285, 7595, 7615, 7625, 7865, 7870, 7880, 8195, 8505, 8820, 9115, 9430, 10030, 10310, 10320, 10330, 10345, 10365, 10595, 10605, 10935, 11240, 11815, 11855, 12055, 12125, 12130, 12155, 12600, 12745, 13045, 13060, 13075, 13080, 13315, 13330, 13625, 13630], "static_frames_count": 74}