{"camera_movement_sequences": [[595, 605], [890, 905], [1785, 1800], [2090, 2095], [2385, 2390], [2685, 2710]], "foi_count_frames": 7355, "foi_count_seconds": 245.16667, "foi_pct": 0.67527, "foi_sequences": [[5, 45], [585, 915], [1185, 1565], [1780, 1845], [2085, 2680], [2715, 2730], [2920, 3655], [3700, 4295], [4480, 5485], [5680, 5760], [5910, 5980], [6045, 6075], [6160, 7140], [7180, 7265], [7300, 7305], [7545, 8240], [8340, 8490], [8775, 9450], [9600, 9760], [9940, 10155], [10275, 10635], [10710, 10725], [10780, 10840], [10875, 10890]], "representative_frames": [5, 45, 425, 585, 590, 610, 915, 1185, 1190, 1195, 1205, 1215, 1485, 1490, 1495, 1500, 1565, 1780, 1810, 1845, 2085, 2100, 2110, 2125, 2135, 2145, 2395, 2410, 2680, 2715, 2720, 2725, 2730, 2920, 3030, 3325, 3340, 3620, 3625, 3630, 3635, 3640, 3655, 3700, 3915, 3920, 3930, 3945, 4220, 4225, 4230, 4295, 4480, 4525, 4555, 4830, 4840, 4855, 4865, 4875, 5115, 5120, 5130, 5140, 5415, 5420, 5425, 5430, 5435, 5440, 5445, 5450, 5455, 5485, 5680, 5760, 5910, 5980, 6045, 6075, 6080, 6160, 6365, 6370, 6650, 6655, 6660, 6680, 6950, 6955, 6960, 7140, 7180, 7255, 7265, 7300, 7305, 7545, 7565, 7575, 7590, 7605, 7845, 7850, 7860, 7870, 8150, 8155, 8165, 8170, 8180, 8200, 8240, 8340, 8490, 8775, 8785, 8790, 8800, 9095, 9100, 9375, 9380, 9385, 9390, 9405, 9450, 9600, 9675, 9685, 9690, 9760, 9940, 9985, 9995, 10155, 10275, 10305, 10325, 10335, 10575, 10580, 10590, 10600, 10635, 10710, 10725, 10780, 10840, 10875, 10880, 10890], "representative_frames_count": 152, "static_frames": [5, 425, 590, 610, 915, 1190, 1195, 1205, 1215, 1485, 1490, 1495, 1500, 1810, 2100, 2110, 2125, 2135, 2145, 2395, 2410, 2720, 2725, 3030, 3325, 3340, 3620, 3625, 3630, 3635, 3640, 3915, 3920, 3930, 3945, 4220, 4225, 4230, 4525, 4555, 4830, 4840, 4855, 4865, 4875, 5115, 5120, 5130, 5140, 5415, 5420, 5425, 5430, 5435, 5440, 5445, 5450, 5455, 6045, 6080, 6365, 6370, 6650, 6655, 6660, 6680, 6950, 6955, 6960, 7255, 7265, 7565, 7575, 7590, 7605, 7845, 7850, 7860, 7870, 8150, 8155, 8165, 8170, 8180, 8200, 8490, 8785, 8790, 8800, 9095, 9100, 9375, 9380, 9385, 9390, 9405, 9675, 9685, 9690, 9985, 9995, 10305, 10325, 10335, 10575, 10580, 10590, 10600, 10880, 10890], "static_frames_count": 110}