{"camera_movement_sequences": [[1175, 1195], [5120, 5140], [5415, 5460], [5730, 5745], [7825, 7865]], "foi_count_frames": 2110, "foi_count_seconds": 70.33333, "foi_pct": 0.23284, "foi_sequences": [[1180, 1420], [1480, 1570], [1780, 2735], [2975, 3010], [5145, 5475], [5705, 5740], [7835, 8190], [8400, 8470]], "representative_frames": [5, 1180, 1205, 1215, 1420, 1480, 1490, 1500, 1570, 1780, 1800, 2085, 2095, 2110, 2125, 2135, 2140, 2145, 2390, 2400, 2690, 2695, 2700, 2705, 2720, 2735, 2975, 3010, 5145, 5150, 5435, 5465, 5475, 5705, 5740, 7835, 7870, 8160, 8170, 8180, 8190, 8400, 8470], "representative_frames_count": 43, "static_frames": [5, 1180, 1205, 1215, 1490, 1500, 1800, 2085, 2095, 2110, 2125, 2135, 2140, 2145, 2390, 2400, 2690, 2695, 2700, 2705, 2720, 5150, 5435, 5465, 7835, 7870, 8160, 8170, 8180], "static_frames_count": 29}