{"camera_movement_sequences": [[225, 265], [540, 555], [2640, 2665], [3245, 3285], [5150, 5185], [5385, 5405], [5685, 5725], [5975, 5995], [7990, 8025], [8115, 8135], [8415, 8455], [10840, 10845], [13575, 13580], [14135, 14205], [16315, 16330]], "foi_count_frames": 2750, "foi_count_seconds": 91.66667, "foi_pct": 0.16574, "foi_sequences": [[5, 220], [270, 275], [515, 550], [2645, 3005], [3215, 3275], [5155, 5680], [5730, 5745], [5965, 5980], [8000, 8410], [8460, 8500], [8675, 8740], [10850, 11200], [11435, 11440], [13585, 13965], [14150, 14200], [16320, 16590]], "representative_frames": [5, 220, 270, 275, 515, 550, 2645, 2670, 2675, 2970, 2975, 2980, 2990, 3005, 3215, 3220, 3265, 3275, 5155, 5160, 5190, 5260, 5395, 5415, 5680, 5730, 5745, 5965, 5980, 8000, 8125, 8145, 8410, 8460, 8465, 8500, 8675, 8740, 10850, 10855, 10865, 11150, 11170, 11180, 11195, 11200, 11435, 11440, 13585, 13595, 13890, 13895, 13905, 13910, 13920, 13965, 16320, 16375, 16590], "representative_frames_count": 59, "static_frames": [5, 275, 2645, 2670, 2675, 2970, 2975, 2980, 2990, 3220, 3265, 5160, 5190, 5260, 5395, 5415, 8000, 8125, 8145, 8465, 10855, 10865, 11150, 11170, 11180, 11195, 13585, 13595, 13890, 13895, 13905, 13910, 13920, 16320, 16375], "static_frames_count": 35}