{"camera_movement_sequences": [[2375, 2385], [5110, 5135]], "foi_count_frames": 695, "foi_count_seconds": 23.16667, "foi_pct": 0.12866, "foi_sequences": [[2380, 2735], [2940, 3010], [5130, 5400]], "representative_frames": [5, 2380, 2390, 2400, 2410, 2695, 2700, 2715, 2735, 2940, 3010, 5130, 5140, 5400], "representative_frames_count": 14, "static_frames": [5, 2380, 2390, 2400, 2410, 2695, 2700, 2715, 5140], "static_frames_count": 9}