{"camera_movement_sequences": [[120, 150], [420, 435], [720, 735], [1020, 1045], [1320, 1330], [1620, 1655], [1950, 1960], [2095, 2140], [3950, 3960], [4250, 4265], [4545, 4570], [4650, 4705], [4745, 4750], [4935, 4945], [4980, 5025]], "foi_count_frames": 3175, "foi_count_seconds": 105.83333, "foi_pct": 0.63021, "foi_sequences": [[5, 115], [1035, 1360], [1420, 1495], [1610, 1615], [1660, 1705], [1865, 1965], [2070, 3965], [4245, 4540], [4710, 5035]], "representative_frames": [5, 115, 155, 440, 740, 1035, 1040, 1060, 1065, 1070, 1075, 1085, 1325, 1340, 1360, 1420, 1495, 1610, 1615, 1660, 1665, 1705, 1865, 1965, 1970, 2070, 2125, 2145, 3965, 4245, 4270, 4540, 4575, 4665, 4710, 4715, 4755, 4860, 4930, 4950, 4995, 5010, 5030, 5035], "representative_frames_count": 44, "static_frames": [5, 155, 440, 740, 1040, 1060, 1065, 1070, 1075, 1085, 1325, 1340, 1665, 1970, 2125, 2145, 3965, 4270, 4575, 4665, 4715, 4755, 4860, 4930, 4950, 4995, 5010, 5030], "static_frames_count": 28}