{"camera_movement_sequences": [[405, 415], [690, 730], [1010, 1030], [3130, 3150], [3395, 3405]], "foi_count_frames": 740, "foi_count_seconds": 24.666666666666668, "foi_pct": 0.15034538805363673, "foi_sequences": [[420, 685], [735, 755], [905, 1035], [3135, 3435], [3640, 3665]], "representative_frames": [420, 685, 735, 740, 755, 905, 1035, 3135, 3155, 3380, 3415, 3435, 3640, 3665], "representative_frames_count": 14, "static_frames": [420, 740, 3155, 3380, 3415], "static_frames_count": 5}