{"camera_movement_sequences": [[595, 615], [650, 655], [890, 895], [1145, 1195], [1245, 1250], [1305, 1310], [1365, 1375], [3205, 3225]], "foi_count_frames": 1580, "foi_count_seconds": 52.66667, "foi_pct": 0.35811, "foi_sequences": [[10, 15], [565, 1440], [1570, 1595], [1675, 1695], [1870, 1880], [1915, 1925], [2000, 2005], [2395, 2480], [2520, 2580], [2655, 2710], [2915, 3030], [3230, 3295], [3425, 3535], [3690, 3695], [3805, 3890], [4105, 4145], [4270, 4275], [4405, 4410]], "representative_frames": [10, 15, 430, 565, 625, 635, 645, 660, 900, 910, 1105, 1115, 1150, 1205, 1255, 1320, 1360, 1385, 1395, 1440, 1570, 1595, 1675, 1695, 1870, 1880, 1915, 1925, 2000, 2005, 2395, 2480, 2520, 2580, 2655, 2710, 2915, 3030, 3230, 3235, 3240, 3295, 3425, 3515, 3530, 3535, 3690, 3695, 3805, 3820, 3825, 3830, 3890, 4105, 4110, 4115, 4120, 4135, 4145, 4270, 4275, 4405, 4410], "representative_frames_count": 63, "static_frames": [10, 430, 625, 635, 645, 660, 900, 910, 1105, 1115, 1150, 1205, 1255, 1320, 1360, 1385, 1395, 3230, 3235, 3240, 3515, 3530, 3820, 3825, 3830, 4110, 4115, 4120, 4135, 4410], "static_frames_count": 30}