{"camera_movement_sequences": [[590, 605], [885, 905], [1185, 1205], [1485, 1500], [1785, 1800], [2085, 2095], [2385, 2395], [2685, 2720], [3015, 3025], [3325, 3330], [3615, 3635], [3915, 3945], [4215, 4230], [4515, 4530], [4815, 4830], [5115, 5125], [5415, 5450], [5745, 5755], [6055, 6065], [6350, 6370], [6645, 6675], [6945, 6960], [7245, 7260], [7550, 7555], [7845, 7855], [8145, 8185], [8480, 8485], [8775, 8795], [9080, 9100], [9375, 9405], [9675, 9690], [9975, 9990], [10280, 10300], [10575, 10585], [10875, 10915], [11210, 11215], [11515, 11525], [11810, 11830], [12105, 12135], [12405, 12420], [12705, 12720], [13010, 13025], [13305, 13320], [13605, 13645], [13940, 13945], [14245, 14255], [14540, 14560], [14835, 14865], [15135, 15150], [15435, 15450], [15735, 15750], [16035, 16055], [16335, 16370], [16665, 16670]], "foi_count_frames": 10625, "foi_count_seconds": 354.1666666666667, "foi_pct": 0.5951714093658974, "foi_sequences": [[5, 40], [585, 915], [1210, 1265], [1385, 1565], [1735, 1805], [2100, 2455], [2490, 2680], [2725, 2780], [2880, 3110], [3315, 3910], [3950, 3985], [4145, 4295], [4490, 4535], [4835, 5410], [5455, 5760], [5890, 6375], [6665, 7030], [7145, 7265], [7545, 7905], [7950, 8020], [8190, 8240], [8400, 8580], [8800, 9105], [9410, 9445], [9695, 9760], [9910, 10870], [10920, 10960], [11105, 11235], [11430, 11455], [11505, 11835], [11900, 12100], [12140, 12490], [12640, 12725], [13005, 13600], [13650, 13705], [13900, 13950], [14235, 14565], [14860, 15215], [15420, 15455], [15550, 15580], [15630, 15670], [15730, 16330], [16375, 16420], [16565, 16810], [16965, 17850]], "representative_frames": [5, 40, 425, 585, 610, 890, 915, 1210, 1215, 1265, 1385, 1505, 1565, 1735, 1805, 1810, 2100, 2115, 2125, 2140, 2145, 2390, 2400, 2405, 2455, 2490, 2680, 2725, 2780, 2880, 3030, 3110, 3315, 3335, 3620, 3645, 3910, 3950, 3955, 3985, 4145, 4235, 4295, 4490, 4535, 4555, 4835, 4855, 4865, 4875, 5130, 5135, 5410, 5455, 5760, 5890, 6050, 6070, 6375, 6380, 6665, 6680, 6970, 7030, 7145, 7265, 7370, 7545, 7570, 7590, 7605, 7860, 7865, 7905, 7950, 8020, 8190, 8195, 8240, 8400, 8495, 8580, 8800, 9105, 9110, 9410, 9415, 9445, 9695, 9700, 9760, 9910, 10075, 10305, 10320, 10335, 10590, 10595, 10870, 10920, 10925, 10960, 11105, 11225, 11235, 11430, 11455, 11505, 11530, 11835, 11850, 11900, 12100, 12140, 12145, 12430, 12490, 12640, 12725, 12870, 13005, 13030, 13055, 13065, 13315, 13325, 13330, 13600, 13650, 13655, 13705, 13900, 13950, 14235, 14240, 14260, 14565, 14615, 14860, 14870, 15170, 15215, 15420, 15455, 15465, 15550, 15580, 15630, 15670, 15730, 15755, 15765, 15780, 15785, 15790, 15795, 16040, 16065, 16330, 16375, 16380, 16420, 16565, 16675, 16810, 16965, 16985, 17265, 17270, 17280, 17285, 17565, 17570, 17580, 17595, 17850], "representative_frames_count": 176, "static_frames": [5, 425, 610, 890, 915, 1215, 1505, 1810, 2100, 2115, 2125, 2140, 2145, 2390, 2400, 2405, 2725, 3030, 3315, 3335, 3620, 3645, 3955, 4235, 4555, 4835, 4855, 4865, 4875, 5130, 5135, 5455, 5760, 6050, 6070, 6380, 6665, 6680, 6970, 7370, 7570, 7590, 7605, 7860, 7865, 8195, 8495, 8800, 9110, 9415, 9700, 10075, 10305, 10320, 10335, 10590, 10595, 10925, 11225, 11530, 11850, 12145, 12430, 12870, 13030, 13055, 13065, 13315, 13325, 13330, 13655, 13950, 14240, 14260, 14615, 14870, 15170, 15465, 15755, 15765, 15780, 15785, 15790, 15795, 16040, 16065, 16380, 16675, 16985, 17265, 17270, 17280, 17285, 17565, 17570, 17580, 17595], "static_frames_count": 97}