{"camera_movement_sequences": [[605, 610], [900, 925], [1200, 1230], [1500, 1515], [1800, 1815], [2100, 2165], [2395, 2400], [3030, 3040], [3330, 3340], [3630, 3660], [3930, 3960], [4230, 4245], [4530, 4540], [4830, 4845], [5130, 5145], [5430, 5465], [5760, 5770], [6060, 6080], [6360, 6390], [6660, 6690], [6960, 6975], [7260, 7275], [7560, 7620], [8160, 8200], [8490, 8500], [8790, 8810], [9090, 9120], [9390, 9420], [9690, 9705], [9990, 10005], [10290, 10355], [10590, 10600], [10890, 10930], [11220, 11230], [11525, 11540], [11820, 11845], [12120, 12150], [12420, 12435], [12720, 12735], [13020, 13065]], "foi_count_frames": 4715, "foi_count_seconds": 157.16666666666666, "foi_pct": 0.34537064166422504, "foi_sequences": [[10, 55], [595, 620], [1235, 1240], [1335, 1370], [1495, 1520], [1795, 1825], [2095, 2590], [2635, 2790], [2940, 3045], [3145, 3200], [3260, 3355], [3910, 3925], [3965, 4010], [4075, 4100], [4225, 4250], [4480, 4550], [4825, 5360], [5395, 5425], [5470, 5520], [5645, 5785], [5895, 5905], [5950, 5975], [6055, 6085], [6250, 6260], [6355, 6700], [6955, 6980], [7255, 7285], [7590, 8005], [8045, 8155], [8195, 8250], [8400, 8515], [8560, 8635], [8675, 8705], [8740, 8815], [9115, 9125], [9425, 9430], [9710, 9715], [10285, 10615], [10700, 10735], [10780, 10885], [10935, 10980], [11110, 11390], [11470, 11545], [11850, 11855], [11965, 11990], [12115, 12155], [12415, 12445], [12715, 12740], [13015, 13345], [13615, 13630]], "representative_frames": [10, 55, 370, 595, 615, 620, 935, 1235, 1240, 1335, 1370, 1495, 1520, 1795, 1825, 2095, 2125, 2140, 2155, 2170, 2405, 2410, 2415, 2590, 2620, 2635, 2700, 2705, 2710, 2715, 2725, 2745, 2790, 2940, 3045, 3050, 3145, 3200, 3260, 3335, 3345, 3355, 3665, 3910, 3925, 3965, 3970, 4010, 4075, 4100, 4225, 4250, 4480, 4550, 4825, 4850, 4860, 4875, 4880, 4885, 4895, 5155, 5360, 5395, 5425, 5470, 5490, 5520, 5645, 5775, 5785, 5895, 5905, 5950, 5975, 6055, 6085, 6250, 6260, 6355, 6490, 6675, 6695, 6700, 6955, 6980, 7255, 7285, 7590, 7595, 7625, 7865, 7870, 7880, 8005, 8045, 8155, 8195, 8250, 8400, 8505, 8515, 8560, 8635, 8675, 8705, 8740, 8815, 8820, 9115, 9125, 9425, 9430, 9710, 9715, 10015, 10285, 10310, 10320, 10330, 10345, 10365, 10595, 10605, 10615, 10700, 10735, 10780, 10885, 10935, 10980, 11110, 11235, 11390, 11470, 11545, 11815, 11850, 11855, 11965, 11990, 12035, 12115, 12155, 12415, 12445, 12600, 12715, 12740, 12745, 13015, 13045, 13060, 13075, 13080, 13315, 13335, 13345, 13615, 13625, 13630], "representative_frames_count": 161, "static_frames": [10, 370, 615, 935, 1240, 1520, 1825, 2125, 2140, 2155, 2170, 2405, 2410, 2415, 2620, 2700, 2705, 2710, 2715, 2725, 2745, 3050, 3335, 3345, 3665, 3970, 4250, 4550, 4850, 4860, 4875, 4880, 4885, 4895, 5155, 5490, 5775, 6085, 6490, 6675, 6695, 7285, 7595, 7625, 7865, 7870, 7880, 8195, 8505, 8820, 9115, 9430, 10015, 10310, 10320, 10330, 10345, 10365, 10595, 10605, 10935, 11235, 11815, 11855, 12035, 12155, 12600, 12745, 13045, 13060, 13075, 13080, 13315, 13335, 13625, 13630], "static_frames_count": 76}