{"camera_movement_sequences": [[620, 630], [915, 940], [1215, 1245], [1515, 1525], [1815, 1830], [2115, 2130], [2750, 2755], [3045, 3055], [3350, 3360], [3645, 3675], [3945, 3975], [4245, 4260], [4545, 4560], [4845, 4860], [5445, 5485], [5775, 5785], [6080, 6090], [6375, 6405], [6675, 6705], [6975, 6990], [7275, 7290], [7575, 7590], [8210, 8215], [8505, 8515], [8805, 8820], [9105, 9135], [9405, 9430]], "foi_count_frames": 2830, "foi_count_seconds": 94.33333333333333, "foi_pct": 0.2921441106637762, "foi_sequences": [[40, 60], [445, 460], [515, 570], [605, 635], [1210, 1255], [1510, 1540], [1810, 1835], [2110, 2185], [2230, 2360], [2405, 2450], [2710, 2805], [2975, 3065], [3100, 3120], [3170, 3370], [3670, 3680], [3940, 3985], [4240, 4285], [4565, 4605], [4840, 5180], [5490, 5540], [5650, 5840], [5920, 6035], [6070, 6100], [6400, 6410], [6670, 6710], [6970, 6995], [7270, 7295], [7570, 7910], [8170, 8260], [8470, 8785], [8825, 8830], [9130, 9330], [9400, 9440]], "representative_frames": [5, 40, 60, 365, 445, 460, 515, 570, 605, 635, 945, 1210, 1240, 1255, 1510, 1530, 1540, 1810, 1835, 2110, 2135, 2150, 2160, 2165, 2170, 2175, 2185, 2230, 2360, 2405, 2420, 2425, 2435, 2450, 2710, 2725, 2735, 2740, 2745, 2760, 2805, 2975, 3060, 3065, 3100, 3120, 3170, 3370, 3390, 3670, 3680, 3940, 3965, 3980, 3985, 4240, 4265, 4285, 4565, 4570, 4605, 4840, 4870, 4885, 4895, 4900, 4910, 5145, 5160, 5170, 5180, 5490, 5540, 5650, 5675, 5790, 5840, 5920, 6035, 6070, 6095, 6100, 6400, 6410, 6670, 6690, 6710, 6970, 6995, 7270, 7295, 7300, 7570, 7595, 7610, 7620, 7640, 7880, 7890, 7900, 7910, 8170, 8175, 8190, 8195, 8200, 8220, 8260, 8470, 8520, 8785, 8825, 8830, 9060, 9130, 9140, 9330, 9400, 9435, 9440], "representative_frames_count": 120, "static_frames": [5, 365, 635, 945, 1240, 1530, 1835, 2135, 2150, 2160, 2165, 2170, 2175, 2420, 2425, 2435, 2725, 2735, 2740, 2745, 2760, 3060, 3390, 3670, 3965, 3980, 4265, 4570, 4870, 4885, 4895, 4900, 4910, 5145, 5160, 5170, 5675, 5790, 6095, 6410, 6690, 6710, 6995, 7300, 7595, 7610, 7620, 7640, 7880, 7890, 7900, 8175, 8190, 8195, 8200, 8220, 8520, 9060, 9140, 9435], "static_frames_count": 60}