{"camera_movement_sequences": [[45, 60], [645, 670], [705, 735], [945, 965], [1245, 1260]], "foi_count_frames": 755, "foi_count_seconds": 25.166666666666668, "foi_pct": 0.5843653250773994, "foi_sequences": [[40, 65], [100, 105], [540, 1265]], "representative_frames": [5, 40, 65, 70, 100, 105, 540, 545, 665, 680, 690, 700, 710, 745, 970, 1265, 1270], "representative_frames_count": 17, "static_frames": [5, 70, 545, 665, 680, 690, 700, 710, 745, 970, 1270], "static_frames_count": 11}