{"camera_movement_sequences": [[590, 605], [885, 960], [1170, 1220], [3290, 3305]], "foi_count_frames": 350, "foi_count_seconds": 11.66667, "foi_pct": 0.10504, "foi_sequences": [[600, 880], [915, 965], [1175, 1205], [3310, 3330]], "representative_frames": [600, 880, 915, 965, 3310, 3315, 3330], "representative_frames_count": 7, "static_frames": [600, 915, 3315], "static_frames_count": 3}