{"camera_movement_sequences": [[190, 260], [490, 525], [1405, 1425]], "foi_count_frames": 415, "foi_count_seconds": 13.83333, "foi_pct": 0.24241, "foi_sequences": [[5, 185], [225, 290], [430, 515], [1410, 1495]], "representative_frames": [5, 185, 225, 240, 290, 430, 515, 1410, 1435, 1450, 1495], "representative_frames_count": 11, "static_frames": [5, 225, 240, 1410, 1435, 1450], "static_frames_count": 6}