{"camera_movement_sequences": [[595, 605], [895, 925], [1195, 1225], [1495, 1500], [1795, 1810], [2095, 2160], [2695, 2730], [3025, 3030], [3325, 3340], [3625, 3655], [3925, 3955], [4225, 4240], [4525, 4530]], "foi_count_frames": 1445, "foi_count_seconds": 48.166666666666664, "foi_pct": 0.2660162002945508, "foi_sequences": [[5, 55], [415, 440], [590, 620], [890, 970], [1125, 1145], [1480, 1515], [1570, 1585], [1790, 1815], [2090, 2470], [2670, 2690], [2735, 2785], [2925, 3040], [3150, 3200], [3300, 3345], [3650, 3660], [3950, 3965], [4195, 4250], [4475, 4540], [4825, 5160], [5405, 5430]], "representative_frames": [5, 55, 365, 415, 440, 590, 610, 620, 890, 930, 970, 1125, 1145, 1235, 1480, 1505, 1515, 1570, 1585, 1790, 1815, 2090, 2120, 2135, 2150, 2170, 2405, 2410, 2470, 2670, 2690, 2735, 2740, 2785, 2925, 3040, 3150, 3200, 3300, 3345, 3650, 3660, 3950, 3965, 4190, 4195, 4250, 4475, 4535, 4540, 4825, 4835, 4850, 4865, 4870, 4875, 4880, 4900, 5125, 5140, 5150, 5160, 5405, 5425, 5430], "representative_frames_count": 65, "static_frames": [5, 365, 610, 930, 1235, 1505, 1815, 2120, 2135, 2150, 2170, 2405, 2410, 2740, 3040, 3345, 3650, 3950, 4190, 4250, 4535, 4540, 4835, 4850, 4865, 4870, 4875, 4880, 4900, 5125, 5140, 5150, 5425, 5430], "static_frames_count": 34}