{"camera_movement_sequences": [[585, 600], [890, 895], [1185, 1200], [1485, 1525], [1820, 1825], [2120, 2135], [2420, 2440], [2715, 2745]], "foi_count_frames": 1000, "foi_count_seconds": 33.33333, "foi_pct": 0.33311, "foi_sequences": [[885, 1225], [1330, 1440], [1530, 1580], [1740, 1745], [1780, 1830], [2020, 2445], [2735, 2755]], "representative_frames": [5, 425, 610, 885, 905, 920, 930, 940, 945, 1195, 1205, 1210, 1225, 1330, 1440, 1530, 1535, 1580, 1740, 1745, 1780, 1830, 1835, 2020, 2140, 2415, 2445, 2450, 2735, 2750, 2755], "representative_frames_count": 31, "static_frames": [5, 425, 610, 905, 920, 930, 940, 945, 1195, 1205, 1210, 1535, 1835, 2140, 2415, 2450, 2735, 2750], "static_frames_count": 18}