{"camera_movement_sequences": [[2430, 2460], [7845, 7865], [8145, 8185]], "foi_count_frames": 800, "foi_count_seconds": 26.66667, "foi_pct": 0.07639, "foi_sequences": [[5, 70], [2465, 2820], [3025, 3065], [7850, 8140], [8190, 8200], [8430, 8470]], "representative_frames": [5, 70, 2465, 2470, 2745, 2750, 2755, 2760, 2770, 2775, 2820, 3025, 3065, 7850, 7870, 8140, 8190, 8195, 8200, 8430, 8470], "representative_frames_count": 21, "static_frames": [5, 2470, 2745, 2750, 2755, 2760, 2770, 2775, 7850, 7870, 8195], "static_frames_count": 11}