{"camera_movement_sequences": [[2400, 2405], [2685, 2725], [3005, 3015], [3905, 3945], [4215, 4225], [4515, 4530], [5095, 5115], [5440, 5450], [5710, 5715], [7845, 7860], [8435, 8475]], "foi_count_frames": 2380, "foi_count_seconds": 79.33333, "foi_pct": 0.19682, "foi_sequences": [[5, 45], [2410, 2740], [2975, 3010], [3910, 4000], [4140, 4155], [4190, 4230], [4270, 4285], [4510, 5460], [5700, 5705], [7865, 8200], [8400, 8470], [10575, 10960], [11105, 11175]], "representative_frames": [5, 45, 180, 2410, 2415, 2730, 2740, 2975, 3010, 3910, 3935, 3950, 4000, 4140, 4155, 4190, 4230, 4235, 4270, 4285, 4510, 4535, 4825, 4840, 4850, 4860, 4865, 4875, 4915, 5045, 5125, 5135, 5430, 5455, 5460, 5700, 5705, 7865, 7870, 8145, 8160, 8165, 8180, 8200, 8400, 8405, 8470, 10575, 10580, 10585, 10595, 10880, 10890, 10895, 10910, 10960, 11105, 11150, 11175], "representative_frames_count": 59, "static_frames": [5, 180, 2415, 2730, 3910, 3935, 3950, 4235, 4535, 4825, 4840, 4850, 4860, 4865, 4875, 4915, 5045, 5125, 5135, 5430, 5455, 7870, 8145, 8160, 8165, 8180, 8405, 10575, 10580, 10585, 10595, 10880, 10890, 10895, 10910, 11150], "static_frames_count": 36}