{"camera_movement_sequences": [[600, 610], [895, 925], [1195, 1225], [1495, 1510], [1795, 1810], [2095, 2105], [2395, 2420], [2695, 2735], [3025, 3035], [3330, 3345], [3625, 3655], [3925, 3955], [4225, 4235], [4525, 4530], [5450, 5465], [5755, 5765], [6060, 6070], [6355, 6420], [6500, 6510], [6590, 6600], [6680, 6685], [8135, 8140], [10010, 10015], [10310, 10320], [10610, 10635]], "foi_count_frames": 2815, "foi_count_seconds": 93.83333333333333, "foi_pct": 0.22127024052821884, "foi_sequences": [[30, 60], [415, 520], [595, 615], [920, 930], [1220, 1230], [2110, 2390], [2425, 2440], [2490, 2500], [2620, 2690], [2740, 2790], [2920, 3100], [3145, 3220], [3280, 3350], [3610, 3615], [3650, 3725], [3850, 3960], [4240, 4250], [4285, 4315], [4475, 4495], [4535, 4580], [4620, 4660], [4825, 5270], [5305, 5515], [5675, 5815], [5875, 5880], [6030, 6075], [6385, 6390], [6425, 6475], [6515, 6605], [6800, 6805], [6940, 6980], [7030, 7035], [7765, 7795], [7885, 7955], [8000, 8005], [8045, 8150], [8200, 8210], [9570, 9610], [10005, 10165], [10215, 10250], [10295, 10330], [10915, 10945]], "representative_frames": [5, 30, 60, 365, 415, 520, 595, 615, 920, 930, 1220, 1230, 1520, 1820, 2110, 2125, 2135, 2140, 2150, 2155, 2390, 2425, 2440, 2490, 2500, 2620, 2690, 2740, 2790, 2920, 3040, 3100, 3145, 3220, 3280, 3350, 3610, 3615, 3650, 3725, 3850, 3960, 4240, 4250, 4285, 4315, 4475, 4495, 4535, 4545, 4580, 4620, 4660, 4825, 4835, 4845, 4860, 4870, 4875, 4885, 5125, 5135, 5140, 5270, 5305, 5425, 5430, 5440, 5445, 5470, 5515, 5675, 5780, 5815, 5875, 5880, 6030, 6075, 6080, 6385, 6425, 6450, 6455, 6460, 6470, 6475, 6515, 6520, 6605, 6695, 6800, 6805, 6940, 6980, 7030, 7035, 7765, 7795, 7885, 7955, 8000, 8005, 8045, 8150, 8200, 8210, 9570, 9610, 10005, 10030, 10165, 10215, 10250, 10295, 10325, 10330, 10640, 10915, 10935, 10945], "representative_frames_count": 120, "static_frames": [5, 365, 615, 920, 1230, 1520, 1820, 2110, 2125, 2135, 2140, 2150, 2155, 2425, 2740, 3040, 3350, 3650, 3960, 4250, 4545, 4835, 4845, 4860, 4870, 4875, 4885, 5125, 5135, 5140, 5425, 5430, 5440, 5445, 5470, 5780, 6080, 6385, 6425, 6450, 6455, 6460, 6470, 6520, 6605, 6695, 8150, 10030, 10325, 10640, 10935], "static_frames_count": 51}