{"camera_movement_sequences": [[870, 890], [1440, 1485], [3605, 3635]], "foi_count_frames": 725, "foi_count_seconds": 24.166666666666668, "foi_pct": 0.1858021527421835, "foi_sequences": [[875, 1275], [1445, 1510], [3640, 3900]], "representative_frames": [875, 895, 990, 1185, 1190, 1195, 1205, 1210, 1220, 1230, 1275, 1445, 1510, 3640, 3645, 3900], "representative_frames_count": 16, "static_frames": [875, 895, 990, 1185, 1190, 1195, 1205, 1210, 1220, 1230, 3645], "static_frames_count": 11}