{"camera_movement_sequences": [[915, 930], [1210, 1250], [1500, 1525], [2425, 2470], [2740, 2750], [3040, 3055], [3340, 3365], [3400, 3405], [3640, 3645]], "foi_count_frames": 1300, "foi_count_seconds": 43.333333333333336, "foi_pct": 0.3306205493387589, "foi_sequences": [[935, 1205], [1505, 1535], [2430, 2520], [2645, 2760], [2795, 2815], [3035, 3120], [3240, 3930]], "representative_frames": [935, 1205, 1260, 1505, 1535, 2430, 2460, 2475, 2520, 2645, 2760, 2795, 2815, 3035, 3060, 3120, 3240, 3355, 3370, 3385, 3390, 3410, 3650, 3655, 3660, 3930], "representative_frames_count": 26, "static_frames": [935, 1260, 2430, 2460, 2475, 2760, 3060, 3355, 3370, 3385, 3390, 3410, 3650, 3655, 3660], "static_frames_count": 15}