{"camera_movement_sequences": [[850, 905], [940, 945], [980, 990]], "foi_count_frames": 1730, "foi_count_seconds": 57.666666666666664, "foi_pct": 0.303402314977201, "foi_sequences": [[5, 85], [845, 910], [950, 1145], [1225, 1765], [1970, 1980], [2710, 2735], [2940, 3070], [3215, 3220], [3725, 3730], [4690, 4720], [5050, 5695]], "representative_frames": [5, 85, 845, 870, 910, 915, 950, 1005, 1040, 1045, 1080, 1090, 1140, 1145, 1225, 1765, 1970, 1980, 2710, 2735, 2940, 3070, 3215, 3220, 3725, 3730, 4690, 4720, 5050, 5195, 5340, 5465, 5595, 5695], "representative_frames_count": 34, "static_frames": [5, 870, 915, 950, 1005, 1040, 1045, 1080, 1090, 1140, 5195, 5340, 5465, 5595], "static_frames_count": 14}