{"camera_movement_sequences": [[585, 600], [890, 895], [1185, 1200], [1485, 1525], [1815, 1825], [2120, 2135], [2420, 2440], [2715, 2740]], "foi_count_frames": 1090, "foi_count_seconds": 36.333333333333336, "foi_pct": 0.36309127248501, "foi_sequences": [[885, 1225], [1290, 1475], [1530, 1580], [1740, 1745], [1780, 1830], [2020, 2470], [2745, 2755]], "representative_frames": [5, 425, 610, 885, 905, 920, 930, 940, 945, 1195, 1205, 1210, 1225, 1290, 1475, 1530, 1535, 1580, 1740, 1745, 1780, 1830, 1835, 2020, 2140, 2415, 2450, 2470, 2745, 2750, 2755], "representative_frames_count": 31, "static_frames": [5, 425, 610, 905, 920, 930, 940, 945, 1195, 1205, 1210, 1535, 1835, 2140, 2415, 2450, 2750], "static_frames_count": 17}