{"camera_movement_sequences": [[105, 140], [435, 450], [735, 750], [1035, 1050]], "foi_count_frames": 935, "foi_count_seconds": 31.166666666666668, "foi_pct": 0.3313253012048193, "foi_sequences": [[145, 195], [300, 455], [645, 755], [1030, 1065], [1330, 1370], [1630, 1650], [1930, 1950], [2050, 2090], [2230, 2580], [2670, 2770], [2805, 2820]], "representative_frames": [5, 145, 150, 195, 300, 455, 645, 755, 760, 1030, 1055, 1065, 1330, 1340, 1345, 1355, 1370, 1630, 1635, 1645, 1650, 1930, 1940, 1945, 1950, 2050, 2090, 2230, 2245, 2260, 2280, 2285, 2290, 2535, 2545, 2560, 2580, 2670, 2770, 2805, 2820], "representative_frames_count": 41, "static_frames": [5, 150, 455, 760, 1055, 1340, 1345, 1355, 1370, 1635, 1645, 1940, 1945, 2245, 2260, 2280, 2285, 2290, 2535, 2545, 2560], "static_frames_count": 21}