{"camera_movement_sequences": [[3135, 3145], [3425, 3460]], "foi_count_frames": 275, "foi_count_seconds": 9.166666666666666, "foi_pct": 0.07830296127562643, "foi_sequences": [[3150, 3420], [3465, 3470]], "representative_frames": [3150, 3420, 3465, 3470], "representative_frames_count": 4, "static_frames": [3150, 3470], "static_frames_count": 2}