{"camera_movement_sequences": [[1755, 1795], [2080, 2105]], "foi_count_frames": 775, "foi_count_seconds": 25.833333333333332, "foi_pct": 0.11277648428405122, "foi_sequences": [[1760, 2075], [2110, 2125], [2360, 2415], [4510, 4885], [5095, 5110]], "representative_frames": [1760, 1785, 1800, 2075, 2110, 2125, 2360, 2410, 2415, 4510, 4515, 4520, 4805, 4810, 4815, 4820, 4840, 4885, 5095, 5110], "representative_frames_count": 20, "static_frames": [1760, 1785, 1800, 2110, 2410, 2415, 4515, 4520, 4805, 4810, 4815, 4820, 4840], "static_frames_count": 13}