{"camera_movement_sequences": [[5, 40], [615, 630], [915, 930], [1215, 1230], [1515, 1520], [1815, 1855], [2145, 2155], [2450, 2460]], "foi_count_frames": 935, "foi_count_seconds": 31.16667, "foi_pct": 0.34224, "foi_sequences": [[10, 45], [610, 635], [910, 935], [1210, 1810], [1860, 1900], [2015, 2095], [2140, 2160], [2235, 2315], [2435, 2465]], "representative_frames": [10, 30, 45, 430, 610, 635, 910, 935, 940, 1210, 1235, 1250, 1260, 1265, 1270, 1275, 1530, 1540, 1810, 1860, 1900, 2015, 2095, 2140, 2160, 2235, 2315, 2435, 2465], "representative_frames_count": 29, "static_frames": [10, 30, 45, 430, 635, 940, 1235, 1250, 1260, 1265, 1270, 1275, 1530, 1540, 1860, 2160, 2465], "static_frames_count": 17}