{"camera_movement_sequences": [[1530, 1570], [1790, 1815], [4240, 4255], [6640, 6670], [6945, 6980], [9370, 9375]], "foi_count_frames": 1570, "foi_count_seconds": 52.33333, "foi_pct": 0.16249, "foi_sequences": [[1035, 1575], [1780, 1810], [3910, 4275], [4495, 4505], [6675, 6940], [6985, 6995], [7200, 7270], [9380, 9660]], "representative_frames": [1035, 1190, 1200, 1410, 1500, 1505, 1515, 1535, 1575, 1780, 1810, 3910, 3915, 3925, 3935, 4115, 4225, 4230, 4260, 4275, 4495, 4505, 6675, 6680, 6940, 6985, 6995, 7200, 7235, 7270, 9380, 9390, 9400, 9660], "representative_frames_count": 34, "static_frames": [1035, 1190, 1200, 1410, 1500, 1505, 1515, 1535, 3910, 3915, 3925, 3935, 4115, 4225, 4230, 4260, 6680, 7235, 9380, 9390, 9400], "static_frames_count": 21}