{"camera_movement_sequences": [[1000, 1015], [1060, 1080], [1840, 1855], [1910, 1925], [4005, 4015], [4310, 4320]], "foi_count_frames": 4675, "foi_count_seconds": 155.83333333333334, "foi_pct": 0.7636393335511271, "foi_sequences": [[5, 75], [420, 1990], [2135, 2340], [2380, 2605], [2710, 4090], [4240, 4260], [4305, 4330], [4605, 4680], [4800, 5295], [5400, 5595], [5705, 6120]], "representative_frames": [5, 75, 420, 1020, 1090, 1865, 1915, 1930, 1990, 2135, 2340, 2380, 2605, 2710, 4025, 4090, 4240, 4260, 4305, 4325, 4330, 4605, 4620, 4630, 4680, 4800, 4910, 4915, 4920, 4940, 5210, 5220, 5295, 5400, 5515, 5525, 5595, 5705, 5820, 5830, 5850, 5860, 5865, 6105, 6110, 6115, 6120], "representative_frames_count": 47, "static_frames": [5, 1020, 1090, 1865, 1915, 1930, 4025, 4325, 4620, 4630, 4910, 4915, 4920, 4940, 5210, 5220, 5515, 5525, 5820, 5830, 5850, 5860, 5865, 6105, 6110, 6115, 6120], "static_frames_count": 27}