{"camera_movement_sequences": [[785, 825], [2760, 2785]], "foi_count_frames": 2170, "foi_count_seconds": 72.33333333333333, "foi_pct": 0.7156992084432717, "foi_sequences": [[5, 70], [485, 565], [720, 885], [1020, 2855], [3000, 3025]], "representative_frames": [5, 70, 425, 485, 565, 720, 795, 835, 885, 1020, 2795, 2855, 3000, 3025], "representative_frames_count": 14, "static_frames": [5, 425, 485, 795, 835, 2795], "static_frames_count": 6}