{"camera_movement_sequences": [[600, 615], [900, 925]], "foi_count_frames": 640, "foi_count_seconds": 21.333333333333332, "foi_pct": 0.5604203152364273, "foi_sequences": [[5, 65], [480, 550], [595, 895], [930, 1140]], "representative_frames": [5, 65, 425, 480, 550, 595, 625, 895, 930, 935, 1140], "representative_frames_count": 11, "static_frames": [5, 425, 625, 935], "static_frames_count": 4}