{"camera_movement_sequences": [[2375, 2385]], "foi_count_frames": 685, "foi_count_seconds": 22.833333333333332, "foi_pct": 0.12680488707885967, "foi_sequences": [[2380, 2735], [2940, 2980], [5110, 5400]], "representative_frames": [5, 2380, 2390, 2395, 2405, 2695, 2700, 2715, 2735, 2940, 2980, 3015, 5110, 5120, 5130, 5400], "representative_frames_count": 16, "static_frames": [5, 2380, 2390, 2395, 2405, 2695, 2700, 2715, 3015, 5120, 5130], "static_frames_count": 11}