{"camera_movement_sequences": [[2105, 2180], [7595, 7605], [7820, 7850]], "foi_count_frames": 2045, "foi_count_seconds": 68.16667, "foi_pct": 0.24081, "foi_sequences": [[1835, 2100], [2155, 2185], [2395, 2410], [4575, 4885], [5040, 5175], [6055, 6140], [6240, 6280], [6360, 6440], [6660, 7615], [7745, 7875]], "representative_frames": [1835, 2100, 2155, 2160, 2185, 2395, 2410, 4575, 4595, 4840, 4855, 4870, 4885, 5040, 5165, 5170, 5175, 6055, 6065, 6070, 6080, 6095, 6140, 6240, 6280, 6360, 6365, 6370, 6380, 6440, 6660, 6670, 6675, 6970, 7000, 7010, 7015, 7020, 7270, 7280, 7285, 7565, 7570, 7580, 7585, 7590, 7610, 7615, 7745, 7875], "representative_frames_count": 50, "static_frames": [1835, 2160, 4595, 4840, 4855, 4870, 5165, 5170, 6055, 6065, 6070, 6080, 6095, 6365, 6370, 6380, 6670, 6675, 6970, 7000, 7010, 7015, 7020, 7270, 7280, 7285, 7565, 7570, 7580, 7585, 7590, 7610], "static_frames_count": 32}