{"camera_movement_sequences": [[570, 590], [870, 895], [1170, 1205], [1470, 1485], [1740, 1785], [2070, 2095], [2370, 2375], [2670, 2710], [3000, 3010], [3305, 3320], [3600, 3625], [3900, 3925], [4200, 4215], [4500, 4515], [4800, 4825], [5100, 5110], [5400, 5435], [5730, 5740], [6030, 6050], [6330, 6350], [6630, 6660], [6930, 6945], [7205, 7245], [7530, 7555], [7830, 7840]], "foi_count_frames": 3970, "foi_count_seconds": 132.33333333333334, "foi_pct": 0.4881947860304968, "foi_sequences": [[5, 10], [565, 865], [900, 960], [1140, 1165], [1210, 1240], [1285, 1555], [1745, 1945], [2005, 2435], [2515, 2530], [2575, 2620], [2715, 2765], [2945, 3015], [3300, 3595], [3630, 4180], [4220, 4255], [4495, 4520], [4830, 5125], [5170, 5335], [5390, 5395], [5440, 5485], [5645, 5745], [6035, 6625], [6925, 6950], [7210, 7250], [7560, 7855], [8120, 8125]], "representative_frames": [5, 10, 430, 565, 595, 865, 900, 960, 1140, 1165, 1210, 1215, 1240, 1285, 1490, 1555, 1745, 1795, 1945, 2005, 2085, 2100, 2110, 2120, 2130, 2380, 2385, 2390, 2435, 2515, 2530, 2575, 2620, 2715, 2765, 2945, 3015, 3020, 3300, 3325, 3595, 3630, 3920, 3970, 4180, 4220, 4255, 4495, 4520, 4525, 4830, 4835, 4845, 4850, 4855, 4860, 5105, 5115, 5120, 5125, 5170, 5335, 5390, 5395, 5440, 5485, 5645, 5725, 5745, 5750, 6035, 6055, 6360, 6625, 6665, 6925, 6950, 7210, 7225, 7250, 7255, 7560, 7565, 7575, 7580, 7585, 7590, 7835, 7845, 7850, 7855, 8120, 8125], "representative_frames_count": 93, "static_frames": [5, 430, 595, 900, 1215, 1490, 1795, 2085, 2100, 2110, 2120, 2130, 2380, 2385, 2390, 2715, 3020, 3325, 3630, 3920, 3970, 4220, 4525, 4835, 4845, 4850, 4855, 4860, 5105, 5115, 5120, 5725, 5750, 6035, 6055, 6360, 6665, 7225, 7255, 7565, 7575, 7580, 7585, 7590, 7835, 7845, 7850], "static_frames_count": 47}