{"camera_movement_sequences": [[620, 625], [915, 935], [1215, 1255]], "foi_count_frames": 1145, "foi_count_seconds": 38.166666666666664, "foi_pct": 0.41972140762463345, "foi_sequences": [[5, 35], [615, 1210], [1260, 1305], [1445, 1560], [1845, 1870], [2035, 2080], [2125, 2175], [2445, 2485], [2525, 2725]], "representative_frames": [5, 35, 490, 615, 635, 645, 660, 675, 925, 930, 940, 1210, 1260, 1265, 1305, 1445, 1560, 1845, 1850, 1860, 1870, 2035, 2080, 2125, 2145, 2150, 2160, 2170, 2175, 2445, 2450, 2455, 2460, 2480, 2485, 2525, 2725], "representative_frames_count": 37, "static_frames": [5, 490, 635, 645, 660, 675, 925, 930, 940, 1265, 1560, 1850, 1860, 1870, 2145, 2150, 2160, 2170, 2445, 2450, 2455, 2460, 2480], "static_frames_count": 23}