{"camera_movement_sequences": [[590, 595], [635, 645], [885, 890], [1185, 1220], [1520, 1525], [1815, 1835], [2120, 2140], [2415, 2445], [2715, 2730], [3015, 3030], [3320, 3325], [3615, 3630], [3920, 3950], [4250, 4255], [4555, 4565], [4850, 4870], [5145, 5170], [5445, 5460], [5745, 5760], [6050, 6055], [6345, 6355], [8475, 8490], [8775, 8790], [9075, 9090]], "foi_count_frames": 4880, "foi_count_seconds": 162.66667, "foi_pct": 0.52126, "foi_sequences": [[580, 1180], [1225, 1280], [1440, 1530], [1820, 2145], [3010, 3035], [3315, 3915], [3955, 4000], [4140, 4260], [4545, 4875], [5165, 5525], [5680, 5765], [6045, 6395], [6455, 6575], [6630, 6740], [6900, 6985], [7275, 8255], [8405, 8495], [8795, 9155], [9190, 9340]], "representative_frames": [5, 430, 580, 605, 615, 630, 650, 895, 900, 910, 1180, 1225, 1230, 1280, 1440, 1530, 1535, 1820, 1840, 2145, 2150, 2455, 2735, 3010, 3035, 3060, 3315, 3335, 3350, 3360, 3365, 3370, 3380, 3635, 3915, 3955, 3960, 4000, 4140, 4245, 4260, 4265, 4545, 4570, 4875, 4880, 5165, 5185, 5465, 5525, 5680, 5765, 5885, 6045, 6060, 6070, 6085, 6090, 6105, 6360, 6365, 6395, 6455, 6575, 6630, 6645, 6650, 6655, 6660, 6665, 6685, 6740, 6900, 6975, 6985, 7275, 7285, 7295, 7575, 7585, 7590, 7595, 7875, 7880, 7885, 7900, 8185, 8255, 8405, 8495, 8795, 8800, 8815, 8825, 8830, 8835, 9080, 9095, 9155, 9190, 9340], "representative_frames_count": 101, "static_frames": [5, 430, 605, 615, 630, 650, 895, 900, 910, 1230, 1535, 1840, 2150, 2455, 2735, 3060, 3335, 3350, 3360, 3365, 3370, 3380, 3635, 3915, 3960, 4245, 4265, 4570, 4880, 5165, 5185, 5465, 5885, 6060, 6070, 6085, 6090, 6105, 6360, 6365, 6645, 6650, 6655, 6660, 6665, 6685, 6975, 6985, 7285, 7295, 7575, 7585, 7590, 7595, 7875, 7880, 7885, 7900, 8185, 8495, 8800, 8815, 8825, 8830, 8835, 9080, 9095], "static_frames_count": 67}