{"camera_movement_sequences": [[2375, 2405], [2685, 2725], [2975, 3000]], "foi_count_frames": 1450, "foi_count_seconds": 48.333333333333336, "foi_pct": 0.26841910403554237, "foi_sequences": [[2410, 2745], [2980, 3010], [3930, 3965], [4210, 4300], [4440, 5400]], "representative_frames": [5, 2410, 2415, 2700, 2705, 2730, 2745, 2980, 3010, 3930, 3945, 3965, 4210, 4215, 4220, 4225, 4260, 4300, 4440, 4515, 4520, 4525, 4815, 4830, 4845, 4855, 4865, 4870, 4900, 4930, 5085, 5120, 5125, 5135, 5400], "representative_frames_count": 35, "static_frames": [5, 2415, 2700, 2705, 2730, 3930, 3945, 4215, 4220, 4225, 4260, 4515, 4520, 4525, 4815, 4830, 4845, 4855, 4865, 4870, 4900, 4930, 5085, 5120, 5125, 5135], "static_frames_count": 26}