{"camera_movement_sequences": [[555, 615]], "foi_count_frames": 250, "foi_count_seconds": 8.333333333333334, "foi_pct": 0.39556962025316456, "foi_sequences": [[5, 45], [420, 630]], "representative_frames": [5, 45, 420, 425, 580, 600, 620, 630], "representative_frames_count": 8, "static_frames": [5, 425, 580, 600, 620], "static_frames_count": 5}