{"camera_movement_sequences": [[2325, 2500], [2570, 2585], [2650, 2670], [2760, 2790], [4950, 5005], [5055, 5130], [5185, 5210], [5495, 5500], [10420, 10490], [10530, 10570], [10645, 10675], [10950, 11030], [11280, 11290], [11580, 11590], [11895, 11905], [12180, 12200]], "foi_count_frames": 24670, "foi_count_seconds": 822.3333333333334, "foi_pct": 0.6944991836045268, "foi_sequences": [[5, 115], [240, 1335], [1440, 1645], [1800, 2450], [2490, 2755], [2795, 2850], [3000, 4345], [4585, 5180], [5215, 5580], [5700, 6495], [6560, 6565], [6670, 6675], [6715, 7100], [7315, 8310], [8460, 9225], [9275, 9300], [9365, 9410], [9445, 9770], [9805, 9830], [10000, 10945], [11000, 11040], [11160, 11985], [12025, 12040], [12175, 12225], [12260, 12325], [12475, 12540], [12775, 13770], [13925, 14980], [15205, 15230], [15265, 15280], [15505, 16500], [16620, 17420], [17485, 17525], [17635, 17715], [17880, 17965], [18000, 18005], [18235, 19230], [19380, 20690], [20725, 20730], [20965, 21960], [22080, 22885], [23095, 23135], [23170, 23180], [23340, 23485], [23640, 24690], [24840, 25875], [26125, 26150], [26185, 26210], [26375, 27420], [27540, 28290], [28325, 28340], [28390, 28640], [28835, 28880], [28915, 28920], [29155, 30150], [30300, 30385], [32450, 32875], [33000, 33145], [35205, 35520]], "representative_frames": [5, 35, 40, 45, 50, 65, 85, 115, 240, 370, 680, 980, 1260, 1265, 1275, 1285, 1335, 1440, 1560, 1575, 1645, 1800, 1860, 1865, 1875, 2160, 2170, 2185, 2200, 2205, 2210, 2215, 2270, 2320, 2395, 2450, 2490, 2755, 2795, 2800, 2835, 2850, 3000, 3080, 3085, 3090, 3100, 3390, 3410, 3690, 3705, 3715, 3990, 3995, 4005, 4015, 4295, 4305, 4345, 4585, 4590, 4595, 4605, 4890, 4900, 4915, 4925, 4940, 4955, 4995, 5095, 5100, 5120, 5180, 5215, 5510, 5525, 5530, 5565, 5580, 5700, 5770, 5785, 5820, 5825, 5865, 6120, 6125, 6130, 6140, 6425, 6430, 6435, 6440, 6495, 6560, 6565, 6670, 6675, 6715, 6725, 6735, 6750, 7035, 7100, 7315, 7320, 7335, 7630, 7640, 7660, 7665, 7670, 7675, 7925, 7930, 7935, 7945, 8225, 8230, 8240, 8245, 8255, 8310, 8460, 8500, 8560, 8870, 9150, 9155, 9165, 9175, 9225, 9275, 9300, 9365, 9410, 9445, 9450, 9455, 9465, 9480, 9750, 9765, 9770, 9805, 9830, 10000, 10050, 10055, 10060, 10350, 10355, 10370, 10385, 10395, 10400, 10405, 10410, 10450, 10680, 10945, 11000, 11005, 11040, 11160, 11295, 11595, 11885, 11890, 11910, 11985, 12025, 12040, 12175, 12210, 12225, 12260, 12325, 12475, 12485, 12540, 12565, 12775, 12785, 12795, 13080, 13090, 13105, 13120, 13130, 13140, 13385, 13390, 13400, 13685, 13690, 13695, 13700, 13705, 13710, 13720, 13770, 13925, 13990, 14015, 14020, 14305, 14325, 14610, 14615, 14620, 14625, 14630, 14740, 14910, 14915, 14930, 14945, 14980, 15205, 15230, 15265, 15280, 15505, 15510, 15525, 15810, 15815, 15825, 15835, 15850, 15860, 15865, 15930, 16105, 16110, 16115, 16120, 16125, 16130, 16415, 16420, 16425, 16435, 16440, 16445, 16500, 16620, 16750, 17040, 17045, 17055, 17085, 17340, 17345, 17350, 17355, 17360, 17420, 17485, 17525, 17635, 17640, 17655, 17665, 17715, 17880, 17940, 17965, 18000, 18005, 18235, 18245, 18250, 18545, 18565, 18580, 18590, 18595, 18600, 18835, 18845, 18855, 18860, 19160, 19165, 19180, 19230, 19380, 19470, 19475, 19480, 19775, 19790, 20075, 20080, 20085, 20095, 20185, 20270, 20385, 20395, 20535, 20670, 20690, 20725, 20730, 20965, 20975, 20985, 21280, 21295, 21305, 21315, 21320, 21325, 21385, 21485, 21500, 21575, 21580, 21585, 21655, 21875, 21885, 21890, 21895, 21905, 21960, 22080, 22200, 22210, 22520, 22805, 22815, 22820, 22885, 23095, 23100, 23105, 23125, 23135, 23170, 23180, 23340, 23410, 23485, 23640, 23700, 23705, 24000, 24015, 24030, 24045, 24055, 24305, 24310, 24315, 24600, 24605, 24625, 24635, 24680, 24690, 24840, 24930, 24940, 25245, 25545, 25550, 25630, 25835, 25845, 25855, 25875, 26125, 26135, 26140, 26150, 26185, 26210, 26375, 26560, 26735, 26750, 26760, 26770, 26775, 26780, 26785, 26790, 26810, 26845, 26945, 26965, 27030, 27040, 27045, 27335, 27340, 27345, 27350, 27365, 27420, 27540, 27670, 27960, 27975, 28260, 28265, 28270, 28290, 28325, 28340, 28390, 28560, 28565, 28575, 28590, 28640, 28835, 28880, 28915, 28920, 29155, 29160, 29175, 29470, 29485, 29500, 29510, 29520, 29765, 29805, 30065, 30090, 30095, 30150, 30300, 30385, 32450, 32495, 32500, 32505, 32810, 32815, 32820, 32825, 32845, 32875, 33000, 33005, 33120, 33125, 33145, 35205, 35210, 35220, 35225, 35230, 35235, 35520], "representative_frames_count": 463, "static_frames": [5, 35, 40, 45, 50, 65, 85, 370, 680, 980, 1260, 1265, 1275, 1285, 1560, 1575, 1860, 1865, 1875, 2160, 2170, 2185, 2200, 2205, 2210, 2215, 2270, 2320, 2395, 2490, 2800, 2835, 3000, 3080, 3085, 3090, 3100, 3390, 3410, 3690, 3705, 3715, 3990, 3995, 4005, 4015, 4295, 4305, 4590, 4595, 4605, 4890, 4900, 4915, 4925, 4940, 4955, 4995, 5095, 5100, 5120, 5215, 5510, 5525, 5530, 5565, 5770, 5785, 5820, 5825, 5865, 6120, 6125, 6130, 6140, 6425, 6430, 6435, 6440, 6725, 6735, 6750, 7035, 7320, 7335, 7630, 7640, 7660, 7665, 7670, 7675, 7925, 7930, 7935, 7945, 8225, 8230, 8240, 8245, 8255, 8500, 8560, 8870, 9150, 9155, 9165, 9175, 9450, 9455, 9465, 9480, 9750, 9765, 10050, 10055, 10060, 10350, 10355, 10370, 10385, 10395, 10400, 10405, 10410, 10450, 10680, 11005, 11295, 11595, 11885, 11890, 11910, 12210, 12485, 12565, 12785, 12795, 13080, 13090, 13105, 13120, 13130, 13140, 13385, 13390, 13400, 13685, 13690, 13695, 13700, 13705, 13710, 13720, 13990, 14015, 14020, 14305, 14325, 14610, 14615, 14620, 14625, 14630, 14740, 14910, 14915, 14930, 14945, 15510, 15525, 15810, 15815, 15825, 15835, 15850, 15860, 15865, 15930, 16105, 16110, 16115, 16120, 16125, 16130, 16415, 16420, 16425, 16435, 16440, 16445, 16750, 17040, 17045, 17055, 17085, 17340, 17345, 17350, 17355, 17360, 17640, 17655, 17665, 17940, 18245, 18250, 18545, 18565, 18580, 18590, 18595, 18600, 18835, 18845, 18855, 18860, 19160, 19165, 19180, 19470, 19475, 19480, 19775, 19790, 20075, 20080, 20085, 20095, 20185, 20270, 20385, 20395, 20535, 20670, 20965, 20975, 20985, 21280, 21295, 21305, 21315, 21320, 21325, 21385, 21485, 21500, 21575, 21580, 21585, 21655, 21875, 21885, 21890, 21895, 21905, 22200, 22210, 22520, 22805, 22815, 22820, 23100, 23105, 23125, 23410, 23700, 23705, 24000, 24015, 24030, 24045, 24055, 24305, 24310, 24315, 24600, 24605, 24625, 24635, 24680, 24930, 24940, 25245, 25545, 25550, 25630, 25835, 25845, 25855, 26125, 26135, 26140, 26560, 26735, 26750, 26760, 26770, 26775, 26780, 26785, 26790, 26810, 26845, 26945, 26965, 27030, 27040, 27045, 27335, 27340, 27345, 27350, 27365, 27670, 27960, 27975, 28260, 28265, 28270, 28390, 28560, 28565, 28575, 28590, 29160, 29175, 29470, 29485, 29500, 29510, 29520, 29765, 29805, 30065, 30090, 30095, 32450, 32495, 32500, 32505, 32810, 32815, 32820, 32825, 32845, 33005, 33120, 33125, 35210, 35220, 35225, 35230, 35235, 35520], "static_frames_count": 354}