{"camera_movement_sequences": [[585, 600], [885, 905], [945, 955], [1185, 1190], [1485, 1525], [1815, 1830], [2120, 2125], [2415, 2440], [2715, 2745], [3015, 3030], [3315, 3330], [3615, 3630], [3675, 3680], [3915, 3940], [4215, 4255], [4545, 4555], [4845, 4855], [5145, 5175], [5445, 5475], [5745, 5765], [6045, 6060], [6345, 6360], [6405, 6410], [6645, 6670], [6945, 6985], [7275, 7285], [7580, 7590], [7875, 7905], [8175, 8205], [8475, 8495], [8775, 8790], [9075, 9090], [9125, 9140], [9375, 9400], [9675, 9715], [10005, 10020], [10310, 10325], [10605, 10635], [10905, 10925], [11205, 11220], [11505, 11520], [11805, 11820], [11865, 11870], [12105, 12135], [12405, 12460], [12735, 12745], [13040, 13050]], "foi_count_frames": 4955, "foi_count_seconds": 165.16666666666666, "foi_pct": 0.37194114997748084, "foi_sequences": [[855, 1480], [1530, 1570], [1715, 1835], [1875, 2135], [2195, 2200], [2275, 2295], [2370, 2395], [2445, 2455], [2520, 2525], [2630, 2755], [3010, 3040], [3215, 3220], [3325, 3335], [3635, 3945], [4060, 4080], [4260, 4305], [4415, 4625], [4675, 4700], [4750, 4865], [5030, 5060], [5140, 5180], [5215, 5225], [5480, 5490], [5585, 5770], [5940, 5975], [6055, 6065], [6365, 6880], [6990, 7025], [7175, 7480], [7520, 7595], [7645, 7655], [7900, 7910], [8210, 8220], [8470, 8500], [8785, 8795], [8920, 8930], [9095, 9300], [9335, 9370], [9720, 9765], [9885, 10040], [10085, 10330], [10455, 10460], [10630, 10640], [10910, 10940], [11200, 11225], [11435, 11440], [11525, 11530], [11825, 12140], [12180, 12310], [12445, 12490], [12605, 12835], [12920, 13055]], "representative_frames": [5, 370, 605, 855, 900, 910, 925, 935, 950, 1200, 1480, 1530, 1570, 1715, 1835, 1875, 2130, 2135, 2195, 2200, 2275, 2295, 2370, 2395, 2445, 2455, 2520, 2525, 2630, 2755, 3010, 3040, 3215, 3220, 3325, 3335, 3635, 3650, 3660, 3665, 3670, 3685, 3925, 3935, 3945, 4060, 4080, 4260, 4305, 4415, 4560, 4625, 4675, 4700, 4750, 4860, 4865, 5030, 5060, 5140, 5180, 5215, 5225, 5480, 5490, 5585, 5770, 5940, 5975, 5990, 6055, 6065, 6085, 6365, 6370, 6385, 6400, 6415, 6650, 6660, 6880, 6990, 7005, 7025, 7175, 7420, 7480, 7520, 7595, 7645, 7655, 7900, 7910, 8030, 8210, 8220, 8470, 8500, 8785, 8795, 8920, 8930, 9095, 9105, 9115, 9145, 9300, 9335, 9370, 9405, 9720, 9765, 9845, 9885, 10030, 10040, 10085, 10330, 10455, 10460, 10630, 10640, 10690, 10910, 10930, 10940, 11200, 11225, 11435, 11440, 11525, 11530, 11825, 11850, 11860, 11885, 12130, 12140, 12180, 12310, 12445, 12490, 12605, 12835, 12920, 13035, 13055], "representative_frames_count": 147, "static_frames": [5, 370, 605, 900, 910, 925, 935, 950, 1200, 1530, 1835, 2130, 2135, 2445, 3335, 3635, 3650, 3660, 3665, 3670, 3685, 3925, 3935, 4260, 4560, 4860, 5180, 5585, 5990, 6085, 6370, 6385, 6400, 6415, 6650, 6660, 7005, 7420, 8030, 8795, 9105, 9115, 9145, 9405, 9845, 10030, 10330, 10690, 10930, 11530, 11825, 11850, 11860, 11885, 12130, 12445, 13035], "static_frames_count": 57}