{"camera_movement_sequences": [[570, 655], [805, 845], [1010, 1020], [1490, 1525], [2825, 2855], [3065, 3080], [3120, 3145], [3225, 3265], [3305, 3360], [3410, 3455], [3725, 3735], [5255, 5260], [7995, 8040], [8255, 8290]], "foi_count_frames": 4775, "foi_count_seconds": 159.16667, "foi_pct": 0.37183, "foi_sequences": [[425, 2820], [2860, 2915], [3070, 3790], [3960, 4045], [4080, 4085], [4325, 5320], [5465, 5525], [7640, 8045], [8225, 8280]], "representative_frames": [5, 425, 580, 595, 610, 615, 620, 635, 710, 825, 855, 865, 880, 930, 1025, 2820, 2860, 2915, 3070, 3155, 3420, 3460, 3630, 3740, 3755, 3790, 3960, 4025, 4045, 4080, 4085, 4325, 4340, 4625, 4635, 4655, 4665, 4675, 4680, 4720, 4735, 4800, 4850, 4930, 4935, 4940, 5120, 5230, 5235, 5240, 5270, 5320, 5465, 5525, 7640, 7660, 7675, 7960, 7965, 7970, 7975, 7985, 7990, 8045, 8225, 8280], "representative_frames_count": 66, "static_frames": [5, 425, 580, 595, 610, 615, 620, 635, 710, 825, 855, 865, 880, 930, 1025, 2860, 3155, 3420, 3460, 3630, 3740, 3755, 3960, 4025, 4325, 4340, 4625, 4635, 4655, 4665, 4675, 4680, 4720, 4735, 4800, 4850, 4930, 4935, 4940, 5120, 5230, 5235, 5240, 5270, 7640, 7660, 7675, 7960, 7965, 7970, 7975, 7985, 7990, 8225], "static_frames_count": 54}