{"camera_movement_sequences": [[290, 305], [585, 600], [890, 900], [945, 950], [1185, 1210], [1485, 1540], [1820, 1825], [2120, 2135], [2415, 2440], [2635, 2750], [2950, 2955], [2995, 3000], [3045, 3060], [3095, 3135]], "foi_count_frames": 2215, "foi_count_seconds": 73.83333, "foi_pct": 0.65301, "foi_sequences": [[5, 380], [540, 665], [840, 970], [1140, 1570], [1710, 2410], [2445, 2630], [2685, 2705], [2945, 3190], [3360, 3385]], "representative_frames": [5, 35, 315, 380, 540, 610, 665, 840, 910, 920, 930, 935, 940, 960, 970, 1140, 1205, 1495, 1525, 1570, 1710, 1835, 2140, 2410, 2445, 2630, 2685, 2690, 2705, 2760, 2890, 2945, 2960, 3010, 3065, 3100, 3145, 3190, 3360, 3385], "representative_frames_count": 40, "static_frames": [5, 35, 315, 610, 910, 920, 930, 935, 940, 960, 1205, 1495, 1525, 1835, 2140, 2445, 2630, 2685, 2690, 2705, 2760, 2890, 2960, 3010, 3065, 3100, 3145], "static_frames_count": 27}