{"camera_movement_sequences": [[5, 45], [5175, 5200], [7945, 7950], [8225, 8265]], "foi_count_frames": 745, "foi_count_seconds": 24.83333, "foi_pct": 0.08416, "foi_sequences": [[50, 100], [5180, 5550], [5785, 5795], [7955, 8270]], "representative_frames": [15, 50, 100, 5180, 5185, 5205, 5215, 5505, 5515, 5520, 5535, 5550, 5670, 5785, 5795, 7955, 7960, 8250, 8270], "representative_frames_count": 19, "static_frames": [15, 50, 5185, 5205, 5215, 5505, 5515, 5520, 5535, 5670, 7960, 8250, 8270], "static_frames_count": 13}