{"camera_movement_sequences": [[100, 115], [420, 430], [710, 730], [5545, 5580], [5860, 5895], [6170, 6220], [8290, 8335], [8610, 8670]], "foi_count_frames": 1465, "foi_count_seconds": 48.833333333333336, "foi_pct": 0.13714660175997004, "foi_sequences": [[120, 480], [600, 735], [5550, 5855], [5900, 5910], [5945, 5950], [6060, 6225], [8295, 8605], [8660, 8690], [8795, 8940]], "representative_frames": [120, 400, 410, 440, 480, 600, 735, 5550, 5555, 5570, 5605, 5855, 5900, 5910, 5945, 5950, 5970, 6060, 6225, 8295, 8300, 8340, 8605, 8660, 8690, 8795, 8940], "representative_frames_count": 27, "static_frames": [120, 400, 410, 440, 5555, 5570, 5605, 5970, 8300, 8340, 8795], "static_frames_count": 11}