{"camera_movement_sequences": [[595, 605], [895, 910], [1195, 1210], [1490, 1495], [1795, 1830], [2125, 2130]], "foi_count_frames": 1385, "foi_count_seconds": 46.16667, "foi_pct": 0.59239, "foi_sequences": [[5, 90], [500, 510], [590, 630], [890, 1885], [2015, 2165], [2210, 2315]], "representative_frames": [5, 90, 370, 500, 510, 590, 615, 630, 890, 920, 1220, 1230, 1240, 1250, 1355, 1500, 1510, 1550, 1805, 1840, 1885, 2015, 2140, 2165, 2210, 2315], "representative_frames_count": 26, "static_frames": [5, 370, 615, 920, 1220, 1230, 1240, 1250, 1355, 1500, 1510, 1550, 1805, 1840, 2140], "static_frames_count": 15}