{"camera_movement_sequences": [[565, 575], [865, 880], [1165, 1170], [2095, 2105], [2405, 2415], [2695, 2710]], "foi_count_frames": 770, "foi_count_seconds": 25.66667, "foi_pct": 0.28236, "foi_sequences": [[580, 585], [1175, 1630], [1720, 1860], [1985, 2110], [2155, 2165], [2240, 2245], [2390, 2420]], "representative_frames": [5, 340, 580, 585, 890, 1175, 1185, 1195, 1205, 1210, 1215, 1220, 1230, 1465, 1480, 1490, 1630, 1720, 1765, 1770, 1780, 1795, 1810, 1860, 1985, 2110, 2155, 2165, 2240, 2245, 2390, 2400, 2420, 2720], "representative_frames_count": 34, "static_frames": [5, 340, 585, 890, 1175, 1185, 1195, 1205, 1210, 1215, 1220, 1230, 1465, 1480, 1490, 1765, 1770, 1780, 1795, 1810, 2110, 2400, 2420, 2720], "static_frames_count": 24}