{"camera_movement_sequences": [[585, 600], [885, 900], [1185, 1200], [1485, 1520]], "foi_count_frames": 500, "foi_count_seconds": 16.666666666666668, "foi_pct": 0.28216704288939054, "foi_sequences": [[520, 555], [605, 610], [965, 980], [1035, 1120], [1205, 1525], [1730, 1770]], "representative_frames": [5, 370, 520, 555, 605, 610, 910, 965, 980, 1035, 1120, 1205, 1220, 1230, 1235, 1240, 1245, 1495, 1500, 1505, 1510, 1525, 1730, 1770], "representative_frames_count": 24, "static_frames": [5, 370, 605, 910, 1205, 1220, 1230, 1235, 1240, 1245, 1495, 1500, 1505, 1510], "static_frames_count": 14}