{"camera_movement_sequences": [[915, 930], [1210, 1245], [1495, 1510]], "foi_count_frames": 290, "foi_count_seconds": 9.66667, "foi_pct": 0.10615, "foi_sequences": [[920, 1205], [1250, 1255], [1500, 1505]], "representative_frames": [920, 935, 1205, 1250, 1255], "representative_frames_count": 5, "static_frames": [920, 935, 1250], "static_frames_count": 3}