{"camera_movement_sequences": [[45, 60], [645, 735], [945, 965], [1245, 1260]], "foi_count_frames": 755, "foi_count_seconds": 25.16667, "foi_pct": 0.58437, "foi_sequences": [[40, 65], [100, 105], [540, 1265]], "representative_frames": [5, 40, 65, 70, 100, 105, 540, 545, 670, 685, 695, 710, 745, 970, 1265, 1270], "representative_frames_count": 16, "static_frames": [5, 70, 545, 670, 685, 695, 710, 745, 970, 1270], "static_frames_count": 10}