{"camera_movement_sequences": [[875, 885], [2035, 2040], [2080, 2095], [2130, 2160], [2200, 2260], [2970, 3125], [3160, 3165], [3220, 3285]], "foi_count_frames": 2735, "foi_count_seconds": 91.16667, "foi_pct": 0.82829, "foi_sequences": [[5, 65], [420, 2125], [2165, 2325], [2490, 3300]], "representative_frames": [5, 65, 420, 895, 2045, 2105, 2125, 2165, 2170, 2225, 2265, 2325, 2490, 2990, 3030, 3045, 3095, 3130, 3175, 3240, 3290, 3300], "representative_frames_count": 22, "static_frames": [5, 895, 2045, 2105, 2170, 2225, 2265, 2990, 3030, 3045, 3095, 3130, 3175, 3240, 3290], "static_frames_count": 15}