{"camera_movement_sequences": [], "foi_count_frames": 9235, "foi_count_seconds": 153.91666666666666, "foi_pct": 0.08541356443244143, "foi_sequences": [[63090, 64070], [64205, 64395], [65490, 66270], [67755, 67780], [67890, 68715], [68970, 69040], [69200, 69435], [69510, 69555], [69630, 69890], [70310, 70455], [70760, 71140], [71475, 72390], [73445, 73830], [74235, 75295], [75460, 76780], [80055, 80115], [80405, 80500], [86835, 87950], [88050, 88085], [88190, 88350], [88470, 88505], [89430, 89550]], "representative_frames": [5, 63090, 64070, 64205, 64395, 65490, 66270, 67755, 67780, 67890, 68715, 68970, 69040, 69200, 69435, 69510, 69555, 69630, 69890, 70310, 70455, 70760, 71140, 71475, 72390, 73445, 73830, 74235, 75295, 75460, 75680, 75715, 76220, 76340, 76780, 80055, 80115, 80405, 80500, 86835, 87075, 87705, 87950, 88050, 88085, 88190, 88350, 88470, 88505, 89430, 89550], "representative_frames_count": 51, "static_frames": [5, 75680, 75715, 76220, 76340, 87075, 87705], "static_frames_count": 7}