{"camera_movement_sequences": [], "foi_count_frames": 10, "foi_count_seconds": 0.16666666666666666, "foi_pct": 9.248897069024518e-05, "foi_sequences": [[89345, 89350], [93065, 93070]], "representative_frames": [5, 89345, 89350, 93065, 93070], "representative_frames_count": 5, "static_frames": [5], "static_frames_count": 1}