{"camera_movement_sequences": [[15, 40], [980, 990], [1290, 1325], [8680, 8715], [8795, 8820], [11565, 11580], [11795, 11815], [11895, 11930], [22115, 22155], [22670, 22720], [24910, 24935], [25985, 26020], [26510, 26515], [31785, 31790], [32190, 32370], [32715, 32725], [33210, 33225], [33265, 33335], [33505, 33525], [33990, 34060], [34125, 34200], [34545, 34600], [34715, 34755], [35430, 35470], [35710, 35815], [35905, 35940], [35975, 36170], [36515, 36595], [36675, 36700], [36795, 36835], [36915, 37015], [37390, 37460], [37995, 38055], [38220, 38240], [38310, 38335], [38715, 38755], [38800, 38845], [40480, 40495], [40925, 40970], [43945, 43955], [44235, 44260], [45095, 45105], [46840, 46880], [50075, 50125], [50535, 50540], [50595, 50865], [51055, 51100], [51140, 51170], [51555, 51585], [51670, 51675], [52275, 52350], [53900, 53910]], "foi_count_frames": 13225, "foi_count_seconds": 440.83333, "foi_pct": 0.24463, "foi_sequences": [[5, 55], [975, 1330], [8040, 8845], [9585, 9765], [9865, 9895], [9955, 10850], [10915, 10965], [11310, 11950], [21960, 22180], [22680, 22930], [23650, 23685], [23750, 23755], [24670, 24705], [24825, 24955], [25810, 26025], [26395, 26555], [31630, 31840], [32185, 32225], [32275, 32375], [32535, 32740], [32780, 32895], [33050, 33130], [33165, 34415], [34455, 34840], [34910, 34935], [35280, 35540], [35575, 35705], [35740, 37845], [37975, 38570], [38650, 39025], [39220, 39265], [39390, 39415], [40270, 40325], [40435, 40635], [40700, 40720], [40810, 41210], [41455, 41555], [43715, 43745], [43805, 43960], [44230, 44395], [45005, 45270], [46735, 46885], [49895, 49935], [49990, 50130], [50500, 50590], [50640, 51385], [51460, 51800], [52175, 52355], [53895, 54045]], "representative_frames": [5, 55, 975, 1330, 8040, 8845, 9585, 9765, 9865, 9895, 9955, 10850, 10915, 10965, 11310, 11950, 21960, 22180, 22680, 22930, 23650, 23685, 23750, 23755, 24670, 24705, 24825, 24955, 25810, 26025, 26395, 26555, 31630, 31840, 32185, 32225, 32275, 32375, 32535, 32740, 32780, 32895, 33050, 33130, 33165, 34415, 34455, 34840, 34910, 34935, 35280, 35540, 35575, 35705, 35740, 35985, 36185, 36505, 36570, 36670, 36720, 36995, 37285, 37330, 37845, 37975, 38110, 38125, 38570, 38650, 39025, 39220, 39265, 39390, 39415, 40270, 40325, 40435, 40635, 40700, 40720, 40810, 40875, 41210, 41455, 41555, 43715, 43745, 43805, 43960, 44230, 44270, 44395, 45005, 45270, 46735, 46885, 49895, 49935, 49990, 50130, 50500, 50590, 50640, 50695, 50820, 51385, 51460, 51800, 52175, 52245, 52355, 53895, 54005, 54045], "representative_frames_count": 115, "static_frames": [5, 35985, 36185, 36505, 36570, 36670, 36720, 36995, 37285, 37330, 38110, 38125, 40875, 44270, 50695, 50820, 52245, 54005], "static_frames_count": 18}