{"camera_movement_sequences": [[74280, 74350], [74690, 74760], [87445, 87470], [89300, 89350], [89660, 89700], [98535, 98600], [100310, 100380], [102710, 102815], [103725, 103750], [107375, 107400]], "foi_count_frames": 10385, "foi_count_seconds": 173.08333333333334, "foi_pct": 0.09604979606181963, "foi_sequences": [[58530, 58810], [63850, 63910], [64200, 64280], [67110, 68015], [68195, 68580], [69540, 69985], [70065, 70150], [70305, 70620], [70740, 71115], [71290, 71385], [74100, 74355], [74680, 74960], [87425, 87550], [88050, 89505], [89655, 89865], [90155, 90250], [95490, 95495], [98490, 98805], [100055, 100605], [101300, 103790], [105945, 106450], [106640, 106965], [107060, 107470], [107760, 108100]], "representative_frames": [5, 58530, 58810, 63850, 63910, 64200, 64280, 67110, 68015, 68195, 68580, 69540, 69985, 70065, 70150, 70305, 70620, 70740, 71115, 71290, 71385, 74100, 74355, 74680, 74960, 87425, 87550, 88050, 88755, 89040, 89065, 89130, 89160, 89505, 89655, 89710, 89865, 90155, 90250, 95490, 95495, 98490, 98805, 100055, 100320, 100340, 100500, 100605, 101300, 103635, 103790, 105945, 106210, 106450, 106640, 106875, 106965, 107060, 107195, 107470, 107760, 107915, 108100], "representative_frames_count": 63, "static_frames": [5, 88755, 89040, 89065, 89130, 89160, 89710, 100320, 100340, 100500, 103635, 106210, 106875, 107195, 107915], "static_frames_count": 15}