{"camera_movement_sequences": [[33885, 33895], [34255, 34290], [37145, 37180], [37350, 37375], [43725, 43775], [44095, 44125], [44655, 44680], [44835, 44860], [49250, 49305], [50040, 50090], [50160, 50190], [50230, 50235], [51295, 51325], [51390, 51405], [51505, 51535], [51690, 51720], [51865, 51885], [53685, 53725], [54015, 54040]], "foi_count_frames": 5600, "foi_count_seconds": 186.66667, "foi_pct": 0.10358, "foi_sequences": [[29180, 29190], [29265, 29420], [31925, 31960], [32100, 32150], [33555, 34020], [34090, 34295], [34770, 35090], [35155, 35600], [35650, 35695], [37055, 37185], [37345, 37495], [43715, 43780], [44015, 44755], [44830, 44935], [45075, 45120], [47745, 47750], [49245, 49425], [50030, 50320], [50650, 51895], [52970, 53490], [53530, 53740], [53870, 54055]], "representative_frames": [5, 29180, 29190, 29265, 29420, 31925, 31960, 32100, 32150, 33555, 34020, 34090, 34295, 34770, 35090, 35155, 35600, 35650, 35695, 37055, 37185, 37345, 37495, 43715, 43780, 44015, 44380, 44520, 44540, 44565, 44585, 44755, 44830, 44905, 44935, 45075, 45120, 47745, 47750, 49245, 49425, 50030, 50155, 50165, 50195, 50260, 50275, 50320, 50650, 51895, 52970, 53490, 53530, 53640, 53740, 53870, 54055], "representative_frames_count": 57, "static_frames": [5, 44380, 44520, 44540, 44565, 44585, 44905, 50155, 50165, 50195, 50260, 50275, 53640], "static_frames_count": 13}