{"camera_movement_sequences": [[31600, 31635]], "foi_count_frames": 5365, "foi_count_seconds": 178.83333, "foi_pct": 0.09924, "foi_sequences": [[31530, 32200], [32745, 33165], [33835, 34380], [34470, 34525], [34600, 34960], [35155, 35255], [35380, 35650], [35695, 36225], [36270, 36280], [36720, 36900], [37115, 37690], [37725, 38390], [40030, 40065], [40200, 40255], [43415, 43980], [44025, 44055], [44100, 44275], [44715, 44775], [52325, 52390]], "representative_frames": [5, 31530, 32200, 32745, 33165, 33835, 34380, 34470, 34525, 34600, 34960, 35155, 35255, 35380, 35650, 35695, 36225, 36270, 36280, 36720, 36900, 37115, 37690, 37725, 37840, 37865, 37900, 37915, 38125, 38190, 38390, 40030, 40065, 40200, 40255, 43415, 43495, 43515, 43710, 43980, 44025, 44055, 44100, 44275, 44715, 44775, 52325, 52390], "representative_frames_count": 48, "static_frames": [5, 37840, 37865, 37900, 37915, 38125, 38190, 43495, 43515, 43710], "static_frames_count": 10}