{"camera_movement_sequences": [], "foi_count_frames": 1625, "foi_count_seconds": 27.083333333333332, "foi_pct": 0.015021122008485778, "foi_sequences": [[1940, 2570], [81405, 81825], [81920, 82030], [97090, 97555]], "representative_frames": [5, 1940, 2570, 81405, 81825, 81920, 82030, 97090, 97555], "representative_frames_count": 9, "static_frames": [5], "static_frames_count": 1}