{"camera_movement_sequences": [[2580, 2630], [17590, 17660], [23580, 23590], [49825, 49845], [52025, 52035], [64390, 64510], [64665, 64690], [65450, 65460], [66540, 66660], [68090, 68100], [68340, 68375], [69135, 69190], [69420, 69430], [70860, 70930], [71455, 71460], [71555, 71590], [72070, 72200], [72285, 72310]], "foi_count_frames": 25330, "foi_count_seconds": 422.1666666666667, "foi_pct": 0.23427456275839106, "foi_sequences": [[5, 100], [1945, 2650], [16080, 17675], [19170, 19520], [19760, 19785], [19920, 21670], [21825, 21890], [22620, 23890], [43920, 44355], [45335, 45780], [47295, 47365], [49380, 49395], [49655, 49905], [51685, 52040], [52785, 53100], [63250, 63670], [64370, 64750], [65100, 65470], [65555, 65780], [66105, 66250], [66360, 68820], [68925, 69670], [70570, 71050], [71145, 75680], [75945, 77060], [77290, 77865], [77940, 78010], [80545, 80640], [80870, 81210], [81615, 82405], [82910, 83100], [87420, 87480], [87710, 87915], [88455, 88765], [90000, 90505], [93495, 93770], [99780, 99865], [99975, 100235], [101005, 101820], [101895, 102735], [102915, 103585], [104355, 104690], [107790, 108085]], "representative_frames": [5, 100, 1945, 2650, 16080, 17675, 19170, 19520, 19760, 19785, 19920, 20385, 20435, 21670, 21825, 21890, 22620, 23000, 23500, 23890, 43920, 44355, 45335, 45610, 45780, 47295, 47365, 49380, 49395, 49655, 49905, 51685, 52040, 52785, 52840, 52885, 53100, 63250, 63670, 64370, 64575, 64650, 64750, 65100, 65470, 65555, 65780, 66105, 66250, 66360, 66615, 66690, 67045, 68820, 68925, 69010, 69670, 70570, 70800, 71050, 71145, 71470, 71515, 71550, 71860, 71950, 72325, 72680, 72950, 72970, 73005, 73035, 73070, 73105, 73140, 74040, 74590, 74675, 74745, 75680, 75945, 76235, 76695, 77060, 77290, 77680, 77710, 77865, 77940, 78010, 80545, 80640, 80870, 81015, 81210, 81615, 82405, 82910, 83100, 87420, 87480, 87710, 87915, 88455, 88765, 90000, 90505, 93495, 93770, 99780, 99865, 99975, 100235, 101005, 101405, 101430, 101820, 101895, 102150, 102195, 102735, 102915, 103585, 104355, 104690, 107790, 108085], "representative_frames_count": 127, "static_frames": [5, 20385, 20435, 23000, 23500, 45610, 52840, 52885, 64575, 64650, 66615, 66690, 67045, 69010, 70800, 71470, 71515, 71550, 71860, 71950, 72325, 72680, 72950, 72970, 73005, 73035, 73070, 73105, 73140, 74040, 74590, 74675, 74745, 76235, 76695, 77680, 77710, 81015, 101405, 101430, 102150, 102195], "static_frames_count": 42}