{"camera_movement_sequences": [], "foi_count_frames": 50, "foi_count_seconds": 0.8333333333333334, "foi_pct": 0.0004624619625035841, "foi_sequences": [[100150, 100200]], "representative_frames": [100150, 100200], "representative_frames_count": 2, "static_frames": [100150], "static_frames_count": 1}