{"camera_movement_sequences": [], "foi_count_frames": 820, "foi_count_seconds": 27.33333, "foi_pct": 0.01516, "foi_sequences": [[975, 1290], [40705, 40920], [40960, 41020], [48550, 48780]], "representative_frames": [5, 975, 1290, 40705, 40920, 40960, 41020, 48550, 48780], "representative_frames_count": 9, "static_frames": [5], "static_frames_count": 1}