{"camera_movement_sequences": [[28770, 28795], [28845, 28850]], "foi_count_frames": 940, "foi_count_seconds": 31.33333, "foi_pct": 0.01739, "foi_sequences": [[28660, 28975], [29040, 29115], [29725, 29750], [29855, 29880], [34590, 34800], [34835, 34905], [36035, 36205], [36300, 36350]], "representative_frames": [5, 28660, 28975, 29040, 29115, 29725, 29750, 29855, 29880, 34590, 34800, 34835, 34905, 36035, 36205, 36300, 36350], "representative_frames_count": 17, "static_frames": [5], "static_frames_count": 1}