{"camera_movement_sequences": [[57555, 57570]], "foi_count_frames": 1745, "foi_count_seconds": 29.083333333333332, "foi_pct": 0.016139325385447784, "foi_sequences": [[57315, 57940], [58110, 58180], [59450, 59500], [59730, 59750], [69175, 69600], [69665, 69795], [72070, 72400], [72605, 72700]], "representative_frames": [5, 57315, 57940, 58110, 58180, 59450, 59500, 59730, 59750, 69175, 69600, 69665, 69795, 72070, 72400, 72605, 72700], "representative_frames_count": 17, "static_frames": [5], "static_frames_count": 1}