{"camera_movement_sequences": [], "foi_count_frames": 1810, "foi_count_seconds": 60.33333, "foi_pct": 0.03348, "foi_sequences": [[3225, 3860], [3895, 3995], [11635, 11745], [11780, 11850], [11895, 12205], [15250, 15595], [15635, 15700], [15740, 15860], [28815, 28820], [32235, 32265], [32300, 32310], [42225, 42235]], "representative_frames": [5, 3225, 3860, 3895, 3995, 11635, 11745, 11780, 11850, 11895, 12205, 15250, 15595, 15635, 15700, 15740, 15860, 28815, 28820, 32235, 32265, 32300, 32310, 42225, 42235], "representative_frames_count": 25, "static_frames": [5], "static_frames_count": 1}