{"camera_movement_sequences": [], "foi_count_frames": 9145, "foi_count_seconds": 304.83333, "foi_pct": 0.16916, "foi_sequences": [[10670, 11395], [11810, 12740], [17305, 17400], [17435, 17570], [17660, 17990], [18140, 18225], [18275, 18395], [18525, 18980], [19055, 19100], [19265, 19305], [19350, 19415], [19455, 19570], [24120, 24170], [30840, 31345], [31385, 31480], [32735, 32935], [35045, 35455], [35515, 35795], [37085, 37395], [37535, 37545], [37600, 37905], [38195, 38255], [38290, 38970], [39015, 39220], [39540, 39660], [40785, 40885], [40920, 40985], [41025, 41190], [42405, 42740], [43540, 43795], [48730, 49100], [49285, 49305], [49355, 49445], [49710, 49870], [50550, 51075], [51655, 51685], [51760, 51820], [51935, 52320], [52365, 52580]], "representative_frames": [5, 10670, 11395, 11810, 12740, 17305, 17400, 17435, 17570, 17660, 17990, 18140, 18225, 18275, 18395, 18525, 18980, 19055, 19100, 19265, 19305, 19350, 19415, 19455, 19570, 24120, 24170, 30840, 31345, 31385, 31480, 32735, 32935, 35045, 35455, 35515, 35795, 37085, 37395, 37535, 37545, 37600, 37905, 38195, 38255, 38290, 38970, 39015, 39220, 39540, 39660, 40785, 40885, 40920, 40985, 41025, 41190, 42405, 42740, 43540, 43795, 48730, 49100, 49285, 49305, 49355, 49445, 49710, 49870, 50550, 51075, 51655, 51685, 51760, 51820, 51935, 52320, 52365, 52580], "representative_frames_count": 79, "static_frames": [5], "static_frames_count": 1}