{"camera_movement_sequences": [], "foi_count_frames": 155, "foi_count_seconds": 2.5833333333333335, "foi_pct": 0.0014335790456988004, "foi_sequences": [[37820, 37850], [38030, 38085], [39880, 39940], [42665, 42675]], "representative_frames": [5, 37820, 37850, 38030, 38085, 39880, 39940, 42665, 42675], "representative_frames_count": 9, "static_frames": [5], "static_frames_count": 1}