{"camera_movement_sequences": [], "foi_count_frames": 13205, "foi_count_seconds": 220.08333333333334, "foi_pct": 0.12213168579646877, "foi_sequences": [[70, 1040], [4685, 4690], [5470, 5660], [5745, 5865], [5950, 6475], [12395, 12790], [13055, 13235], [13320, 13570], [32410, 32580], [32795, 33840], [34090, 34235], [34340, 34575], [74770, 75885], [75970, 76040], [76580, 76605], [76735, 76845], [77050, 78585], [82460, 82905], [85785, 85975], [86040, 86160], [86250, 86840], [88375, 88740], [89110, 89155], [89805, 90070], [90335, 90645], [90935, 91560], [92690, 93155], [93240, 94095], [94160, 94330], [96600, 96730], [97210, 97810], [97930, 98540], [99095, 99120], [99780, 99800], [100100, 100390]], "representative_frames": [5, 70, 1040, 4685, 4690, 5470, 5660, 5745, 5865, 5950, 6475, 12395, 12790, 13055, 13235, 13320, 13570, 32410, 32580, 32795, 33840, 34090, 34235, 34340, 34575, 74770, 75885, 75970, 76040, 76580, 76605, 76735, 76845, 77050, 78585, 82460, 82905, 85785, 85975, 86040, 86160, 86250, 86840, 88375, 88740, 89110, 89155, 89805, 90070, 90335, 90645, 90935, 91560, 92690, 93155, 93240, 94095, 94160, 94330, 96600, 96730, 97210, 97810, 97930, 98540, 99095, 99120, 99780, 99800, 100100, 100390], "representative_frames_count": 71, "static_frames": [5], "static_frames_count": 1}