{"camera_movement_sequences": [[21035, 21060], [21700, 21710], [21775, 21780], [21875, 21885], [21930, 22000], [45915, 45920]], "foi_count_frames": 50, "foi_count_seconds": 1.66667, "foi_pct": 0.00093, "foi_sequences": [[21055, 21065], [21705, 21715], [21980, 22005], [42620, 42625]], "representative_frames": [21055, 21065, 21705, 21715, 21980, 22005, 22810, 42620, 42625], "representative_frames_count": 9, "static_frames": [21055, 22810], "static_frames_count": 2}