{"camera_movement_sequences": [], "foi_count_frames": 2960, "foi_count_seconds": 49.333333333333336, "foi_pct": 0.027376735324312576, "foi_sequences": [[4310, 4835], [4910, 5160], [6515, 7020], [7095, 7105], [7285, 7440], [17970, 18065], [23980, 24075], [24270, 24305], [24580, 24620], [37110, 37170], [41130, 41140], [46350, 46385], [49565, 49695], [52490, 52540], [52695, 52760], [59565, 59630], [59765, 59850], [78990, 79050], [85635, 85650], [96150, 96700], [97110, 97185], [102990, 103015], [103180, 103205]], "representative_frames": [5, 4310, 4835, 4910, 5160, 6515, 7020, 7095, 7105, 7285, 7440, 17970, 18065, 23980, 24075, 24270, 24305, 24580, 24620, 37110, 37170, 41130, 41140, 46350, 46385, 49565, 49695, 52490, 52540, 52695, 52760, 59565, 59630, 59765, 59850, 78990, 79050, 85635, 85650, 96150, 96700, 97110, 97185, 102990, 103015, 103180, 103205], "representative_frames_count": 47, "static_frames": [5], "static_frames_count": 1}