{"camera_movement_sequences": [], "foi_count_frames": 4300, "foi_count_seconds": 71.66666666666667, "foi_pct": 0.03977025739680543, "foi_sequences": [[91680, 91920], [92055, 92175], [92775, 93480], [102925, 103120], [103215, 103320], [103405, 104615], [104835, 104845], [105290, 105385], [105455, 105470], [105735, 105865], [106165, 106955], [107210, 107535], [107665, 108025]], "representative_frames": [5, 91680, 91920, 92055, 92175, 92775, 93480, 102925, 103120, 103215, 103320, 103405, 104615, 104835, 104845, 105290, 105385, 105455, 105470, 105735, 105865, 106165, 106955, 107210, 107535, 107665, 108025], "representative_frames_count": 27, "static_frames": [5], "static_frames_count": 1}