{"camera_movement_sequences": [], "foi_count_frames": 4610, "foi_count_seconds": 76.83333333333333, "foi_pct": 0.04263741548820303, "foi_sequences": [[9895, 11205], [11325, 11465], [11595, 11705], [11815, 12065], [12930, 12970], [13060, 13170], [17010, 17105], [17205, 18555], [53120, 53145], [53230, 53240], [53950, 54020], [67635, 67665], [86840, 86900], [91040, 91240], [91330, 91470], [91580, 92250]], "representative_frames": [5, 9895, 11205, 11325, 11465, 11595, 11705, 11815, 12065, 12930, 12970, 13060, 13170, 17010, 17105, 17205, 18555, 53120, 53145, 53230, 53240, 53950, 54020, 67635, 67665, 86840, 86900, 91040, 91240, 91330, 91470, 91580, 92250], "representative_frames_count": 33, "static_frames": [5], "static_frames_count": 1}