{"camera_movement_sequences": [], "foi_count_frames": 7520, "foi_count_seconds": 125.33333333333333, "foi_pct": 0.06955170595906437, "foi_sequences": [[310, 935], [1030, 1175], [1320, 2605], [2685, 2880], [10415, 11195], [11940, 11955], [12255, 12600], [83835, 84480], [84575, 84685], [84975, 85020], [85105, 85320], [86940, 86955], [87050, 87075], [87160, 87205], [87275, 87695], [88320, 88705], [92675, 92860], [92940, 93050], [93145, 93705], [97950, 98535], [98735, 98855], [98925, 99120], [107475, 107690], [107775, 107895], [107985, 108120]], "representative_frames": [5, 310, 935, 1030, 1175, 1320, 2605, 2685, 2880, 10415, 11195, 11940, 11955, 12255, 12600, 83835, 84480, 84575, 84685, 84975, 85020, 85105, 85320, 86940, 86955, 87050, 87075, 87160, 87205, 87275, 87695, 88320, 88705, 92675, 92860, 92940, 93050, 93145, 93705, 97950, 98535, 98735, 98855, 98925, 99120, 107475, 107690, 107775, 107895, 107985, 108120], "representative_frames_count": 51, "static_frames": [5], "static_frames_count": 1}