{"camera_movement_sequences": [], "foi_count_frames": 4445, "foi_count_seconds": 74.08333333333333, "foi_pct": 0.04111134747181398, "foi_sequences": [[21840, 22530], [22635, 22740], [22860, 23100], [46525, 46740], [46850, 46955], [47055, 47125], [47220, 47645], [63480, 63525], [98380, 98590], [98685, 98840], [98985, 101170]], "representative_frames": [5, 21840, 22530, 22635, 22740, 22860, 23100, 46525, 46740, 46850, 46955, 47055, 47125, 47220, 47645, 63480, 63525, 98380, 98590, 98685, 98840, 98985, 101170], "representative_frames_count": 23, "static_frames": [5], "static_frames_count": 1}