{"camera_movement_sequences": [[42065, 42110], [42245, 42260], [43395, 43415], [43550, 43565], [43740, 43765], [43850, 43995], [85240, 85245], [86460, 86465]], "foi_count_frames": 220, "foi_count_seconds": 3.6666666666666665, "foi_pct": 0.002035887137820305, "foi_sequences": [[42070, 42115], [43400, 43420], [43745, 43770], [43870, 44000]], "representative_frames": [42070, 42115, 43400, 43420, 43745, 43770, 43870, 43945, 44000], "representative_frames_count": 9, "static_frames": [42070, 43945], "static_frames_count": 2}