{"camera_movement_sequences": [], "foi_count_frames": 3815, "foi_count_seconds": 127.16667, "foi_pct": 0.07057, "foi_sequences": [[5465, 5495], [17985, 17990], [19865, 19990], [20030, 20105], [20150, 20460], [22545, 22645], [22685, 22750], [22805, 23020], [23550, 23570], [26685, 26705], [26760, 26870], [27215, 27620], [27655, 27705], [27770, 27815], [30285, 30375], [30445, 31005], [33365, 33405], [34290, 34315], [34705, 34715], [34990, 35375], [37295, 37315], [45455, 45485], [45545, 45565], [47400, 47435], [47520, 47555], [51350, 51470], [51505, 51575], [51630, 51950], [53225, 53425], [53465, 53745]], "representative_frames": [5, 5465, 5495, 17985, 17990, 19865, 19990, 20030, 20105, 20150, 20460, 22545, 22645, 22685, 22750, 22805, 23020, 23550, 23570, 26685, 26705, 26760, 26870, 27215, 27620, 27655, 27705, 27770, 27815, 30285, 30375, 30445, 31005, 33365, 33405, 34290, 34315, 34705, 34715, 34990, 35375, 37295, 37315, 45455, 45485, 45545, 45565, 47400, 47435, 47520, 47555, 51350, 51470, 51505, 51575, 51630, 51950, 53225, 53425, 53465, 53745], "representative_frames_count": 61, "static_frames": [5], "static_frames_count": 1}