{"camera_movement_sequences": [], "foi_count_frames": 1250, "foi_count_seconds": 41.66667, "foi_pct": 0.02311, "foi_sequences": [[110, 155], [215, 260], [725, 845], [3285, 3295], [7460, 7595], [7650, 7690], [9030, 9040], [9710, 9720], [9805, 9815], [10640, 10670], [12965, 13020], [13070, 13145], [15750, 15810], [19715, 19725], [23795, 23845], [27590, 27595], [27855, 27860], [36415, 36435], [36555, 36575], [36835, 36850], [37250, 37320], [37515, 37525], [38790, 38810], [44325, 44360], [44405, 44510], [45125, 45145], [51985, 52205]], "representative_frames": [5, 110, 155, 215, 260, 725, 845, 3285, 3295, 7460, 7595, 7650, 7690, 9030, 9040, 9710, 9720, 9805, 9815, 10640, 10670, 12965, 13020, 13070, 13145, 15750, 15810, 19715, 19725, 23795, 23845, 27590, 27595, 27855, 27860, 32225, 36415, 36435, 36555, 36575, 36835, 36850, 37250, 37320, 37515, 37525, 38790, 38810, 44325, 44360, 44405, 44510, 45125, 45145, 51985, 52205], "representative_frames_count": 56, "static_frames": [5, 32225], "static_frames_count": 2}