{"camera_movement_sequences": [], "foi_count_frames": 1495, "foi_count_seconds": 49.83333, "foi_pct": 0.02765, "foi_sequences": [[24595, 25025], [37070, 37095], [38290, 38345], [38380, 38385], [38560, 38710], [39160, 39195], [39450, 39745], [39785, 39805], [39920, 39965], [40000, 40020], [40065, 40180], [40565, 40575], [40865, 40875], [42085, 42095], [44400, 44665], [44705, 44710]], "representative_frames": [5, 24595, 25025, 37070, 37095, 38290, 38345, 38380, 38385, 38560, 38710, 39160, 39195, 39450, 39745, 39785, 39805, 39920, 39965, 40000, 40020, 40065, 40180, 40565, 40575, 40865, 40875, 42085, 42095, 44400, 44665, 44705, 44710], "representative_frames_count": 33, "static_frames": [5], "static_frames_count": 1}