{"camera_movement_sequences": [], "foi_count_frames": 1210, "foi_count_seconds": 40.33333, "foi_pct": 0.02238, "foi_sequences": [[5, 15], [155, 370], [460, 490], [545, 625], [660, 790], [1120, 1125], [1240, 1250], [1625, 1655], [1880, 1910], [1955, 1960], [2080, 2100], [5375, 5765], [5810, 5875], [5920, 6045], [6400, 6405], [12785, 12790], [29645, 29660], [29735, 29775]], "representative_frames": [5, 15, 155, 370, 460, 490, 545, 625, 660, 790, 1120, 1125, 1240, 1250, 1625, 1655, 1880, 1910, 1955, 1960, 2080, 2100, 5375, 5765, 5810, 5875, 5920, 6045, 6400, 6405, 12785, 12790, 29645, 29660, 29735, 29775], "representative_frames_count": 36, "static_frames": [5], "static_frames_count": 1}