{"camera_movement_sequences": [], "foi_count_frames": 35, "foi_count_seconds": 0.5833333333333334, "foi_pct": 0.00032371139741585816, "foi_sequences": [[31450, 31480], [32005, 32010]], "representative_frames": [5, 31450, 31480, 32005, 32010], "representative_frames_count": 5, "static_frames": [5], "static_frames_count": 1}