{"camera_movement_sequences": [], "foi_count_frames": 9935, "foi_count_seconds": 165.58333333333334, "foi_pct": 0.09193881233747606, "foi_sequences": [[655, 835], [910, 1015], [1100, 1650], [4125, 4785], [4880, 5000], [5085, 5305], [6150, 6355], [6430, 6560], [6655, 7220], [9175, 10245], [27010, 29265], [30175, 30250], [31520, 31990], [33500, 33510], [38900, 38985], [51165, 51320], [51385, 51480], [51560, 52035], [66180, 66345], [66420, 66515], [66595, 67100], [71100, 71110], [71280, 71290], [88365, 88530], [88605, 88710], [88795, 89325], [98100, 98280], [98350, 98455], [98530, 99170]], "representative_frames": [5, 655, 835, 910, 1015, 1100, 1650, 4125, 4785, 4880, 5000, 5085, 5305, 6150, 6355, 6430, 6560, 6655, 7220, 9175, 10245, 27010, 29265, 30175, 30250, 31520, 31990, 33500, 33510, 38900, 38985, 51165, 51320, 51385, 51480, 51560, 52035, 66180, 66345, 66420, 66515, 66595, 67100, 71100, 71110, 71280, 71290, 88365, 88530, 88605, 88710, 88795, 89325, 98100, 98280, 98350, 98455, 98530, 99170], "representative_frames_count": 59, "static_frames": [5], "static_frames_count": 1}