{"camera_movement_sequences": [], "foi_count_frames": 2150, "foi_count_seconds": 35.833333333333336, "foi_pct": 0.019885128698402716, "foi_sequences": [[5760, 6670], [6755, 6850], [6935, 7125], [25680, 25885], [25980, 26085], [26160, 26745], [38530, 38590]], "representative_frames": [5, 5760, 6670, 6755, 6850, 6935, 7125, 25680, 25885, 25980, 26085, 26160, 26745, 38530, 38590], "representative_frames_count": 15, "static_frames": [5], "static_frames_count": 1}