{"camera_movement_sequences": [[20070, 20085]], "foi_count_frames": 85, "foi_count_seconds": 2.8333333333333335, "foi_pct": 0.0015738700538819041, "foi_sequences": [[20015, 20045], [20080, 20135]], "representative_frames": [5, 20015, 20045, 20080, 20090, 20095, 20115, 20130, 20135, 23405, 23420, 23490], "representative_frames_count": 12, "static_frames": [5, 20090, 20095, 20115, 20130, 20135, 23405, 23420, 23490], "static_frames_count": 9}