{"camera_movement_sequences": [], "foi_count_frames": 4865, "foi_count_seconds": 81.08333333333333, "foi_pct": 0.044995884240804286, "foi_sequences": [[10, 125], [425, 495], [1310, 2020], [2175, 2250], [2800, 2850], [3810, 3845], [3965, 3990], [5730, 6585], [6870, 7005], [12790, 12835], [13880, 14060], [14340, 14370], [15225, 16680], [18980, 19065], [29505, 29610], [29720, 29745], [32420, 32540], [33225, 33430], [37870, 37880], [52815, 52880], [58570, 58605], [77700, 77875], [89730, 89760], [93190, 93320], [103315, 103330], [105225, 105310]], "representative_frames": [5, 10, 125, 425, 495, 1310, 2020, 2175, 2250, 2800, 2850, 3810, 3845, 3965, 3990, 5730, 6585, 6870, 7005, 12790, 12835, 13880, 14060, 14340, 14370, 15225, 16680, 18980, 19065, 29505, 29610, 29720, 29745, 32420, 32540, 33225, 33430, 37870, 37880, 52815, 52880, 58570, 58605, 77700, 77875, 89730, 89760, 93190, 93320, 103315, 103330, 105225, 105310], "representative_frames_count": 53, "static_frames": [5], "static_frames_count": 1}