{"camera_movement_sequences": [], "foi_count_frames": 2545, "foi_count_seconds": 84.83333, "foi_pct": 0.04708, "foi_sequences": [[45845, 45970], [46015, 46090], [46285, 46335], [46385, 46745], [51465, 51565], [51605, 51665], [51705, 52435], [52645, 52750], [52855, 52940], [53075, 53545], [53595, 53795], [53830, 54015]], "representative_frames": [5, 45845, 45970, 46015, 46090, 46285, 46335, 46385, 46745, 51465, 51565, 51605, 51665, 51705, 52435, 52645, 52750, 52855, 52940, 53075, 53545, 53595, 53795, 53830, 54015], "representative_frames_count": 25, "static_frames": [5], "static_frames_count": 1}