{"camera_movement_sequences": [], "foi_count_frames": 2575, "foi_count_seconds": 42.916666666666664, "foi_pct": 0.023815909952738135, "foi_sequences": [[10760, 10980], [11215, 11230], [11385, 11400], [12900, 12945], [22440, 22460], [23060, 23085], [26310, 26325], [26410, 26445], [26600, 26660], [29445, 29455], [33560, 33610], [33715, 33885], [34760, 34785], [42770, 42885], [43975, 44010], [56580, 56755], [56840, 57080], [68770, 68780], [77685, 77710], [89430, 89595], [89790, 89955], [95310, 95345], [99765, 100230], [100305, 100710], [102105, 102140]], "representative_frames": [5, 10760, 10980, 11215, 11230, 11385, 11400, 12900, 12945, 22440, 22460, 23060, 23085, 26310, 26325, 26410, 26445, 26600, 26660, 29445, 29455, 33560, 33610, 33715, 33885, 34760, 34785, 42770, 42885, 43975, 44010, 56580, 56755, 56840, 57080, 68770, 68780, 77685, 77710, 89430, 89595, 89790, 89955, 95310, 95345, 99765, 100230, 100305, 100710, 102105, 102140], "representative_frames_count": 51, "static_frames": [5], "static_frames_count": 1}