{"camera_movement_sequences": [], "foi_count_frames": 2470, "foi_count_seconds": 41.166666666666664, "foi_pct": 0.02284477576049056, "foi_sequences": [[6730, 6740], [9235, 9285], [9360, 9370], [9440, 9450], [9920, 10030], [10170, 10340], [10630, 10665], [10930, 11250], [11815, 11865], [23300, 23360], [42140, 42150], [42535, 42810], [44505, 44540], [63580, 63605], [63700, 63855], [64060, 64110], [72365, 72545], [73170, 73365], [73455, 73470], [74325, 74355], [74430, 74525], [74610, 74680], [74765, 74810], [74910, 75015], [77370, 77380], [81825, 81885], [87620, 87645], [89265, 89410], [100040, 100075], [104120, 104145], [105080, 105105], [107625, 107660]], "representative_frames": [5, 6730, 6740, 9235, 9285, 9360, 9370, 9440, 9450, 9920, 10030, 10170, 10340, 10630, 10665, 10930, 11250, 11815, 11865, 23300, 23360, 42140, 42150, 42535, 42810, 44505, 44540, 63580, 63605, 63700, 63855, 64060, 64110, 72365, 72545, 73170, 73365, 73455, 73470, 74325, 74355, 74430, 74525, 74610, 74680, 74765, 74810, 74910, 75015, 77370, 77380, 81825, 81885, 87620, 87645, 89265, 89410, 100040, 100075, 104120, 104145, 105080, 105105, 107625, 107660], "representative_frames_count": 65, "static_frames": [5], "static_frames_count": 1}