{"camera_movement_sequences": [], "foi_count_frames": 605, "foi_count_seconds": 10.083333333333334, "foi_pct": 0.005595582726759834, "foi_sequences": [[26860, 26945], [27320, 27340], [100805, 100875], [101140, 101250], [101370, 101680], [104860, 104870]], "representative_frames": [5, 26860, 26945, 27320, 27340, 100805, 100875, 101140, 101250, 101370, 101680, 104860, 104870], "representative_frames_count": 13, "static_frames": [5], "static_frames_count": 1}