{"camera_movement_sequences": [], "foi_count_frames": 5995, "foi_count_seconds": 99.91666666666667, "foi_pct": 0.05544713792880199, "foi_sequences": [[5320, 5345], [6365, 6400], [6510, 6580], [6650, 6665], [21270, 21280], [21690, 21700], [21795, 22265], [22770, 22780], [22865, 22890], [23925, 23960], [26935, 27285], [27355, 27380], [49650, 49660], [74415, 74550], [74730, 75400], [78790, 78840], [92410, 92420], [101430, 101510], [101930, 102780], [102860, 102975], [103110, 103230], [103650, 103660], [103780, 104115], [104270, 104310], [104430, 104500], [104705, 105195], [105425, 105530], [105690, 105750], [105905, 106610], [106755, 106925], [107225, 108115]], "representative_frames": [5, 5320, 5345, 6365, 6400, 6510, 6580, 6650, 6665, 21270, 21280, 21690, 21700, 21795, 22265, 22770, 22780, 22865, 22890, 23925, 23960, 26935, 27285, 27355, 27380, 49650, 49660, 74415, 74550, 74730, 75400, 78790, 78840, 92410, 92420, 101430, 101510, 101930, 102780, 102860, 102975, 103110, 103230, 103650, 103660, 103780, 104115, 104270, 104310, 104430, 104500, 104705, 105195, 105425, 105530, 105690, 105750, 105905, 106610, 106755, 106925, 107225, 108115], "representative_frames_count": 63, "static_frames": [5], "static_frames_count": 1}