{"camera_movement_sequences": [], "foi_count_frames": 220, "foi_count_seconds": 7.33333, "foi_pct": 0.00407, "foi_sequences": [[28675, 28715], [37665, 37675], [39165, 39180], [40820, 40835], [50615, 50630], [50700, 50735], [50930, 51020]], "representative_frames": [5, 28675, 28715, 37665, 37675, 39165, 39180, 40820, 40835, 50615, 50630, 50700, 50735, 50930, 51020], "representative_frames_count": 15, "static_frames": [5], "static_frames_count": 1}