{"camera_movement_sequences": [], "foi_count_frames": 625, "foi_count_seconds": 20.83333, "foi_pct": 0.01156, "foi_sequences": [[425, 455], [13395, 13480], [13605, 13610], [13660, 13675], [16630, 16640], [17700, 17705], [22500, 22530], [22585, 22605], [22650, 22665], [50405, 50445], [50485, 50640], [50685, 50845], [52425, 52480]], "representative_frames": [5, 425, 455, 13395, 13480, 13605, 13610, 13660, 13675, 16630, 16640, 17700, 17705, 22500, 22530, 22585, 22605, 22650, 22665, 50405, 50445, 50485, 50640, 50685, 50845, 52425, 52480], "representative_frames_count": 27, "static_frames": [5], "static_frames_count": 1}