{"camera_movement_sequences": [], "foi_count_frames": 1045, "foi_count_seconds": 17.416666666666668, "foi_pct": 0.009659736922380086, "foi_sequences": [[1450, 1580], [14970, 15180], [15295, 15355], [21285, 21330], [26000, 26025], [26145, 26290], [31575, 31590], [47650, 47670], [88650, 88665], [88810, 88930], [103990, 104025], [104110, 104275], [104350, 104410]], "representative_frames": [5, 1450, 1580, 14970, 15180, 15295, 15355, 21285, 21330, 26000, 26025, 26145, 26290, 31575, 31590, 47650, 47670, 64450, 88650, 88665, 88810, 88930, 103990, 104025, 104110, 104275, 104350, 104410], "representative_frames_count": 28, "static_frames": [5, 64450], "static_frames_count": 2}