{"camera_movement_sequences": [], "foi_count_frames": 2060, "foi_count_seconds": 34.333333333333336, "foi_pct": 0.01905272796219051, "foi_sequences": [[5, 15], [300, 710], [925, 935], [1080, 1225], [1320, 1570], [3255, 3300], [3770, 3805], [10755, 11520], [11620, 11750], [11835, 12085], [59295, 59305]], "representative_frames": [5, 15, 300, 710, 925, 935, 1080, 1225, 1320, 1570, 3255, 3300, 3770, 3805, 10755, 11520, 11620, 11750, 11835, 12085, 59295, 59305], "representative_frames_count": 22, "static_frames": [5], "static_frames_count": 1}