{"camera_movement_sequences": [], "foi_count_frames": 18715, "foi_count_seconds": 311.9166666666667, "foi_pct": 0.17309310864679386, "foi_sequences": [[4605, 4640], [22180, 22480], [22545, 23000], [24585, 25270], [25425, 28425], [29620, 30140], [30240, 30335], [30405, 30585], [49870, 50780], [53120, 54345], [54595, 54680], [54860, 55065], [55270, 56890], [58270, 59250], [59325, 59430], [59515, 60060], [67315, 67500], [67665, 67725], [67820, 69045], [69420, 69625], [70880, 70895], [70980, 70990], [78550, 79520], [80270, 80410], [80760, 80975], [81045, 81490], [81600, 81620], [93040, 93550], [93755, 93945], [94630, 94665], [94845, 94880], [95015, 95160], [95235, 95420], [101750, 102645], [102720, 102790], [102910, 103080], [103370, 103400], [103485, 103500], [103750, 105680], [105780, 105850]], "representative_frames": [5, 4605, 4640, 22180, 22480, 22545, 23000, 24585, 25270, 25425, 28425, 29620, 30140, 30240, 30335, 30405, 30585, 49870, 50780, 53120, 54345, 54595, 54680, 54860, 55065, 55270, 56890, 58270, 59250, 59325, 59430, 59515, 60060, 67315, 67500, 67665, 67725, 67820, 69045, 69420, 69625, 70880, 70895, 70980, 70990, 78550, 79520, 80270, 80410, 80760, 80975, 81045, 81490, 81600, 81620, 93040, 93550, 93755, 93945, 94630, 94665, 94845, 94880, 95015, 95160, 95235, 95420, 101750, 102645, 102720, 102790, 102910, 103080, 103370, 103400, 103485, 103500, 103750, 105680, 105780, 105850], "representative_frames_count": 81, "static_frames": [5], "static_frames_count": 1}