{"camera_movement_sequences": [[49890, 49895]], "foi_count_frames": 30520, "foi_count_seconds": 508.6666666666667, "foi_pct": 0.2822763385466283, "foi_sequences": [[1440, 1775], [1860, 1910], [2390, 2435], [2545, 2735], [2940, 3155], [3875, 4140], [5400, 5460], [5535, 5740], [11955, 12110], [12175, 12230], [14415, 14450], [15325, 15340], [15880, 16380], [16575, 16585], [16800, 16825], [17450, 17460], [18015, 18950], [19035, 19230], [21375, 21565], [21750, 21795], [21985, 22215], [22730, 23010], [23270, 23355], [23460, 23520], [24040, 25185], [27435, 27770], [27975, 28200], [28430, 29450], [29690, 31585], [32175, 32430], [32655, 32820], [33020, 34275], [34515, 35140], [35210, 35295], [35800, 35810], [35935, 36820], [36950, 36975], [37190, 37250], [37730, 38665], [39015, 39480], [39545, 44570], [44715, 44810], [44880, 45050], [45590, 45630], [47450, 47930], [48110, 48530], [48855, 48915], [49060, 49065], [57335, 57590], [58155, 58190], [63985, 64115], [64345, 64350], [71400, 71725], [73415, 73515], [74150, 74675], [76165, 76175], [77700, 78075], [78145, 78205], [78295, 78575], [79215, 79550], [80125, 80235], [90755, 91035], [91715, 91850], [91960, 94525], [95380, 96860], [97130, 97360], [101030, 101040], [104330, 104425], [104620, 107690], [107775, 107980], [108075, 108110]], "representative_frames": [5, 1440, 1775, 1860, 1910, 2390, 2435, 2545, 2735, 2940, 3155, 3875, 4140, 5400, 5460, 5535, 5740, 11955, 12110, 12175, 12230, 14415, 14450, 15325, 15340, 15880, 16380, 16575, 16585, 16800, 16825, 17450, 17460, 18015, 18950, 19035, 19230, 21375, 21565, 21750, 21795, 21985, 22215, 22730, 23010, 23270, 23355, 23460, 23520, 24040, 25185, 27435, 27770, 27975, 28200, 28430, 29450, 29690, 31585, 32175, 32430, 32655, 32820, 33020, 34275, 34515, 35140, 35210, 35295, 35800, 35810, 35935, 36820, 36950, 36975, 37190, 37250, 37730, 38665, 39015, 39480, 39545, 44570, 44715, 44810, 44880, 45050, 45590, 45630, 47450, 47930, 48110, 48530, 48855, 48915, 49060, 49065, 57335, 57590, 58155, 58190, 63985, 64115, 64345, 64350, 71400, 71725, 73415, 73515, 74150, 74675, 76165, 76175, 77700, 78075, 78145, 78205, 78295, 78575, 79215, 79550, 80125, 80235, 80775, 90755, 91035, 91715, 91850, 91960, 94525, 95380, 96630, 96720, 96755, 96775, 96795, 96860, 97070, 97105, 97130, 97220, 97360, 97520, 97845, 101030, 101040, 104330, 104425, 104620, 107690, 107775, 107980, 108075, 108110], "representative_frames_count": 154, "static_frames": [5, 80775, 96630, 96720, 96755, 96775, 96795, 97070, 97105, 97220, 97520, 97845], "static_frames_count": 12}