{"camera_movement_sequences": [], "foi_count_frames": 4220, "foi_count_seconds": 140.66667, "foi_pct": 0.07806, "foi_sequences": [[155, 600], [660, 1445], [5210, 5675], [5720, 5765], [5975, 6010], [6130, 6305], [41920, 42245], [42290, 42355], [42455, 42515], [42555, 42665], [43455, 43485], [43520, 43865], [44165, 44355], [46340, 46435], [46470, 46535], [46575, 46855], [48980, 49275], [49365, 49430], [49465, 49565], [53735, 53850], [53890, 53955], [53995, 54060]], "representative_frames": [5, 155, 600, 660, 1445, 5210, 5675, 5720, 5765, 5975, 6010, 6130, 6305, 41920, 42245, 42290, 42355, 42455, 42515, 42555, 42665, 43455, 43485, 43520, 43865, 44165, 44355, 46340, 46435, 46470, 46535, 46575, 46855, 48980, 49275, 49365, 49430, 49465, 49565, 53735, 53850, 53890, 53955, 53995, 54060], "representative_frames_count": 45, "static_frames": [5], "static_frames_count": 1}