{"camera_movement_sequences": [], "foi_count_frames": 7360, "foi_count_seconds": 245.33333, "foi_pct": 0.13614, "foi_sequences": [[5, 630], [2740, 2835], [2875, 2935], [2975, 3240], [6195, 6395], [6530, 6620], [6665, 6790], [16165, 16295], [16395, 16925], [17045, 17120], [17175, 17290], [37385, 38025], [38285, 38305], [38370, 38425], [38510, 39295], [39330, 39385], [41230, 41455], [42895, 42990], [43025, 43085], [43125, 43425], [44180, 44375], [44465, 44495], [44540, 44595], [44785, 44795], [44880, 45040], [45165, 45325], [45465, 45785], [46350, 47050], [47085, 47170], [48295, 48410], [48445, 48470], [48600, 49290], [49545, 49605], [49880, 49915], [49955, 49985], [50050, 50195]], "representative_frames": [5, 630, 2740, 2835, 2875, 2935, 2975, 3240, 6195, 6395, 6530, 6620, 6665, 6790, 16165, 16295, 16395, 16925, 17045, 17120, 17175, 17290, 37385, 38025, 38285, 38305, 38370, 38425, 38510, 39295, 39330, 39385, 41230, 41455, 42895, 42990, 43025, 43085, 43125, 43425, 44180, 44375, 44465, 44495, 44540, 44595, 44785, 44795, 44880, 45040, 45165, 45325, 45465, 45785, 46350, 47050, 47085, 47170, 48295, 48410, 48445, 48470, 48600, 49290, 49545, 49605, 49880, 49915, 49955, 49985, 50050, 50195], "representative_frames_count": 72, "static_frames": [5], "static_frames_count": 1}