{"camera_movement_sequences": [[11560, 11570], [11695, 11715]], "foi_count_frames": 11500, "foi_count_seconds": 383.33333, "foi_pct": 0.21272, "foi_sequences": [[5, 2320], [2355, 4375], [4415, 4420], [4475, 4585], [4625, 11645], [11680, 11710]], "representative_frames": [5, 2320, 2355, 4375, 4415, 4420, 4475, 4585, 4625, 10890, 10915, 11065, 11115, 11315, 11370, 11575, 11635, 11645, 11680, 11710], "representative_frames_count": 20, "static_frames": [5, 10890, 10915, 11065, 11115, 11315, 11370, 11575, 11635, 11680], "static_frames_count": 10}