{"camera_movement_sequences": [], "foi_count_frames": 1985, "foi_count_seconds": 66.16667, "foi_pct": 0.03672, "foi_sequences": [[5375, 5495], [5610, 5620], [5660, 5745], [6440, 6475], [11220, 11240], [11525, 11555], [13145, 13235], [13295, 13340], [14725, 14735], [16740, 16815], [16850, 16945], [17375, 17395], [17750, 17755], [21350, 21455], [21990, 22010], [22605, 22625], [23315, 23330], [28290, 28380], [28415, 28550], [33080, 33085], [34365, 34395], [38835, 38870], [44590, 44595], [44715, 44805], [44855, 44980], [45565, 45580], [47635, 47675], [47760, 47775], [48225, 48275], [49885, 50390], [50925, 50945], [51055, 51080]], "representative_frames": [5, 5375, 5495, 5610, 5620, 5660, 5745, 6440, 6475, 11220, 11240, 11525, 11555, 13145, 13235, 13295, 13340, 14725, 14735, 16740, 16815, 16850, 16945, 17375, 17395, 17750, 17755, 21350, 21455, 21990, 22010, 22605, 22625, 23315, 23330, 28290, 28380, 28415, 28550, 33080, 33085, 34365, 34395, 38835, 38870, 44590, 44595, 44715, 44805, 44855, 44980, 45565, 45580, 47635, 47675, 47760, 47775, 48225, 48275, 49885, 50390, 50925, 50945, 51055, 51080], "representative_frames_count": 65, "static_frames": [5], "static_frames_count": 1}