{"camera_movement_sequences": [], "foi_count_frames": 5365, "foi_count_seconds": 178.83333, "foi_pct": 0.09929, "foi_sequences": [[325, 420], [455, 830], [2065, 2395], [2445, 2505], [2545, 2660], [3075, 3180], [3215, 3285], [3330, 3615], [4590, 5125], [13505, 14690], [15060, 15130], [15760, 16000], [16755, 16775], [19455, 19495], [25580, 25745], [25780, 26020], [33095, 33260], [33300, 33555], [35545, 35580], [35635, 35660], [44180, 44360], [44400, 44665], [49045, 49230], [49265, 49590]], "representative_frames": [5, 325, 420, 455, 830, 2065, 2395, 2445, 2505, 2545, 2660, 3075, 3180, 3215, 3285, 3330, 3615, 4590, 5125, 13505, 14690, 15060, 15130, 15760, 16000, 16755, 16775, 19455, 19495, 25580, 25745, 25780, 26020, 33095, 33260, 33300, 33555, 35545, 35580, 35635, 35660, 44180, 44360, 44400, 44665, 49045, 49230, 49265, 49590], "representative_frames_count": 49, "static_frames": [5], "static_frames_count": 1}