{"camera_movement_sequences": [], "foi_count_frames": 3425, "foi_count_seconds": 57.083333333333336, "foi_pct": 0.03167747246140898, "foi_sequences": [[5, 290], [360, 545], [6815, 7440], [7515, 7620], [7860, 8075], [16095, 16275], [16365, 16480], [16565, 17255], [20690, 21435], [21535, 21635], [21700, 21880]], "representative_frames": [5, 290, 360, 545, 6815, 7440, 7515, 7620, 7860, 8075, 16095, 16275, 16365, 16480, 16565, 17255, 20690, 21435, 21535, 21635, 21700, 21880], "representative_frames_count": 22, "static_frames": [5], "static_frames_count": 1}