{"camera_movement_sequences": [], "foi_count_frames": 1940, "foi_count_seconds": 32.333333333333336, "foi_pct": 0.017942860313907568, "foi_sequences": [[2930, 3015], [3170, 3255], [9690, 10230], [13445, 13670], [14150, 14525], [15545, 15555], [16350, 16385], [20010, 20020], [21915, 22005], [23235, 23345], [35980, 36020], [36090, 36100], [76025, 76190], [97095, 97180], [97420, 97470], [100420, 100445]], "representative_frames": [5, 2930, 3015, 3170, 3255, 9690, 10230, 13445, 13670, 14150, 14525, 15545, 15555, 16350, 16385, 20010, 20020, 21915, 22005, 23235, 23345, 35980, 36020, 36090, 36100, 76025, 76190, 97095, 97180, 97420, 97470, 100420, 100445], "representative_frames_count": 33, "static_frames": [5], "static_frames_count": 1}