{"camera_movement_sequences": [], "foi_count_frames": 2230, "foi_count_seconds": 74.33333, "foi_pct": 0.04125, "foi_sequences": [[6185, 6285], [6325, 6380], [6420, 6700], [8660, 9110], [16135, 16160], [16195, 16265], [16390, 16400], [16495, 16555], [16595, 16930], [21185, 21360], [21405, 21665], [23965, 24230], [24270, 24325], [24360, 24450]], "representative_frames": [5, 6185, 6285, 6325, 6380, 6420, 6700, 8660, 9110, 16135, 16160, 16195, 16265, 16390, 16400, 16495, 16555, 16595, 16930, 21185, 21360, 21405, 21665, 23965, 24230, 24270, 24325, 24360, 24450], "representative_frames_count": 29, "static_frames": [5], "static_frames_count": 1}