{"camera_movement_sequences": [], "foi_count_frames": 16330, "foi_count_seconds": 272.1666666666667, "foi_pct": 0.15103448913717038, "foi_sequences": [[21360, 22440], [22550, 22715], [23630, 25480], [34605, 34790], [34875, 35115], [35320, 35725], [35870, 35965], [36290, 36360], [36540, 36780], [37045, 37730], [37800, 37830], [37900, 37950], [38580, 38595], [38690, 38750], [38905, 39135], [61695, 62340], [62415, 62535], [62775, 62955], [65460, 65865], [70095, 70900], [71055, 71570], [74165, 74780], [75205, 75795], [76395, 76500], [76585, 76790], [76860, 77930], [78025, 78410], [79070, 79310], [81570, 81760], [81840, 81950], [82045, 82050], [82120, 82370], [84805, 85470], [87075, 87585], [97470, 97790], [97900, 98190], [98570, 98595], [98730, 98870], [99420, 99725], [101100, 102145], [103320, 103325], [103585, 103620], [103875, 104630], [104750, 105150]], "representative_frames": [5, 21360, 22440, 22550, 22715, 23630, 25480, 34605, 34790, 34875, 35115, 35320, 35725, 35870, 35965, 36290, 36360, 36540, 36780, 37045, 37730, 37800, 37830, 37900, 37950, 38580, 38595, 38690, 38750, 38905, 39135, 61695, 62340, 62415, 62535, 62775, 62955, 65460, 65865, 70095, 70900, 71055, 71570, 74165, 74780, 75205, 75795, 76395, 76500, 76585, 76790, 76860, 77930, 78025, 78410, 79070, 79310, 81570, 81760, 81840, 81950, 82045, 82050, 82120, 82370, 84805, 85470, 87075, 87585, 97470, 97790, 97900, 98190, 98570, 98595, 98730, 98870, 99420, 99725, 101100, 102145, 103320, 103325, 103585, 103620, 103875, 104630, 104750, 105150], "representative_frames_count": 89, "static_frames": [5], "static_frames_count": 1}