{"camera_movement_sequences": [], "foi_count_frames": 260, "foi_count_seconds": 8.66667, "foi_pct": 0.00481, "foi_sequences": [[18905, 18940], [19020, 19075], [19945, 19995], [20245, 20255], [21255, 21345], [21550, 21555], [30540, 30545], [39295, 39300], [42070, 42075]], "representative_frames": [5, 18905, 18940, 19020, 19075, 19945, 19995, 20245, 20255, 21255, 21345, 21550, 21555, 30540, 30545, 39295, 39300, 42070, 42075], "representative_frames_count": 19, "static_frames": [5], "static_frames_count": 1}