{"camera_movement_sequences": [], "foi_count_frames": 2360, "foi_count_seconds": 78.66667, "foi_pct": 0.04365, "foi_sequences": [[3355, 3380], [4490, 4530], [4610, 4760], [4960, 5020], [5080, 5175], [5210, 5225], [5300, 5350], [5400, 5410], [5445, 5635], [5910, 5940], [6035, 6045], [11650, 11725], [15440, 15455], [21065, 21085], [21270, 21410], [22250, 22275], [22430, 22445], [24320, 24350], [31750, 31975], [32035, 32080], [32120, 32125], [34050, 34090], [34130, 34145], [36175, 36285], [36580, 36690], [36725, 36735], [36940, 36945], [37020, 37070], [37165, 37345], [37380, 37550], [38675, 38695], [40860, 40880], [40920, 40955], [43815, 43835], [44635, 44710], [48080, 48140], [50025, 50090], [50420, 50445], [52060, 52080], [52475, 52500], [52545, 52555], [53810, 53835]], "representative_frames": [5, 3355, 3380, 4490, 4530, 4610, 4760, 4960, 5020, 5080, 5175, 5210, 5225, 5300, 5350, 5400, 5410, 5445, 5635, 5910, 5940, 6035, 6045, 11650, 11725, 15440, 15455, 21065, 21085, 21270, 21410, 22250, 22275, 22430, 22445, 24320, 24350, 31750, 31975, 32035, 32080, 32120, 32125, 34050, 34090, 34130, 34145, 36175, 36285, 36580, 36690, 36725, 36735, 36940, 36945, 37020, 37070, 37165, 37345, 37380, 37550, 38675, 38695, 40860, 40880, 40920, 40955, 43815, 43835, 44635, 44710, 48080, 48140, 50025, 50090, 50420, 50445, 52060, 52080, 52475, 52500, 52545, 52555, 53810, 53835], "representative_frames_count": 85, "static_frames": [5], "static_frames_count": 1}