{"camera_movement_sequences": [[49735, 49740], [50345, 50350], [51055, 51060], [54310, 54315]], "foi_count_frames": 25, "foi_count_seconds": 0.4166666666666667, "foi_pct": 0.00023122242672561296, "foi_sequences": [[52045, 52050], [52405, 52415], [66230, 66240]], "representative_frames": [5, 52045, 52050, 52405, 52415, 66230, 66240], "representative_frames_count": 7, "static_frames": [5], "static_frames_count": 1}