{"camera_movement_sequences": [], "foi_count_frames": 1190, "foi_count_seconds": 39.66667, "foi_pct": 0.02201, "foi_sequences": [[2175, 2220], [2880, 3335], [3375, 3435], [3470, 3565], [3915, 3925], [12845, 12945], [12985, 13045], [13085, 13375], [19265, 19305], [20130, 20160], [35575, 35580]], "representative_frames": [5, 2175, 2220, 2880, 3335, 3375, 3435, 3470, 3565, 3915, 3925, 12845, 12945, 12985, 13045, 13085, 13375, 19265, 19305, 20130, 20160, 35575, 35580], "representative_frames_count": 23, "static_frames": [5], "static_frames_count": 1}