{"camera_movement_sequences": [], "foi_count_frames": 1195, "foi_count_seconds": 19.916666666666668, "foi_pct": 0.0110524319974843, "foi_sequences": [[3425, 3435], [3545, 3580], [5620, 5800], [6185, 6210], [13865, 13985], [15375, 15460], [30030, 30040], [31230, 31240], [37445, 37490], [46300, 46480], [46565, 46590], [46900, 46935], [57390, 57435], [57845, 57915], [58950, 59045], [82685, 82695], [87870, 87990], [92800, 92825], [99990, 100010], [100085, 100120], [107910, 107925]], "representative_frames": [5, 3425, 3435, 3545, 3580, 5620, 5800, 6185, 6210, 13865, 13985, 15375, 15460, 30030, 30040, 31230, 31240, 37445, 37490, 46300, 46480, 46565, 46590, 46900, 46935, 57390, 57435, 57845, 57915, 58950, 59045, 82685, 82695, 87870, 87990, 92800, 92825, 99990, 100010, 100085, 100120, 107910, 107925], "representative_frames_count": 43, "static_frames": [5], "static_frames_count": 1}