{"camera_movement_sequences": [], "foi_count_frames": 1820, "foi_count_seconds": 60.66667, "foi_pct": 0.03367, "foi_sequences": [[5, 275], [3410, 3840], [3935, 4040], [8045, 8140], [8185, 8245], [8285, 8630], [10350, 10720], [10765, 10820], [10855, 10945]], "representative_frames": [5, 275, 3410, 3840, 3935, 4040, 8045, 8140, 8185, 8245, 8285, 8630, 10350, 10720, 10765, 10820, 10855, 10945], "representative_frames_count": 18, "static_frames": [5], "static_frames_count": 1}