{"camera_movement_sequences": [], "foi_count_frames": 2360, "foi_count_seconds": 78.66667, "foi_pct": 0.04365, "foi_sequences": [[10925, 11270], [11320, 11385], [11435, 11555], [23265, 23380], [23415, 23480], [23530, 23830], [31740, 31770], [47175, 47190], [47230, 47240], [48100, 48110], [49185, 49295], [49345, 49425], [49490, 50585]], "representative_frames": [5, 10925, 11270, 11320, 11385, 11435, 11555, 23265, 23380, 23415, 23480, 23530, 23830, 31740, 31770, 47175, 47190, 47230, 47240, 48100, 48110, 49185, 49295, 49345, 49425, 49490, 50585], "representative_frames_count": 27, "static_frames": [5], "static_frames_count": 1}